pedido_id,n_eventos,n_estados_distintos,fecha_primer_evento,fecha_ultimo_evento,horas_totales_proceso,n_incidencias,centro_logistico,ciudad_destino,transportadora,numero_guia,costo_envio,fecha_prometida_entrega,estado_final,fecha_entrega,entregado,entrega_a_tiempo,dias_hasta_entrega,pedido_completo
PED000001,10,10,2026-01-18 22:06:15,2026-01-20 14:18:58,40.2,0,CEDI Bogotá,Bogotá D.C.,TCC,KMS20283624,8900,2026-01-20 14:06:15,Entregado,2026-01-20 14:18:58,True,0.0,1.6754976851851853,True
PED000002,10,10,2026-04-25 21:07:01,2026-04-27 11:00:48,37.89,0,CEDI Cali,Cali,Envia,KMS11084230,8900,2026-04-27 21:07:01,Entregado,2026-04-27 11:00:48,True,1.0,1.5790162037037037,True
PED000003,10,10,2026-03-28 02:39:43,2026-03-29 22:55:26,44.26,0,CEDI Medellín,Medellín,Inter Rapidísimo,KMS39135059,13900,2026-03-30 00:39:43,Entregado,2026-03-29 22:55:26,True,1.0,1.8442476851851852,True
PED000004,10,10,2026-04-30 12:35:40,2026-05-03 08:20:40,67.75,0,CEDI Medellín,Medellín,Envia,KMS32561389,13900,2026-05-02 10:35:40,Entregado,2026-05-03 08:20:40,True,0.0,2.8229166666666665,True
PED000005,10,10,2026-04-04 00:18:12,2026-04-05 08:43:56,32.43,0,CEDI Bogotá,Bogotá D.C.,Coordinadora,KMS90585430,8900,2026-04-05 16:18:12,Entregado,2026-04-05 08:43:56,True,1.0,1.3512037037037037,True
PED000006,10,10,2026-06-19 06:45:49,2026-06-21 05:02:10,46.28,0,CEDI Cali,Cali,Inter Rapidísimo,KMS41193809,9900,2026-06-21 06:45:49,Entregado,2026-06-21 05:02:10,True,1.0,1.9280208333333333,True
PED000007,10,10,2026-04-15 21:33:59,2026-04-17 20:38:59,47.08,0,CEDI Medellín,Medellín,Servientrega,KMS40415294,8900,2026-04-17 19:33:59,Entregado,2026-04-17 20:38:59,True,0.0,1.9618055555555556,True
PED000008,10,10,2026-05-12 12:53:11,2026-05-14 09:45:54,44.89,0,CEDI Barranquilla,Barranquilla,Servientrega,KMS51571985,18900,2026-05-14 22:53:11,Entregado,2026-05-14 09:45:54,True,1.0,1.8699421296296297,True
PED000009,10,10,2026-02-08 17:21:51,2026-02-10 17:41:58,48.33,0,CEDI Bogotá,Bogotá D.C.,Coordinadora,KMS76729793,18900,2026-02-10 09:21:51,Entregado,2026-02-10 17:41:58,True,0.0,2.0139699074074073,True
PED000010,10,10,2026-02-08 14:59:54,2026-02-10 05:26:02,38.42,0,CEDI Cali,Cali,Envia,KMS88384618,18900,2026-02-10 14:59:54,Entregado,2026-02-10 05:26:02,True,1.0,1.6014814814814815,True
PED000011,10,10,2026-04-02 13:18:24,2026-04-03 09:45:55,20.44,0,CEDI Cali,Cali,Envia,KMS74630601,13900,2026-04-04 06:18:24,Entregado,2026-04-03 09:45:55,True,1.0,0.8524421296296296,True
PED000012,10,10,2026-04-12 10:07:42,2026-04-13 12:41:14,26.560000000000002,0,CEDI Cali,Cali,Inter Rapidísimo,KMS58222211,8900,2026-04-14 10:07:42,Entregado,2026-04-13 12:41:14,True,1.0,1.1066203703703703,True
PED000013,10,10,2026-06-08 18:02:06,2026-06-10 07:04:58,37.03,0,CEDI Cali,Cali,Inter Rapidísimo,KMS24227656,8900,2026-06-10 18:02:06,Entregado,2026-06-10 07:04:58,True,1.0,1.5436574074074074,True
PED000014,10,10,2026-01-03 21:28:34,2026-01-05 02:36:30,29.15,0,CEDI Medellín,Medellín,Envia,KMS42788759,9790,2026-01-05 19:28:34,Entregado,2026-01-05 02:36:30,True,1.0,1.2138425925925926,True
PED000015,10,10,2026-04-07 01:03:56,2026-04-08 07:57:50,30.89,0,CEDI Bogotá,Bogotá D.C.,Inter Rapidísimo,KMS76964432,11900,2026-04-08 17:03:56,Entregado,2026-04-08 07:57:50,True,1.0,1.2874305555555556,True
PED000016,10,10,2026-03-15 05:12:12,2026-03-16 22:13:42,41.03,0,CEDI Bucaramanga,Bucaramanga,TCC,KMS68743244,13900,2026-03-17 09:12:12,Entregado,2026-03-16 22:13:42,True,1.0,1.709375,True
PED000017,10,10,2026-04-08 12:41:47,2026-04-09 20:01:45,31.32,0,CEDI Bucaramanga,Bucaramanga,Servientrega,KMS29658544,9900,2026-04-10 16:41:47,Entregado,2026-04-09 20:01:45,True,1.0,1.3055324074074075,True
PED000018,10,10,2026-04-12 18:17:15,2026-04-14 06:59:08,36.69,1,CEDI Bucaramanga,Bucaramanga,Inter Rapidísimo,KMS27336244,17490,2026-04-14 22:17:15,Entregado,2026-04-14 06:59:08,True,1.0,1.529085648148148,True
PED000019,10,10,2026-02-26 23:08:38,2026-03-01 02:05:24,50.94,1,CEDI Bogotá,Bogotá D.C.,Envia,KMS70097479,13900,2026-02-28 08:08:38,Entregado,2026-03-01 02:05:24,True,0.0,2.12275462962963,True
PED000020,10,10,2026-02-07 19:26:46,2026-02-08 21:23:51,25.96,0,CEDI Bogotá,Bogotá D.C.,TCC,KMS46254024,13900,2026-02-09 11:26:46,Entregado,2026-02-08 21:23:51,True,1.0,1.0813078703703705,True
PED000021,10,10,2026-03-21 02:15:48,2026-03-23 11:47:28,57.519999999999996,0,CEDI Cali,Cali,Inter Rapidísimo,KMS76435889,18900,2026-03-23 02:15:48,Entregado,2026-03-23 11:47:28,True,0.0,2.396990740740741,True
PED000022,10,10,2026-01-28 00:46:44,2026-01-29 13:12:47,36.43,0,CEDI Medellín,Medellín,Envia,KMS10825694,11900,2026-01-29 22:46:44,Entregado,2026-01-29 13:12:47,True,1.0,1.5180902777777778,True
PED000023,10,10,2026-02-13 00:09:45,2026-02-14 18:46:01,42.61,0,CEDI Bogotá,Bogotá D.C.,Envia,KMS83671068,17490,2026-02-14 16:09:45,Entregado,2026-02-14 18:46:01,True,0.0,1.7751851851851852,True
PED000024,10,10,2026-04-02 18:18:14,2026-04-04 02:59:36,32.69,1,CEDI Cali,Cali,Servientrega,KMS53685828,15290,2026-04-04 11:18:14,Entregado,2026-04-04 02:59:36,True,1.0,1.3620601851851852,True
PED000025,10,10,2026-03-18 23:34:38,2026-03-20 14:06:09,38.519999999999996,0,CEDI Bucaramanga,Bucaramanga,Servientrega,KMS23336574,18900,2026-03-20 20:34:38,Entregado,2026-03-20 14:06:09,True,1.0,1.6052199074074074,True
PED000026,10,10,2026-06-23 23:00:02,2026-06-26 11:34:58,60.58,0,CEDI Cali,Cali,TCC,KMS52583734,9790,2026-06-25 23:00:02,Entregado,2026-06-26 11:34:58,True,0.0,2.524259259259259,True
PED000027,10,10,2026-03-23 12:51:19,2026-03-24 17:01:26,28.15,0,CEDI Cali,Cali,Inter Rapidísimo,KMS71370386,11900,2026-03-25 12:51:19,Entregado,2026-03-24 17:01:26,True,1.0,1.1736921296296297,True
PED000028,10,10,2026-02-08 21:52:03,2026-02-10 13:03:43,39.19,0,CEDI Barranquilla,Barranquilla,Inter Rapidísimo,KMS70359904,18900,2026-02-11 00:52:03,Entregado,2026-02-10 13:03:43,True,1.0,1.6331018518518519,True
PED000029,10,10,2026-01-18 23:52:19,2026-01-20 10:43:11,34.839999999999996,0,CEDI Bogotá,Bogotá D.C.,TCC,KMS52768555,9790,2026-01-20 15:52:19,Entregado,2026-01-20 10:43:11,True,1.0,1.4519907407407406,True
PED000030,10,10,2026-04-19 02:38:52,2026-04-21 04:11:45,49.54,0,CEDI Barranquilla,Barranquilla,Servientrega,KMS82657616,15900,2026-04-21 05:38:52,Entregado,2026-04-21 04:11:45,True,1.0,2.0645023148148147,True
PED000031,10,10,2026-05-19 00:00:32,2026-05-21 08:56:15,56.93,0,CEDI Cali,Cali,Coordinadora,KMS89299753,15900,2026-05-21 00:00:32,Entregado,2026-05-21 08:56:15,True,0.0,2.372025462962963,True
PED000032,10,10,2026-03-03 04:19:15,2026-03-05 06:54:08,50.59,0,CEDI Barranquilla,Barranquilla,Inter Rapidísimo,KMS29921811,13090,2026-03-05 14:19:15,Entregado,2026-03-05 06:54:08,True,1.0,2.1075578703703703,True
PED000033,10,10,2026-06-11 15:36:41,2026-06-12 17:02:44,25.44,0,CEDI Bogotá,Bogotá D.C.,Coordinadora,KMS35376384,13900,2026-06-13 07:36:41,Entregado,2026-06-12 17:02:44,True,1.0,1.0597569444444443,True
PED000034,10,10,2026-03-14 21:41:22,2026-03-16 08:18:05,34.61,0,CEDI Barranquilla,Barranquilla,Envia,KMS87819088,13900,2026-03-17 07:41:22,Entregado,2026-03-16 08:18:05,True,1.0,1.4421643518518519,True
PED000035,10,10,2026-06-17 22:53:54,2026-06-18 20:09:48,21.27,0,CEDI Bogotá,Bogotá D.C.,TCC,KMS28022666,9900,2026-06-19 14:53:54,Entregado,2026-06-18 20:09:48,True,1.0,0.8860416666666666,True
PED000036,10,10,2026-02-12 12:37:16,2026-02-14 20:07:25,55.5,0,CEDI Bucaramanga,Bucaramanga,Envia,KMS41061630,18900,2026-02-14 09:37:16,Entregado,2026-02-14 20:07:25,True,0.0,2.3126041666666666,True
PED000037,10,10,2026-01-08 20:21:07,2026-01-10 17:57:35,45.61,0,CEDI Pereira,Pereira,Inter Rapidísimo,KMS37087031,18900,2026-01-10 22:21:07,Entregado,2026-01-10 17:57:35,True,1.0,1.900324074074074,True
PED000038,10,10,2026-06-21 23:21:00,2026-06-22 14:33:31,15.21,0,CEDI Bogotá,Bogotá D.C.,Envia,KMS44927103,20790,2026-06-23 08:21:00,Entregado,2026-06-22 14:33:31,True,1.0,0.6336921296296296,True
PED000039,10,10,2026-04-16 09:11:04,2026-04-17 20:30:14,35.33,0,CEDI Cali,Cali,Servientrega,KMS71103899,18900,2026-04-18 09:11:04,Entregado,2026-04-17 20:30:14,True,1.0,1.4716435185185186,True
PED000040,10,10,2026-03-13 17:36:04,2026-03-15 08:36:13,39.0,0,CEDI Bogotá,Bogotá D.C.,Envia,KMS35292382,9900,2026-03-15 09:36:04,Entregado,2026-03-15 08:36:13,True,1.0,1.6251041666666666,True
PED000041,10,10,2026-01-25 20:18:02,2026-01-27 10:31:59,38.23,0,CEDI Cali,Cali,Servientrega,KMS95214742,18900,2026-01-27 20:18:02,Entregado,2026-01-27 10:31:59,True,1.0,1.5930208333333333,True
PED000042,10,10,2026-04-05 03:49:24,2026-04-06 17:37:25,37.81,0,CEDI Cali,Cali,Coordinadora,KMS63584893,11900,2026-04-07 03:49:24,Entregado,2026-04-06 17:37:25,True,1.0,1.575011574074074,True
PED000043,10,10,2026-06-06 02:17:26,2026-06-07 08:51:58,30.58,0,CEDI Cali,Cali,Coordinadora,KMS99924507,8900,2026-06-08 02:17:26,Entregado,2026-06-07 08:51:58,True,1.0,1.2739814814814814,True
PED000044,10,10,2026-01-03 20:04:37,2026-01-05 11:55:10,39.82,0,CEDI Bogotá,Bogotá D.C.,Inter Rapidísimo,KMS95529325,15290,2026-01-05 12:04:37,Entregado,2026-01-05 11:55:10,True,1.0,1.6601041666666667,True
PED000045,10,10,2026-02-02 12:40:08,2026-02-03 18:50:39,30.18,0,CEDI Bogotá,Bogotá D.C.,Inter Rapidísimo,KMS20255269,15290,2026-02-04 04:40:08,Entregado,2026-02-03 18:50:39,True,1.0,1.2573032407407407,True
PED000046,10,10,2026-02-21 17:55:50,2026-02-23 22:46:49,52.87,0,CEDI Medellín,Medellín,Servientrega,KMS32902093,11900,2026-02-23 15:55:50,Entregado,2026-02-23 22:46:49,True,0.0,2.202071759259259,True
PED000047,10,10,2026-02-08 04:00:53,2026-02-11 04:45:32,72.74000000000001,0,CEDI Barranquilla,Barranquilla,Inter Rapidísimo,KMS44177055,11900,2026-02-10 07:00:53,Entregado,2026-02-11 04:45:32,True,0.0,3.0310069444444445,True
PED000048,10,10,2026-04-26 04:36:11,2026-04-27 09:11:20,28.58,0,CEDI Medellín,Medellín,TCC,KMS55846450,18900,2026-04-28 02:36:11,Entregado,2026-04-27 09:11:20,True,1.0,1.191076388888889,True
PED000049,10,10,2026-05-01 05:40:42,2026-05-03 20:06:27,62.42,0,CEDI Bogotá,Bogotá D.C.,Coordinadora,KMS35498134,9790,2026-05-02 14:40:42,Entregado,2026-05-03 20:06:27,True,0.0,2.601215277777778,True
PED000050,10,10,2026-06-12 18:02:54,2026-06-14 04:28:33,34.43,0,CEDI Medellín,Medellín,Servientrega,KMS36355316,18900,2026-06-14 16:02:54,Entregado,2026-06-14 04:28:33,True,1.0,1.4344791666666667,True
PED000051,10,10,2026-05-21 20:54:07,2026-05-23 12:30:20,39.61,0,CEDI Barranquilla,Barranquilla,Coordinadora,KMS89169043,15900,2026-05-24 06:54:07,Entregado,2026-05-23 12:30:20,True,1.0,1.6501504629629629,True
PED000052,10,10,2026-04-01 07:16:22,2026-04-03 00:07:51,40.85,1,CEDI Bucaramanga,Bucaramanga,Coordinadora,KMS74480662,15900,2026-04-03 11:16:22,Entregado,2026-04-03 00:07:51,True,1.0,1.7024189814814814,True
PED000053,10,10,2026-01-05 05:27:00,2026-01-06 16:01:22,34.57,0,CEDI Barranquilla,Barranquilla,Inter Rapidísimo,KMS52627966,9900,2026-01-07 08:27:00,Entregado,2026-01-06 16:01:22,True,1.0,1.4405324074074075,True
PED000054,10,10,2026-05-03 22:24:22,2026-05-05 04:00:44,29.6,0,CEDI Bogotá,Bogotá D.C.,Servientrega,KMS65000663,15290,2026-05-05 14:24:22,Entregado,2026-05-05 04:00:44,True,1.0,1.233587962962963,True
PED000055,10,10,2026-03-10 17:02:01,2026-03-11 19:45:08,26.71,0,CEDI Medellín,Medellín,Envia,KMS99244954,10890,2026-03-12 08:02:01,Entregado,2026-03-11 19:45:08,True,1.0,1.1132754629629629,True
PED000056,10,10,2026-06-12 06:13:35,2026-06-13 06:45:25,24.52,0,CEDI Bogotá,Bogotá D.C.,Envia,KMS60668984,13090,2026-06-13 22:13:35,Entregado,2026-06-13 06:45:25,True,1.0,1.0221064814814815,True
PED000057,10,10,2026-04-03 16:44:56,2026-04-05 07:39:52,38.9,0,CEDI Bogotá,Bogotá D.C.,Envia,KMS53935716,18900,2026-04-05 08:44:56,Entregado,2026-04-05 07:39:52,True,1.0,1.6214814814814815,True
PED000058,10,10,2026-02-20 11:07:41,2026-02-22 06:09:56,43.04,1,CEDI Barranquilla,Barranquilla,Inter Rapidísimo,KMS88138260,8900,2026-02-22 21:07:41,Entregado,2026-02-22 06:09:56,True,1.0,1.7932291666666667,True
PED000059,10,10,2026-01-18 12:19:10,2026-01-18 23:17:26,10.97,0,CEDI Bogotá,Bogotá D.C.,Coordinadora,KMS19756572,9900,2026-01-19 21:19:10,Entregado,2026-01-18 23:17:26,True,1.0,0.4571296296296296,True
PED000060,10,10,2026-03-14 03:46:12,2026-03-15 08:16:44,28.509999999999998,0,CEDI Bogotá,Bogotá D.C.,Envia,KMS71170580,15290,2026-03-15 19:46:12,Entregado,2026-03-15 08:16:44,True,1.0,1.1878703703703704,True
PED000061,10,10,2026-03-15 18:36:56,2026-03-16 14:16:57,19.65,0,CEDI Bogotá,Bogotá D.C.,Coordinadora,KMS68379727,15290,2026-03-17 10:36:56,Entregado,2026-03-16 14:16:57,True,1.0,0.8194560185185186,True
PED000062,10,10,2026-03-03 20:13:18,2026-03-05 03:33:20,31.330000000000002,0,CEDI Bogotá,Bogotá D.C.,Servientrega,KMS46307579,9900,2026-03-05 12:13:18,Entregado,2026-03-05 03:33:20,True,1.0,1.3055787037037037,True
PED000063,10,10,2026-05-18 02:05:39,2026-05-19 04:27:47,26.36,0,CEDI Bogotá,Bogotá D.C.,TCC,KMS10130814,15900,2026-05-19 11:05:39,Entregado,2026-05-19 04:27:47,True,1.0,1.0987037037037037,True
PED000064,10,10,2026-03-04 04:00:56,2026-03-05 21:34:54,41.57,0,CEDI Barranquilla,Barranquilla,Servientrega,KMS80553765,17490,2026-03-06 14:00:56,Entregado,2026-03-05 21:34:54,True,1.0,1.7319212962962962,True
PED000065,10,10,2026-04-05 00:46:02,2026-04-06 03:37:40,26.85,0,CEDI Bogotá,Bogotá D.C.,Servientrega,KMS66088156,11900,2026-04-06 16:46:02,Entregado,2026-04-06 03:37:40,True,1.0,1.1191898148148147,True
PED000066,10,10,2026-02-12 01:38:22,2026-02-12 23:45:11,22.13,0,CEDI Bogotá,Bogotá D.C.,Envia,KMS11951216,10890,2026-02-13 17:38:22,Entregado,2026-02-12 23:45:11,True,1.0,0.921400462962963,True
PED000067,10,10,2026-04-28 06:36:14,2026-04-30 08:34:31,49.97,0,CEDI Bucaramanga,Bucaramanga,Coordinadora,KMS65957795,15900,2026-04-30 10:36:14,Entregado,2026-04-30 08:34:31,True,1.0,2.0821412037037037,True
PED000068,10,10,2026-06-28 17:40:13,2026-06-30 01:26:14,31.76,0,CEDI Bogotá,Bogotá D.C.,Coordinadora,KMS95133573,13090,2026-06-30 09:40:13,Entregado,2026-06-30 01:26:14,True,1.0,1.323622685185185,True
PED000069,10,10,2026-05-22 11:55:13,2026-05-25 12:31:07,72.59,0,CEDI Medellín,Medellín,Envia,KMS34597536,15900,2026-05-24 09:55:13,Entregado,2026-05-25 12:31:07,True,0.0,3.0249305555555557,True
PED000070,10,10,2026-01-04 09:16:54,2026-01-05 10:58:52,25.69,0,CEDI Bogotá,Bogotá D.C.,Coordinadora,KMS61381429,13090,2026-01-06 01:16:54,Entregado,2026-01-05 10:58:52,True,1.0,1.0708101851851852,True
PED000071,10,10,2026-01-16 04:15:43,2026-01-17 01:27:29,21.19,0,CEDI Medellín,Medellín,Envia,KMS74819853,15900,2026-01-17 19:15:43,Entregado,2026-01-17 01:27:29,True,1.0,0.8831712962962963,True
PED000072,10,10,2026-03-07 12:18:52,2026-03-08 21:03:49,32.75,0,CEDI Bogotá,Bogotá D.C.,Servientrega,KMS49841830,8900,2026-03-09 04:18:52,Entregado,2026-03-08 21:03:49,True,1.0,1.3645486111111111,True
PED000073,10,10,2026-06-02 03:38:07,2026-06-04 12:23:57,56.75,0,CEDI Barranquilla,Barranquilla,Envia,KMS85499958,20790,2026-06-04 13:38:07,Entregado,2026-06-04 12:23:57,True,1.0,2.365162037037037,True
PED000074,10,10,2026-05-05 07:43:40,2026-05-07 00:40:01,40.93,0,CEDI Bogotá,Bogotá D.C.,Servientrega,KMS92230861,8900,2026-05-06 16:43:40,Entregado,2026-05-07 00:40:01,True,0.0,1.7057986111111112,True
PED000075,10,10,2026-02-26 19:38:31,2026-02-28 20:46:25,49.120000000000005,0,CEDI Barranquilla,Barranquilla,Envia,KMS82381152,9790,2026-03-01 05:38:31,Entregado,2026-02-28 20:46:25,True,1.0,2.047152777777778,True
PED000076,10,10,2026-02-26 06:07:35,2026-02-27 15:46:17,33.65,0,CEDI Bucaramanga,Bucaramanga,Envia,KMS27641487,18900,2026-02-28 10:07:35,Entregado,2026-02-27 15:46:17,True,1.0,1.401875,True
PED000077,10,10,2026-06-02 12:32:34,2026-06-03 15:06:18,26.560000000000002,0,CEDI Pereira,Pereira,Servientrega,KMS75390999,18900,2026-06-04 07:32:34,Entregado,2026-06-03 15:06:18,True,1.0,1.1067592592592592,True
PED000078,10,10,2026-01-13 04:11:16,2026-01-14 01:24:43,21.21,0,CEDI Cali,Cali,Envia,KMS74172925,15900,2026-01-15 04:11:16,Entregado,2026-01-14 01:24:43,True,1.0,0.8843402777777778,True
PED000079,10,10,2026-04-03 21:59:05,2026-04-05 11:06:11,37.11,0,CEDI Bucaramanga,Bucaramanga,Envia,KMS83799816,11900,2026-04-05 18:59:05,Entregado,2026-04-05 11:06:11,True,1.0,1.5465972222222222,True
PED000080,10,10,2026-03-05 15:54:05,2026-03-06 22:32:52,30.67,0,CEDI Medellín,Medellín,Inter Rapidísimo,KMS90194708,8900,2026-03-07 13:54:05,Entregado,2026-03-06 22:32:52,True,1.0,1.2769328703703704,True
PED000081,10,10,2026-05-01 13:41:40,2026-05-03 07:16:02,41.58,0,CEDI Medellín,Medellín,Inter Rapidísimo,KMS59007928,17490,2026-05-03 11:41:40,Entregado,2026-05-03 07:16:02,True,1.0,1.732199074074074,True
PED000082,10,10,2026-01-23 08:39:10,2026-01-24 10:42:12,26.05,0,CEDI Bucaramanga,Bucaramanga,Inter Rapidísimo,KMS34383733,15900,2026-01-25 05:39:10,Entregado,2026-01-24 10:42:12,True,1.0,1.0854398148148148,True
PED000083,10,10,2026-01-30 02:46:13,2026-02-01 10:05:55,55.33,0,CEDI Medellín,Medellín,TCC,KMS50854065,11900,2026-02-01 00:46:13,Entregado,2026-02-01 10:05:55,True,0.0,2.305347222222222,True
PED000084,10,10,2026-04-13 05:51:32,2026-04-15 23:54:35,66.05,1,CEDI Barranquilla,Barranquilla,Inter Rapidísimo,KMS89098347,13900,2026-04-15 15:51:32,Entregado,2026-04-15 23:54:35,True,0.0,2.7521180555555556,True
PED000085,10,10,2026-03-14 11:20:04,2026-03-15 16:58:14,29.64,0,CEDI Bogotá,Bogotá D.C.,Envia,KMS42009310,13900,2026-03-16 03:20:04,Entregado,2026-03-15 16:58:14,True,1.0,1.2348379629629629,True
PED000086,10,10,2026-05-09 01:35:12,2026-05-11 14:33:03,60.97,1,CEDI Medellín,Medellín,Servientrega,KMS84933706,15900,2026-05-10 23:35:12,Entregado,2026-05-11 14:33:03,True,0.0,2.5401736111111113,True
PED000087,10,10,2026-03-08 01:03:54,2026-03-08 14:21:26,13.290000000000001,0,CEDI Bogotá,Bogotá D.C.,Servientrega,KMS21571084,18900,2026-03-09 10:03:54,Entregado,2026-03-08 14:21:26,True,1.0,0.5538425925925926,True
PED000088,10,10,2026-03-14 17:03:53,2026-03-15 14:50:26,21.77,0,CEDI Bogotá,Bogotá D.C.,TCC,KMS53262137,9900,2026-03-16 02:03:53,Entregado,2026-03-15 14:50:26,True,1.0,0.9073263888888888,True
PED000089,10,10,2026-01-24 02:29:01,2026-01-25 12:13:28,33.75,0,CEDI Bogotá,Bogotá D.C.,Envia,KMS68937366,15290,2026-01-25 11:29:01,Entregado,2026-01-25 12:13:28,True,0.0,1.4058680555555556,True
PED000090,10,10,2026-03-24 16:24:58,2026-03-26 14:21:47,45.94,0,CEDI Bucaramanga,Bucaramanga,Envia,KMS58393911,11900,2026-03-26 13:24:58,Entregado,2026-03-26 14:21:47,True,0.0,1.9144560185185184,True
PED000091,10,10,2026-01-25 18:00:28,2026-01-26 20:16:35,26.27,0,CEDI Bogotá,Bogotá D.C.,Servientrega,KMS74669595,15900,2026-01-27 10:00:28,Entregado,2026-01-26 20:16:35,True,1.0,1.094525462962963,True
PED000092,10,10,2026-04-17 19:57:20,2026-04-18 21:15:44,25.3,0,CEDI Bogotá,Bogotá D.C.,Envia,KMS78444253,15900,2026-04-19 11:57:20,Entregado,2026-04-18 21:15:44,True,1.0,1.0544444444444445,True
PED000093,10,10,2026-05-17 00:32:13,2026-05-18 11:14:08,34.71,0,CEDI Barranquilla,Barranquilla,Envia,KMS39797209,9790,2026-05-19 10:32:13,Entregado,2026-05-18 11:14:08,True,1.0,1.4457754629629629,True
PED000094,10,10,2026-03-22 12:51:07,2026-03-24 03:47:09,38.94,0,CEDI Bogotá,Bogotá D.C.,Inter Rapidísimo,KMS97331248,18900,2026-03-24 04:51:07,Entregado,2026-03-24 03:47:09,True,1.0,1.6222453703703703,True
PED000095,10,10,2026-01-22 15:28:20,2026-01-24 04:08:08,36.66,0,CEDI Medellín,Medellín,TCC,KMS70678216,9900,2026-01-24 13:28:20,Entregado,2026-01-24 04:08:08,True,1.0,1.527638888888889,True
PED000096,10,10,2026-04-12 07:25:27,2026-04-14 02:13:32,42.81,0,CEDI Bucaramanga,Bucaramanga,Envia,KMS96895222,18900,2026-04-14 11:25:27,Entregado,2026-04-14 02:13:32,True,1.0,1.7833912037037036,True
PED000097,10,10,2026-01-19 21:12:14,2026-01-21 12:25:54,39.23,0,CEDI Medellín,Medellín,TCC,KMS79017817,20790,2026-01-21 19:12:14,Entregado,2026-01-21 12:25:54,True,1.0,1.6344907407407407,True
PED000098,10,10,2026-01-01 17:00:49,2026-01-03 09:10:53,40.16,1,CEDI Pereira,Pereira,Envia,KMS91807934,9900,2026-01-03 19:00:49,Entregado,2026-01-03 09:10:53,True,1.0,1.6736574074074073,True
PED000099,10,10,2026-02-20 06:50:07,2026-02-21 12:31:26,29.69,0,CEDI Bogotá,Bogotá D.C.,TCC,KMS73037496,15900,2026-02-21 22:50:07,Entregado,2026-02-21 12:31:26,True,1.0,1.237025462962963,True
PED000100,10,10,2026-03-06 15:24:18,2026-03-08 13:12:50,45.81,0,CEDI Bucaramanga,Bucaramanga,Inter Rapidísimo,KMS17168534,20790,2026-03-08 19:24:18,Entregado,2026-03-08 13:12:50,True,1.0,1.9087037037037038,True
PED000101,10,10,2026-05-27 12:21:26,2026-05-28 14:14:31,25.89,0,CEDI Bogotá,Bogotá D.C.,TCC,KMS16213661,17490,2026-05-29 04:21:26,Entregado,2026-05-28 14:14:31,True,1.0,1.0785300925925927,True
PED000102,10,10,2026-06-24 16:04:41,2026-06-26 02:24:03,34.33,0,CEDI Cali,Cali,Coordinadora,KMS63857164,13090,2026-06-26 16:04:41,Entregado,2026-06-26 02:24:03,True,1.0,1.4301157407407408,True
PED000103,10,10,2026-03-03 01:07:23,2026-03-04 08:29:14,31.37,0,CEDI Bucaramanga,Bucaramanga,Envia,KMS43987020,18900,2026-03-04 22:07:23,Entregado,2026-03-04 08:29:14,True,1.0,1.3068402777777777,True
PED000104,10,10,2026-01-20 23:03:33,2026-01-22 14:56:39,39.879999999999995,1,CEDI Medellín,Medellín,Envia,KMS80025381,15900,2026-01-22 21:03:33,Entregado,2026-01-22 14:56:39,True,1.0,1.661875,True
PED000105,10,10,2026-01-31 03:58:21,2026-02-01 02:28:35,22.51,0,CEDI Bogotá,Bogotá D.C.,Servientrega,KMS34007183,9790,2026-02-01 12:58:21,Entregado,2026-02-01 02:28:35,True,1.0,0.937662037037037,True
PED000106,10,10,2026-02-20 21:16:29,2026-02-21 22:56:36,25.66,0,CEDI Bogotá,Bogotá D.C.,Coordinadora,KMS75750311,8900,2026-02-22 06:16:29,Entregado,2026-02-21 22:56:36,True,1.0,1.069525462962963,True
PED000107,10,10,2026-04-16 10:22:13,2026-04-17 10:17:53,23.93,0,CEDI Bogotá,Bogotá D.C.,Inter Rapidísimo,KMS61226509,13900,2026-04-18 02:22:13,Entregado,2026-04-17 10:17:53,True,1.0,0.9969907407407408,True
PED000108,10,10,2026-05-10 11:02:54,2026-05-12 04:46:43,41.72,0,CEDI Pereira,Pereira,Servientrega,KMS91628097,18900,2026-05-12 13:02:54,Entregado,2026-05-12 04:46:43,True,1.0,1.738761574074074,True
PED000109,10,10,2026-05-23 00:09:43,2026-05-24 03:28:45,27.310000000000002,0,CEDI Bogotá,Bogotá D.C.,Coordinadora,KMS46812323,8900,2026-05-24 09:09:43,Entregado,2026-05-24 03:28:45,True,1.0,1.1382175925925926,True
PED000110,10,10,2026-06-13 20:31:07,2026-06-15 13:58:10,41.46,0,CEDI Bogotá,Bogotá D.C.,Inter Rapidísimo,KMS92266470,15900,2026-06-15 12:31:07,Entregado,2026-06-15 13:58:10,True,0.0,1.7271180555555556,True
PED000111,10,10,2026-05-18 12:40:55,2026-05-19 18:11:31,29.51,0,CEDI Bogotá,Bogotá D.C.,TCC,KMS23171219,18900,2026-05-20 04:40:55,Entregado,2026-05-19 18:11:31,True,1.0,1.2295833333333333,True
PED000112,10,10,2026-02-06 21:57:23,2026-02-09 17:29:49,67.53999999999999,0,CEDI Pereira,Pereira,Servientrega,KMS15337163,9900,2026-02-08 23:57:23,Entregado,2026-02-09 17:29:49,True,0.0,2.814189814814815,True
PED000113,10,10,2026-01-05 07:18:43,2026-01-07 00:04:54,40.769999999999996,0,CEDI Bogotá,Bogotá D.C.,Servientrega,KMS32233174,11900,2026-01-06 16:18:43,Entregado,2026-01-07 00:04:54,True,0.0,1.698738425925926,True
PED000114,10,10,2026-06-09 12:58:35,2026-06-11 04:13:27,39.26,1,CEDI Barranquilla,Barranquilla,Inter Rapidísimo,KMS18388472,9900,2026-06-11 22:58:35,Entregado,2026-06-11 04:13:27,True,1.0,1.635324074074074,True
PED000115,10,10,2026-06-10 13:27:37,2026-06-11 20:27:09,30.98,0,CEDI Medellín,Medellín,Inter Rapidísimo,KMS86249150,10890,2026-06-12 11:27:37,Entregado,2026-06-11 20:27:09,True,1.0,1.2913425925925925,True
PED000116,10,10,2026-05-25 15:47:07,2026-05-26 08:02:39,16.27,0,CEDI Cali,Cali,Envia,KMS52868094,9900,2026-05-27 08:47:07,Entregado,2026-05-26 08:02:39,True,1.0,0.6774537037037037,True
PED000117,10,10,2026-02-14 11:00:59,2026-02-15 01:18:32,14.3,0,CEDI Bogotá,Bogotá D.C.,Inter Rapidísimo,KMS72954844,13900,2026-02-15 20:00:59,Entregado,2026-02-15 01:18:32,True,1.0,0.5955208333333334,True
PED000118,10,10,2026-04-20 04:04:32,2026-04-22 16:21:20,60.269999999999996,0,CEDI Medellín,Medellín,Envia,KMS25666851,8900,2026-04-22 02:04:32,Entregado,2026-04-22 16:21:20,True,0.0,2.5116666666666667,True
PED000119,10,10,2026-04-18 11:44:23,2026-04-20 03:35:00,39.84,0,CEDI Bogotá,Bogotá D.C.,Coordinadora,KMS61094029,8900,2026-04-20 03:44:23,Entregado,2026-04-20 03:35:00,True,1.0,1.6601504629629629,True
PED000120,10,10,2026-02-21 17:13:29,2026-02-22 10:38:19,17.43,0,CEDI Bogotá,Bogotá D.C.,TCC,KMS62513369,15900,2026-02-23 02:13:29,Entregado,2026-02-22 10:38:19,True,1.0,0.7255787037037037,True
PED000121,10,10,2026-03-02 09:12:37,2026-03-04 03:10:07,41.96,0,CEDI Barranquilla,Barranquilla,Envia,KMS35640045,8900,2026-03-04 19:12:37,Entregado,2026-03-04 03:10:07,True,1.0,1.7482638888888888,True
PED000122,10,10,2026-02-15 16:54:02,2026-02-17 16:28:41,47.58,0,CEDI Pereira,Pereira,Inter Rapidísimo,KMS10811488,15900,2026-02-17 11:54:02,Entregado,2026-02-17 16:28:41,True,0.0,1.9823958333333334,True
PED000123,10,10,2026-04-11 18:57:16,2026-04-12 21:10:23,26.22,0,CEDI Bogotá,Bogotá D.C.,TCC,KMS63956027,15290,2026-04-13 10:57:16,Entregado,2026-04-12 21:10:23,True,1.0,1.0924421296296296,True
PED000124,10,10,2026-01-25 04:15:46,2026-01-26 19:21:24,39.1,0,CEDI Bogotá,Bogotá D.C.,TCC,KMS66356456,18900,2026-01-26 20:15:46,Entregado,2026-01-26 19:21:24,True,1.0,1.6289120370370371,True
PED000125,10,10,2026-05-22 15:21:59,2026-05-24 04:29:46,37.13,0,CEDI Bogotá,Bogotá D.C.,Servientrega,KMS15350617,13090,2026-05-24 07:21:59,Entregado,2026-05-24 04:29:46,True,1.0,1.5470717592592593,True
PED000126,10,10,2026-03-02 10:31:30,2026-03-03 10:37:26,24.1,0,CEDI Bogotá,Bogotá D.C.,Servientrega,KMS24247349,18900,2026-03-04 02:31:30,Entregado,2026-03-03 10:37:26,True,1.0,1.0041203703703703,True
PED000127,10,10,2026-05-07 17:58:38,2026-05-08 22:31:22,28.55,0,CEDI Bogotá,Bogotá D.C.,Inter Rapidísimo,KMS93196080,18900,2026-05-09 09:58:38,Entregado,2026-05-08 22:31:22,True,1.0,1.1893981481481481,True
PED000128,9,9,2026-05-26 10:50:30,2026-05-27 06:16:15,13.87,0,CEDI Cali,Cali,TCC,KMS47241826,15900,2026-05-28 03:50:30,Entregado,2026-05-27 06:16:15,True,1.0,0.8095486111111111,False
PED000129,10,10,2026-01-05 12:55:51,2026-01-06 07:22:55,18.44,0,CEDI Bogotá,Bogotá D.C.,Inter Rapidísimo,KMS35513790,20790,2026-01-06 21:55:51,Entregado,2026-01-06 07:22:55,True,1.0,0.7687962962962963,True
PED000130,10,10,2026-02-09 07:04:56,2026-02-10 08:54:31,25.830000000000002,0,CEDI Bogotá,Bogotá D.C.,Inter Rapidísimo,KMS68066040,18900,2026-02-10 23:04:56,Entregado,2026-02-10 08:54:31,True,1.0,1.076099537037037,True
PED000131,10,10,2026-04-22 09:38:04,2026-04-24 00:05:57,38.45,0,CEDI Medellín,Medellín,Envia,KMS66716306,15900,2026-04-24 00:38:04,Entregado,2026-04-24 00:05:57,True,1.0,1.6026967592592594,True
PED000132,10,10,2026-04-05 17:22:12,2026-04-07 13:24:42,44.03,0,CEDI Bucaramanga,Bucaramanga,Envia,KMS36602542,18900,2026-04-07 21:22:12,Entregado,2026-04-07 13:24:42,True,1.0,1.8350694444444444,True
PED000133,10,10,2026-03-08 21:56:17,2026-03-10 04:43:50,30.78,0,CEDI Bogotá,Bogotá D.C.,Coordinadora,KMS60250956,18900,2026-03-10 06:56:17,Entregado,2026-03-10 04:43:50,True,1.0,1.2830208333333333,True
PED000134,10,10,2026-01-11 17:57:15,2026-01-13 03:45:38,33.8,0,CEDI Bogotá,Bogotá D.C.,Servientrega,KMS35672789,8900,2026-01-13 09:57:15,Entregado,2026-01-13 03:45:38,True,1.0,1.408599537037037,True
PED000135,10,10,2026-05-18 20:33:16,2026-05-20 06:43:29,34.17,0,CEDI Cali,Cali,Inter Rapidísimo,KMS60317498,8900,2026-05-20 20:33:16,Entregado,2026-05-20 06:43:29,True,1.0,1.423761574074074,True
PED000136,10,10,2026-06-03 02:59:06,2026-06-03 21:18:51,18.32,0,CEDI Bogotá,Bogotá D.C.,TCC,KMS23917330,11900,2026-06-04 11:59:06,Entregado,2026-06-03 21:18:51,True,1.0,0.7637152777777778,True
PED000137,10,10,2026-01-01 09:45:01,2026-01-02 14:26:45,28.7,0,CEDI Bogotá,Bogotá D.C.,Inter Rapidísimo,KMS73000576,18900,2026-01-03 01:45:01,Entregado,2026-01-02 14:26:45,True,1.0,1.1956481481481482,True
PED000138,10,10,2026-03-04 15:16:12,2026-03-06 00:20:44,33.07,0,CEDI Medellín,Medellín,Inter Rapidísimo,KMS89519578,9900,2026-03-06 06:16:12,Entregado,2026-03-06 00:20:44,True,1.0,1.3781481481481481,True
PED000139,10,10,2026-04-04 15:57:48,2026-04-05 22:56:43,30.98,0,CEDI Barranquilla,Barranquilla,Inter Rapidísimo,KMS73085163,11900,2026-04-06 18:57:48,Entregado,2026-04-05 22:56:43,True,1.0,1.2909143518518518,True
PED000140,10,10,2026-03-28 01:27:40,2026-03-29 14:22:37,36.92,0,CEDI Barranquilla,Barranquilla,Inter Rapidísimo,KMS60167388,9900,2026-03-30 11:27:40,Entregado,2026-03-29 14:22:37,True,1.0,1.5381597222222223,True
PED000141,10,10,2026-01-04 07:49:31,2026-01-05 13:38:04,29.81,0,CEDI Bucaramanga,Bucaramanga,TCC,KMS65322862,8900,2026-01-06 04:49:31,Entregado,2026-01-05 13:38:04,True,1.0,1.242048611111111,True
PED000142,10,10,2026-02-01 01:39:21,2026-02-02 00:12:30,22.56,0,CEDI Medellín,Medellín,Coordinadora,KMS54740073,15900,2026-02-02 23:39:21,Entregado,2026-02-02 00:12:30,True,1.0,0.9396875,True
PED000143,10,10,2026-06-14 21:53:34,2026-06-16 10:30:43,36.620000000000005,0,CEDI Medellín,Medellín,Servientrega,KMS53313586,8900,2026-06-16 19:53:34,Entregado,2026-06-16 10:30:43,True,1.0,1.525798611111111,True
PED000144,10,10,2026-05-17 21:23:50,2026-05-18 09:53:51,12.51,1,CEDI Bogotá,Bogotá D.C.,Servientrega,KMS12643186,9900,2026-05-19 06:23:50,Entregado,2026-05-18 09:53:51,True,1.0,0.5208449074074074,True
PED000145,10,10,2026-05-25 20:48:46,2026-05-26 22:55:02,26.11,0,CEDI Medellín,Medellín,Envia,KMS68108546,15900,2026-05-27 11:48:46,Entregado,2026-05-26 22:55:02,True,1.0,1.0876851851851852,True
PED000146,10,10,2026-04-30 08:55:27,2026-05-01 02:19:35,17.41,1,CEDI Bogotá,Bogotá D.C.,TCC,KMS24915213,13900,2026-05-02 00:55:27,Entregado,2026-05-01 02:19:35,True,1.0,0.7250925925925926,True
PED000147,9,9,2026-03-21 17:21:23,2026-03-22 10:29:21,13.639999999999999,0,CEDI Bogotá,Bogotá D.C.,Envia,KMS61211530,15900,2026-03-23 09:21:23,Entregado,2026-03-22 10:29:21,True,1.0,0.7138657407407407,False
PED000148,10,10,2026-02-17 00:45:08,2026-02-18 05:18:27,28.560000000000002,0,CEDI Pereira,Pereira,Inter Rapidísimo,KMS34817876,15900,2026-02-18 19:45:08,Entregado,2026-02-18 05:18:27,True,1.0,1.1898032407407408,True
PED000149,10,10,2026-04-23 19:43:30,2026-04-24 22:05:08,26.37,0,CEDI Medellín,Medellín,Inter Rapidísimo,KMS79696914,11900,2026-04-25 17:43:30,Entregado,2026-04-24 22:05:08,True,1.0,1.0983564814814815,True
PED000150,10,10,2026-02-21 00:07:51,2026-02-22 14:48:33,38.68,0,CEDI Medellín,Medellín,Envia,KMS18436207,11900,2026-02-22 22:07:51,Entregado,2026-02-22 14:48:33,True,1.0,1.6115972222222221,True
PED000151,10,10,2026-06-19 19:22:40,2026-06-21 01:04:51,29.72,0,CEDI Cali,Cali,TCC,KMS57830790,17490,2026-06-21 19:22:40,Entregado,2026-06-21 01:04:51,True,1.0,1.237627314814815,True
PED000152,10,10,2026-01-12 07:03:02,2026-01-14 03:57:27,44.91,0,CEDI Medellín,Medellín,Coordinadora,KMS88864956,18900,2026-01-14 05:03:02,Entregado,2026-01-14 03:57:27,True,1.0,1.8711226851851852,True
PED000153,10,10,2026-01-29 05:01:26,2026-01-30 03:53:20,22.87,0,CEDI Bogotá,Bogotá D.C.,Servientrega,KMS61525553,17490,2026-01-30 14:01:26,Entregado,2026-01-30 03:53:20,True,1.0,0.9527083333333334,True
PED000154,10,10,2026-06-01 00:00:07,2026-06-04 01:34:26,73.57,0,CEDI Barranquilla,Barranquilla,Coordinadora,KMS77109628,15900,2026-06-03 10:00:07,Entregado,2026-06-04 01:34:26,True,0.0,3.065497685185185,True
PED000155,10,10,2026-01-29 02:19:02,2026-01-31 01:17:01,46.96,0,CEDI Barranquilla,Barranquilla,TCC,KMS83873270,18900,2026-01-31 12:19:02,Entregado,2026-01-31 01:17:01,True,1.0,1.9569328703703703,True
PED000156,10,10,2026-05-12 07:34:28,2026-05-13 10:51:12,27.27,0,CEDI Bogotá,Bogotá D.C.,Inter Rapidísimo,KMS18520257,13900,2026-05-13 23:34:28,Entregado,2026-05-13 10:51:12,True,1.0,1.1366203703703703,True
PED000157,10,10,2026-01-16 15:20:22,2026-01-18 01:54:30,34.56,0,CEDI Cali,Cali,Envia,KMS50818001,15900,2026-01-18 15:20:22,Entregado,2026-01-18 01:54:30,True,1.0,1.4403703703703703,True
PED000158,10,10,2026-04-09 00:54:29,2026-04-10 03:13:37,26.32,0,CEDI Medellín,Medellín,Envia,KMS18731929,15290,2026-04-10 22:54:29,Entregado,2026-04-10 03:13:37,True,1.0,1.0966203703703703,True
PED000159,10,10,2026-02-05 17:56:27,2026-02-07 10:25:56,40.49,0,CEDI Medellín,Medellín,Coordinadora,KMS24002650,9900,2026-02-07 08:56:27,Entregado,2026-02-07 10:25:56,True,0.0,1.6871412037037037,True
PED000160,10,10,2026-06-18 23:29:43,2026-06-20 01:28:19,25.97,0,CEDI Bogotá,Bogotá D.C.,Inter Rapidísimo,KMS82967599,8900,2026-06-20 08:29:43,Entregado,2026-06-20 01:28:19,True,1.0,1.082361111111111,True
PED000161,10,10,2026-02-16 23:44:09,2026-02-18 13:42:38,37.98,0,CEDI Barranquilla,Barranquilla,Servientrega,KMS64054265,11900,2026-02-19 09:44:09,Entregado,2026-02-18 13:42:38,True,1.0,1.5822800925925926,True
PED000162,10,10,2026-06-10 17:55:37,2026-06-12 18:30:41,48.58,0,CEDI Pereira,Pereira,Envia,KMS57126618,8900,2026-06-12 19:55:37,Entregado,2026-06-12 18:30:41,True,1.0,2.024351851851852,True
PED000163,10,10,2026-04-20 03:06:24,2026-04-21 21:00:02,41.89,0,CEDI Barranquilla,Barranquilla,TCC,KMS15159076,13900,2026-04-22 13:06:24,Entregado,2026-04-21 21:00:02,True,1.0,1.7455787037037036,True
PED000164,10,10,2026-01-23 08:34:41,2026-01-24 17:17:15,32.7,0,CEDI Bogotá,Bogotá D.C.,Servientrega,KMS19911689,11900,2026-01-25 00:34:41,Entregado,2026-01-24 17:17:15,True,1.0,1.3628935185185185,True
PED000165,10,10,2026-01-16 06:56:18,2026-01-17 12:14:10,29.3,1,CEDI Cali,Cali,Coordinadora,KMS80939396,18900,2026-01-17 23:56:18,Entregado,2026-01-17 12:14:10,True,1.0,1.2207407407407407,True
PED000166,10,10,2026-04-27 22:40:06,2026-04-29 11:39:55,37.01,0,CEDI Barranquilla,Barranquilla,Inter Rapidísimo,KMS59319401,18900,2026-04-30 08:40:06,Entregado,2026-04-29 11:39:55,True,1.0,1.5415393518518519,True
PED000167,10,10,2026-01-17 12:23:08,2026-01-18 23:37:08,35.22,0,CEDI Cali,Cali,TCC,KMS58803290,10890,2026-01-19 12:23:08,Entregado,2026-01-18 23:37:08,True,1.0,1.4680555555555554,True
PED000168,10,10,2026-03-25 00:45:05,2026-03-27 07:45:37,55.02,1,CEDI Bogotá,Bogotá D.C.,Coordinadora,KMS73134500,15900,2026-03-26 16:45:05,Entregado,2026-03-27 07:45:37,True,0.0,2.292037037037037,True
PED000169,10,10,2026-04-23 20:21:31,2026-04-25 13:48:45,41.47,0,CEDI Medellín,Medellín,Envia,KMS81567244,15900,2026-04-25 18:21:31,Entregado,2026-04-25 13:48:45,True,1.0,1.7272453703703703,True
PED000170,10,10,2026-03-15 17:32:25,2026-03-16 19:42:13,26.16,0,CEDI Bogotá,Bogotá D.C.,Coordinadora,KMS36904530,8900,2026-03-17 09:32:25,Entregado,2026-03-16 19:42:13,True,1.0,1.090138888888889,True
PED000171,10,10,2026-04-03 15:47:23,2026-04-04 22:39:54,30.86,0,CEDI Pereira,Pereira,TCC,KMS16650277,20790,2026-04-05 17:47:23,Entregado,2026-04-04 22:39:54,True,1.0,1.2864699074074073,True
PED000172,10,10,2026-04-08 05:34:04,2026-04-09 19:52:00,38.3,1,CEDI Bogotá,Bogotá D.C.,Inter Rapidísimo,KMS56920620,13090,2026-04-09 21:34:04,Entregado,2026-04-09 19:52:00,True,1.0,1.595787037037037,True
PED000173,10,10,2026-04-07 10:30:16,2026-04-09 01:50:24,39.34,0,CEDI Medellín,Medellín,Inter Rapidísimo,KMS79658116,18900,2026-04-09 08:30:16,Entregado,2026-04-09 01:50:24,True,1.0,1.6389814814814814,True
PED000174,10,10,2026-04-08 07:32:57,2026-04-10 02:26:14,42.89,0,CEDI Pereira,Pereira,Coordinadora,KMS80377257,17490,2026-04-10 09:32:57,Entregado,2026-04-10 02:26:14,True,1.0,1.7870023148148149,True
PED000175,10,10,2026-03-04 16:48:12,2026-03-06 01:25:27,32.63,0,CEDI Bogotá,Bogotá D.C.,Inter Rapidísimo,KMS57580791,15290,2026-03-06 08:48:12,Entregado,2026-03-06 01:25:27,True,1.0,1.359201388888889,True
PED000176,10,10,2026-04-05 08:37:41,2026-04-06 07:34:22,22.96,1,CEDI Medellín,Medellín,Envia,KMS40564645,15900,2026-04-06 23:37:41,Entregado,2026-04-06 07:34:22,True,1.0,0.9560300925925926,True
PED000177,10,10,2026-03-15 14:24:53,2026-03-18 08:13:09,65.81,0,CEDI Cali,Cali,TCC,KMS91379755,15290,2026-03-17 14:24:53,Entregado,2026-03-18 08:13:09,True,0.0,2.7418518518518518,True
PED000178,10,10,2026-01-09 07:01:09,2026-01-10 23:57:20,40.94,1,CEDI Medellín,Medellín,Inter Rapidísimo,KMS95392876,13900,2026-01-11 05:01:09,Entregado,2026-01-10 23:57:20,True,1.0,1.7056828703703704,True
PED000179,10,10,2026-04-09 00:32:03,2026-04-10 23:29:33,46.96,0,CEDI Barranquilla,Barranquilla,Coordinadora,KMS99357411,11900,2026-04-11 10:32:03,Entregado,2026-04-10 23:29:33,True,1.0,1.9565972222222223,True
PED000180,10,10,2026-05-27 11:22:21,2026-05-29 04:42:17,41.31,0,CEDI Bucaramanga,Bucaramanga,TCC,KMS16356871,13900,2026-05-29 15:22:21,Entregado,2026-05-29 04:42:17,True,1.0,1.722175925925926,True
PED000181,10,10,2026-06-05 16:33:25,2026-06-07 02:06:16,33.54,0,CEDI Bogotá,Bogotá D.C.,Inter Rapidísimo,KMS20719764,11900,2026-06-07 08:33:25,Entregado,2026-06-07 02:06:16,True,1.0,1.3978125,True
PED000182,10,10,2026-05-29 18:57:33,2026-05-30 22:03:43,27.1,0,CEDI Cali,Cali,Coordinadora,KMS43866450,11900,2026-05-31 11:57:33,Entregado,2026-05-30 22:03:43,True,1.0,1.1292824074074075,True
PED000183,10,10,2026-05-12 09:22:31,2026-05-13 22:35:02,37.21,0,CEDI Medellín,Medellín,TCC,KMS29662236,15290,2026-05-14 07:22:31,Entregado,2026-05-13 22:35:02,True,1.0,1.5503587962962964,True
PED000184,10,10,2026-03-01 19:38:40,2026-03-03 17:18:11,45.66,0,CEDI Barranquilla,Barranquilla,TCC,KMS37074626,11900,2026-03-03 22:38:40,Entregado,2026-03-03 17:18:11,True,1.0,1.9024421296296297,True
PED000185,10,10,2026-02-18 10:11:18,2026-02-19 13:30:54,27.33,0,CEDI Medellín,Medellín,TCC,KMS77596033,8900,2026-02-20 08:11:18,Entregado,2026-02-19 13:30:54,True,1.0,1.138611111111111,True
PED000186,10,10,2026-05-25 10:11:38,2026-05-26 20:36:54,34.42,0,CEDI Bucaramanga,Bucaramanga,Servientrega,KMS13802998,15900,2026-05-27 14:11:38,Entregado,2026-05-26 20:36:54,True,1.0,1.434212962962963,True
PED000187,10,10,2026-04-28 09:17:54,2026-04-30 14:59:42,53.7,0,CEDI Cali,Cali,Servientrega,KMS13725506,11900,2026-04-30 09:17:54,Entregado,2026-04-30 14:59:42,True,0.0,2.237361111111111,True
PED000188,10,10,2026-03-29 13:43:47,2026-03-31 19:02:41,53.32,0,CEDI Barranquilla,Barranquilla,Servientrega,KMS52498590,8900,2026-03-31 23:43:47,Entregado,2026-03-31 19:02:41,True,1.0,2.2214583333333335,True
PED000189,10,10,2026-05-31 07:16:51,2026-06-01 09:15:11,25.98,1,CEDI Medellín,Medellín,Coordinadora,KMS93178223,15900,2026-06-01 22:16:51,Entregado,2026-06-01 09:15:11,True,1.0,1.0821759259259258,True
PED000190,10,10,2026-05-15 03:34:44,2026-05-15 22:39:51,19.08,0,CEDI Bogotá,Bogotá D.C.,Inter Rapidísimo,KMS33260530,13900,2026-05-16 12:34:44,Entregado,2026-05-15 22:39:51,True,1.0,0.7952199074074074,True
PED000191,10,10,2026-01-04 13:41:07,2026-01-05 20:46:26,31.08,0,CEDI Medellín,Medellín,TCC,KMS77587546,18900,2026-01-06 11:41:07,Entregado,2026-01-05 20:46:26,True,1.0,1.2953587962962962,True
PED000192,10,10,2026-06-13 00:37:40,2026-06-14 08:57:40,32.33,0,CEDI Medellín,Medellín,Inter Rapidísimo,KMS25201291,8900,2026-06-14 22:37:40,Entregado,2026-06-14 08:57:40,True,1.0,1.3472222222222223,True
PED000193,10,10,2026-03-09 01:09:20,2026-03-11 07:25:48,54.28,0,CEDI Bogotá,Bogotá D.C.,Servientrega,KMS53644948,11900,2026-03-10 10:09:20,Entregado,2026-03-11 07:25:48,True,0.0,2.261435185185185,True
PED000194,10,10,2026-04-10 09:47:48,2026-04-12 10:12:39,48.42,1,CEDI Cali,Cali,Servientrega,KMS19007514,9790,2026-04-12 09:47:48,Entregado,2026-04-12 10:12:39,True,0.0,2.0172569444444446,True
PED000195,10,10,2026-05-12 15:52:13,2026-05-13 20:32:29,28.67,0,CEDI Bogotá,Bogotá D.C.,Envia,KMS79199216,10890,2026-05-14 07:52:13,Entregado,2026-05-13 20:32:29,True,1.0,1.1946296296296297,True
PED000196,10,10,2026-03-20 10:12:43,2026-03-22 06:07:40,43.93,0,CEDI Bogotá,Bogotá D.C.,TCC,KMS65035576,11900,2026-03-22 02:12:43,Entregado,2026-03-22 06:07:40,True,0.0,1.8298263888888888,True
PED000197,10,10,2026-02-02 14:32:16,2026-02-05 16:23:09,73.85000000000001,1,CEDI Bucaramanga,Bucaramanga,TCC,KMS72220165,11900,2026-02-04 18:32:16,Entregado,2026-02-05 16:23:09,True,0.0,3.077002314814815,True
PED000198,10,10,2026-06-07 20:03:38,2026-06-09 13:31:40,41.46,0,CEDI Cali,Cali,TCC,KMS53220316,13900,2026-06-09 13:03:38,Entregado,2026-06-09 13:31:40,True,0.0,1.727800925925926,True
PED000199,10,10,2026-04-28 02:03:43,2026-04-28 21:34:38,19.5,1,CEDI Cali,Cali,Coordinadora,KMS62026092,10890,2026-04-29 19:03:43,Entregado,2026-04-28 21:34:38,True,1.0,0.813136574074074,True
PED000200,10,10,2026-02-07 23:41:19,2026-02-10 23:11:15,71.51,0,CEDI Medellín,Medellín,Inter Rapidísimo,KMS90536817,11900,2026-02-09 21:41:19,Entregado,2026-02-10 23:11:15,True,0.0,2.9791203703703704,True
PED000201,10,10,2026-06-17 14:23:57,2026-06-19 21:50:01,55.43,0,CEDI Barranquilla,Barranquilla,Inter Rapidísimo,KMS23695415,11900,2026-06-20 00:23:57,Entregado,2026-06-19 21:50:01,True,1.0,2.3097685185185184,True
PED000202,10,10,2026-06-30 15:44:34,2026-07-02 01:27:55,33.73,0,CEDI Bogotá,Bogotá D.C.,TCC,KMS24544853,9790,2026-07-02 07:44:34,Entregado,2026-07-02 01:27:55,True,1.0,1.4051041666666666,True
PED000203,10,10,2026-05-28 02:31:14,2026-05-29 02:53:05,24.369999999999997,0,CEDI Cali,Cali,Envia,KMS57847436,15900,2026-05-30 02:31:14,Entregado,2026-05-29 02:53:05,True,1.0,1.0151736111111112,True
PED000204,10,10,2026-02-15 23:05:00,2026-02-17 07:27:50,32.38,0,CEDI Medellín,Medellín,Servientrega,KMS28854508,15290,2026-02-17 14:05:00,Entregado,2026-02-17 07:27:50,True,1.0,1.349189814814815,True
PED000205,10,10,2026-03-05 04:15:18,2026-03-05 16:52:01,12.629999999999999,1,CEDI Pereira,Pereira,Coordinadora,KMS74532840,9900,2026-03-06 23:15:18,Entregado,2026-03-05 16:52:01,True,1.0,0.5254976851851851,True
PED000206,10,10,2026-02-04 07:29:34,2026-02-05 10:04:43,26.58,1,CEDI Cali,Cali,Envia,KMS17424577,9900,2026-02-06 07:29:34,Entregado,2026-02-05 10:04:43,True,1.0,1.1077430555555556,True
PED000207,10,10,2026-04-12 17:01:08,2026-04-14 20:55:23,51.910000000000004,0,CEDI Bogotá,Bogotá D.C.,TCC,KMS36084944,10890,2026-04-14 09:01:08,Entregado,2026-04-14 20:55:23,True,0.0,2.162673611111111,True
PED000208,10,10,2026-04-12 19:38:34,2026-04-13 23:42:15,28.05,0,CEDI Cali,Cali,Inter Rapidísimo,KMS14580933,15290,2026-04-14 12:38:34,Entregado,2026-04-13 23:42:15,True,1.0,1.169224537037037,True
PED000209,10,10,2026-03-21 09:06:51,2026-03-22 01:16:39,16.16,0,CEDI Bogotá,Bogotá D.C.,Servientrega,KMS11749979,13900,2026-03-23 01:06:51,Entregado,2026-03-22 01:16:39,True,1.0,0.6734722222222222,True
PED000210,10,10,2026-06-15 18:15:37,2026-06-17 08:18:53,38.06,0,CEDI Bucaramanga,Bucaramanga,Coordinadora,KMS24531705,18900,2026-06-17 22:15:37,Entregado,2026-06-17 08:18:53,True,1.0,1.5856018518518518,True
PED000211,10,10,2026-02-07 08:37:35,2026-02-09 22:05:47,61.47,0,CEDI Pereira,Pereira,TCC,KMS86725433,18900,2026-02-09 10:37:35,Entregado,2026-02-09 22:05:47,True,0.0,2.56125,True
PED000212,10,10,2026-01-28 19:30:53,2026-01-29 20:37:40,25.11,1,CEDI Bogotá,Bogotá D.C.,TCC,KMS65426836,9790,2026-01-30 04:30:53,Entregado,2026-01-29 20:37:40,True,1.0,1.0463773148148148,True
PED000213,10,10,2026-02-03 15:07:57,2026-02-04 21:43:09,30.58,0,CEDI Bogotá,Bogotá D.C.,Servientrega,KMS59324016,10890,2026-02-05 07:07:57,Entregado,2026-02-04 21:43:09,True,1.0,1.2744444444444445,True
PED000214,10,10,2026-05-03 08:35:24,2026-05-04 17:32:28,32.95,0,CEDI Medellín,Medellín,TCC,KMS39369361,9900,2026-05-05 06:35:24,Entregado,2026-05-04 17:32:28,True,1.0,1.372962962962963,True
PED000215,10,10,2026-03-04 02:02:30,2026-03-05 07:57:21,29.92,1,CEDI Bogotá,Bogotá D.C.,Inter Rapidísimo,KMS90296645,13090,2026-03-05 18:02:30,Entregado,2026-03-05 07:57:21,True,1.0,1.246423611111111,True
PED000216,10,10,2026-03-10 00:51:29,2026-03-12 00:15:11,47.379999999999995,0,CEDI Cali,Cali,Envia,KMS69655368,11900,2026-03-12 00:51:29,Entregado,2026-03-12 00:15:11,True,1.0,1.9747916666666667,True
PED000217,10,10,2026-01-04 08:21:54,2026-01-06 03:52:32,43.5,0,CEDI Barranquilla,Barranquilla,Servientrega,KMS42883602,10890,2026-01-06 18:21:54,Entregado,2026-01-06 03:52:32,True,1.0,1.8129398148148148,True
PED000218,10,10,2026-04-19 23:24:11,2026-04-22 02:09:27,50.76,1,CEDI Medellín,Medellín,Envia,KMS56116374,8900,2026-04-21 21:24:11,Entregado,2026-04-22 02:09:27,True,0.0,2.1147685185185185,True
PED000219,10,10,2026-03-28 01:07:49,2026-03-29 13:55:39,36.78,0,CEDI Medellín,Medellín,Envia,KMS92327826,17490,2026-03-29 23:07:49,Entregado,2026-03-29 13:55:39,True,1.0,1.5332175925925926,True
PED000220,10,10,2026-02-24 18:49:18,2026-02-26 08:05:33,37.28,0,CEDI Barranquilla,Barranquilla,Servientrega,KMS46376765,18900,2026-02-26 21:49:18,Entregado,2026-02-26 08:05:33,True,1.0,1.5529513888888888,True
PED000221,10,10,2026-05-11 10:25:42,2026-05-12 20:19:41,33.9,0,CEDI Medellín,Medellín,Servientrega,KMS16466801,9900,2026-05-13 08:25:42,Entregado,2026-05-12 20:19:41,True,1.0,1.4124884259259258,True
PED000222,10,10,2026-02-07 22:35:17,2026-02-09 09:31:41,34.95,0,CEDI Bucaramanga,Bucaramanga,Envia,KMS57743826,9900,2026-02-10 02:35:17,Entregado,2026-02-09 09:31:41,True,1.0,1.4558333333333333,True
PED000223,10,10,2026-06-24 23:03:43,2026-06-25 17:32:39,18.48,0,CEDI Bogotá,Bogotá D.C.,Envia,KMS59837293,18900,2026-06-26 08:03:43,Entregado,2026-06-25 17:32:39,True,1.0,0.7700925925925926,True
PED000224,10,10,2026-02-16 06:13:44,2026-02-17 03:37:41,21.4,0,CEDI Medellín,Medellín,Servientrega,KMS89043858,9790,2026-02-17 21:13:44,Entregado,2026-02-17 03:37:41,True,1.0,0.8916319444444445,True
PED000225,10,10,2026-01-30 16:58:17,2026-02-01 01:35:48,32.629999999999995,0,CEDI Bogotá,Bogotá D.C.,Envia,KMS15900975,13090,2026-02-01 01:58:17,Entregado,2026-02-01 01:35:48,True,1.0,1.359386574074074,True
PED000226,10,10,2026-01-24 06:44:18,2026-01-26 03:47:47,45.06,0,CEDI Bucaramanga,Bucaramanga,Inter Rapidísimo,KMS52930032,8900,2026-01-26 03:44:18,Entregado,2026-01-26 03:47:47,True,0.0,1.8774189814814815,True
PED000227,10,10,2026-02-10 10:23:35,2026-02-11 15:45:21,29.37,0,CEDI Bogotá,Bogotá D.C.,Inter Rapidísimo,KMS62016956,9790,2026-02-12 02:23:35,Entregado,2026-02-11 15:45:21,True,1.0,1.223449074074074,True
PED000228,10,10,2026-01-17 09:39:10,2026-01-18 18:23:51,32.76,0,CEDI Pereira,Pereira,Servientrega,KMS22693563,18900,2026-01-19 11:39:10,Entregado,2026-01-18 18:23:51,True,1.0,1.3643634259259259,True
PED000229,10,10,2026-06-03 19:41:34,2026-06-05 19:24:05,47.69,0,CEDI Barranquilla,Barranquilla,TCC,KMS73248633,13900,2026-06-06 05:41:34,Entregado,2026-06-05 19:24:05,True,1.0,1.9878587962962964,True
PED000230,10,10,2026-05-22 03:51:34,2026-05-24 00:49:18,44.95,0,CEDI Pereira,Pereira,Envia,KMS34786033,11900,2026-05-24 05:51:34,Entregado,2026-05-24 00:49:18,True,1.0,1.8734259259259258,True
PED000231,10,10,2026-04-27 05:42:34,2026-04-28 23:54:36,42.2,0,CEDI Bucaramanga,Bucaramanga,Inter Rapidísimo,KMS20318563,18900,2026-04-29 09:42:34,Entregado,2026-04-28 23:54:36,True,1.0,1.7583564814814814,True
PED000232,10,10,2026-04-28 13:59:36,2026-04-29 18:53:08,28.88,0,CEDI Bogotá,Bogotá D.C.,TCC,KMS44863940,8900,2026-04-30 05:59:36,Entregado,2026-04-29 18:53:08,True,1.0,1.2038425925925926,True
PED000233,10,10,2026-01-29 19:53:56,2026-01-31 07:52:04,35.980000000000004,0,CEDI Cali,Cali,TCC,KMS41754837,8900,2026-01-31 19:53:56,Entregado,2026-01-31 07:52:04,True,1.0,1.4987037037037036,True
PED000234,10,10,2026-03-12 10:12:36,2026-03-13 20:01:10,33.800000000000004,0,CEDI Bogotá,Bogotá D.C.,Coordinadora,KMS32399073,13090,2026-03-14 02:12:36,Entregado,2026-03-13 20:01:10,True,1.0,1.4087268518518519,True
PED000235,10,10,2026-01-21 19:42:31,2026-01-23 12:47:54,41.1,0,CEDI Cali,Cali,TCC,KMS38187482,8900,2026-01-23 19:42:31,Entregado,2026-01-23 12:47:54,True,1.0,1.7120717592592594,True
PED000236,10,10,2026-01-08 18:59:51,2026-01-10 09:36:34,38.62,0,CEDI Bogotá,Bogotá D.C.,Servientrega,KMS91255764,13900,2026-01-10 10:59:51,Entregado,2026-01-10 09:36:34,True,1.0,1.6088310185185186,True
PED000237,10,10,2026-06-18 19:19:34,2026-06-19 17:22:09,22.04,0,CEDI Bogotá,Bogotá D.C.,Inter Rapidísimo,KMS62474648,11900,2026-06-20 04:19:34,Entregado,2026-06-19 17:22:09,True,1.0,0.9184606481481481,True
PED000238,10,10,2026-03-13 16:58:47,2026-03-15 04:59:04,36.01,0,CEDI Cali,Cali,Envia,KMS46022657,9900,2026-03-15 16:58:47,Entregado,2026-03-15 04:59:04,True,1.0,1.5001967592592593,True
PED000239,10,10,2026-04-17 11:19:39,2026-04-19 01:58:57,38.66,0,CEDI Pereira,Pereira,Servientrega,KMS16016610,11900,2026-04-19 13:19:39,Entregado,2026-04-19 01:58:57,True,1.0,1.610625,True
PED000240,10,10,2026-02-07 21:01:42,2026-02-09 12:53:44,39.87,0,CEDI Medellín,Medellín,Envia,KMS22547546,13900,2026-02-09 19:01:42,Entregado,2026-02-09 12:53:44,True,1.0,1.6611342592592593,True
PED000241,10,10,2026-01-23 13:00:13,2026-01-24 02:04:01,13.07,0,CEDI Bogotá,Bogotá D.C.,Inter Rapidísimo,KMS92295683,18900,2026-01-24 22:00:13,Entregado,2026-01-24 02:04:01,True,1.0,0.5443055555555556,True
PED000242,10,10,2026-03-04 14:29:49,2026-03-06 05:48:56,39.32,0,CEDI Barranquilla,Barranquilla,Inter Rapidísimo,KMS75073155,15900,2026-03-07 00:29:49,Entregado,2026-03-06 05:48:56,True,1.0,1.638275462962963,True
PED000243,10,10,2026-02-10 01:30:30,2026-02-10 22:38:35,21.13,0,CEDI Bogotá,Bogotá D.C.,TCC,KMS36972696,8900,2026-02-11 17:30:30,Entregado,2026-02-10 22:38:35,True,1.0,0.880613425925926,True
PED000244,10,10,2026-02-08 09:03:06,2026-02-10 10:05:28,49.03,0,CEDI Barranquilla,Barranquilla,Inter Rapidísimo,KMS82495683,15900,2026-02-10 19:03:06,Entregado,2026-02-10 10:05:28,True,1.0,2.0433101851851854,True
PED000245,10,10,2026-04-23 12:07:08,2026-04-24 12:45:25,24.63,0,CEDI Bogotá,Bogotá D.C.,Envia,KMS24831392,18900,2026-04-25 04:07:08,Entregado,2026-04-24 12:45:25,True,1.0,1.0265856481481481,True
PED000246,10,10,2026-04-25 17:31:14,2026-04-27 19:26:56,49.93,1,CEDI Barranquilla,Barranquilla,Inter Rapidísimo,KMS38006348,15290,2026-04-28 03:31:14,Entregado,2026-04-27 19:26:56,True,1.0,2.080347222222222,True
PED000247,10,10,2026-02-13 15:07:54,2026-02-15 01:09:14,34.02,0,CEDI Bogotá,Bogotá D.C.,Envia,KMS83160897,15900,2026-02-15 07:07:54,Entregado,2026-02-15 01:09:14,True,1.0,1.4175925925925925,True
PED000248,10,10,2026-05-17 19:10:19,2026-05-18 11:58:31,16.82,0,CEDI Bogotá,Bogotá D.C.,Envia,KMS13069937,13900,2026-05-19 04:10:19,Entregado,2026-05-18 11:58:31,True,1.0,0.7001388888888889,True
PED000249,10,10,2026-04-22 05:51:51,2026-04-23 23:34:15,41.71,0,CEDI Cali,Cali,Servientrega,KMS89442646,13090,2026-04-24 05:51:51,Entregado,2026-04-23 23:34:15,True,1.0,1.7377777777777779,True
PED000250,10,10,2026-02-12 04:01:37,2026-02-13 04:09:01,24.12,0,CEDI Bogotá,Bogotá D.C.,Envia,KMS82286911,13090,2026-02-13 13:01:37,Entregado,2026-02-13 04:09:01,True,1.0,1.0051388888888888,True
PED000251,9,9,2026-04-02 09:20:23,2026-04-03 09:57:41,17.22,0,CEDI Barranquilla,Barranquilla,Inter Rapidísimo,KMS83774673,15290,2026-04-04 12:20:23,Entregado,2026-04-03 09:57:41,True,1.0,1.0259027777777778,False
PED000252,10,10,2026-02-20 19:33:38,2026-02-22 04:57:20,33.4,0,CEDI Bogotá,Bogotá D.C.,Envia,KMS18922011,9790,2026-02-22 11:33:38,Entregado,2026-02-22 04:57:20,True,1.0,1.3914583333333332,True
PED000253,10,10,2026-01-27 21:23:00,2026-01-29 12:36:45,39.23,0,CEDI Bucaramanga,Bucaramanga,Coordinadora,KMS16031311,17490,2026-01-30 01:23:00,Entregado,2026-01-29 12:36:45,True,1.0,1.6345486111111112,True
PED000254,10,10,2026-03-30 15:23:54,2026-04-01 00:39:50,33.26,1,CEDI Bucaramanga,Bucaramanga,Servientrega,KMS49876339,9900,2026-04-01 12:23:54,Entregado,2026-04-01 00:39:50,True,1.0,1.386064814814815,True
PED000255,10,10,2026-04-26 07:43:49,2026-04-29 08:51:13,73.11,0,CEDI Barranquilla,Barranquilla,Coordinadora,KMS70066628,8900,2026-04-28 10:43:49,Entregado,2026-04-29 08:51:13,True,0.0,3.0468055555555558,True
PED000256,10,10,2026-02-09 01:19:45,2026-02-10 03:22:58,26.05,0,CEDI Bogotá,Bogotá D.C.,Envia,KMS12029340,13090,2026-02-10 17:19:45,Entregado,2026-02-10 03:22:58,True,1.0,1.0855671296296296,True
PED000257,10,10,2026-05-14 14:26:01,2026-05-16 17:44:59,51.33,1,CEDI Medellín,Medellín,Servientrega,KMS89062174,9900,2026-05-16 12:26:01,Entregado,2026-05-16 17:44:59,True,0.0,2.138171296296296,True
PED000258,10,10,2026-02-02 11:58:33,2026-02-03 17:04:23,29.11,0,CEDI Cali,Cali,Coordinadora,KMS43148695,13900,2026-02-04 04:58:33,Entregado,2026-02-03 17:04:23,True,1.0,1.2123842592592593,True
PED000259,10,10,2026-04-13 14:29:30,2026-04-14 16:56:33,26.439999999999998,0,CEDI Medellín,Medellín,Coordinadora,KMS48735385,13900,2026-04-15 12:29:30,Entregado,2026-04-14 16:56:33,True,1.0,1.1021180555555556,True
PED000260,10,10,2026-02-17 15:32:20,2026-02-19 12:12:00,44.68,1,CEDI Bogotá,Bogotá D.C.,Inter Rapidísimo,KMS20919241,13900,2026-02-19 07:32:20,Entregado,2026-02-19 12:12:00,True,0.0,1.8608796296296297,True
PED000261,10,10,2026-03-24 11:19:24,2026-03-25 17:24:50,30.09,0,CEDI Bucaramanga,Bucaramanga,Servientrega,KMS59742216,18900,2026-03-26 08:19:24,Entregado,2026-03-25 17:24:50,True,1.0,1.2537731481481482,True
PED000262,10,10,2026-01-05 13:25:15,2026-01-07 03:10:57,37.75,0,CEDI Pereira,Pereira,Servientrega,KMS36519370,11900,2026-01-07 15:25:15,Entregado,2026-01-07 03:10:57,True,1.0,1.5734027777777777,True
PED000263,10,10,2026-02-06 00:14:54,2026-02-07 07:13:55,30.990000000000002,0,CEDI Pereira,Pereira,Servientrega,KMS92714436,20790,2026-02-08 02:14:54,Entregado,2026-02-07 07:13:55,True,1.0,1.2909837962962962,True
PED000264,10,10,2026-01-15 10:18:41,2026-01-16 20:06:12,33.8,0,CEDI Bucaramanga,Bucaramanga,TCC,KMS35431809,13090,2026-01-17 14:18:41,Entregado,2026-01-16 20:06:12,True,1.0,1.4079976851851852,True
PED000265,10,10,2026-05-17 02:30:05,2026-05-18 05:43:03,27.22,0,CEDI Bogotá,Bogotá D.C.,Servientrega,KMS45273174,11900,2026-05-18 18:30:05,Entregado,2026-05-18 05:43:03,True,1.0,1.1340046296296296,True
PED000266,10,10,2026-01-27 04:00:16,2026-01-29 04:47:48,48.79,0,CEDI Cali,Cali,Envia,KMS56389533,18900,2026-01-29 04:00:16,Entregado,2026-01-29 04:47:48,True,0.0,2.0330092592592592,True
PED000267,10,10,2026-02-21 19:25:02,2026-02-24 02:18:28,54.900000000000006,0,CEDI Barranquilla,Barranquilla,TCC,KMS91234293,11900,2026-02-24 05:25:02,Entregado,2026-02-24 02:18:28,True,1.0,2.2871064814814814,True
PED000268,10,10,2026-05-06 05:11:04,2026-05-07 11:37:21,30.43,0,CEDI Pereira,Pereira,Servientrega,KMS22864513,8900,2026-05-08 00:11:04,Entregado,2026-05-07 11:37:21,True,1.0,1.2682523148148148,True
PED000269,10,10,2026-02-15 05:20:01,2026-02-17 00:28:38,43.14,0,CEDI Bucaramanga,Bucaramanga,Inter Rapidísimo,KMS85835756,13900,2026-02-17 09:20:01,Entregado,2026-02-17 00:28:38,True,1.0,1.797650462962963,True
PED000270,10,10,2026-01-18 16:38:59,2026-01-20 03:27:55,34.81,0,CEDI Cali,Cali,Servientrega,KMS35676060,20790,2026-01-20 16:38:59,Entregado,2026-01-20 03:27:55,True,1.0,1.4506481481481481,True
PED000271,10,10,2026-05-27 15:04:52,2026-05-29 17:15:58,50.18,1,CEDI Medellín,Medellín,Coordinadora,KMS13956086,11900,2026-05-29 13:04:52,Entregado,2026-05-29 17:15:58,True,0.0,2.0910416666666665,True
PED000272,10,10,2026-01-04 16:18:55,2026-01-06 07:16:05,38.97,0,CEDI Bogotá,Bogotá D.C.,Servientrega,KMS55678996,15900,2026-01-06 01:18:55,Entregado,2026-01-06 07:16:05,True,0.0,1.6230324074074074,True
PED000273,10,10,2026-02-12 03:32:49,2026-02-12 15:06:23,11.57,0,CEDI Medellín,Medellín,Servientrega,KMS60064507,13090,2026-02-13 18:32:49,Entregado,2026-02-12 15:06:23,True,1.0,0.4816435185185185,True
PED000274,10,10,2026-01-11 18:54:44,2026-01-13 20:44:15,49.84,0,CEDI Bucaramanga,Bucaramanga,Envia,KMS57574314,15900,2026-01-13 15:54:44,Entregado,2026-01-13 20:44:15,True,0.0,2.0760532407407406,True
PED000275,10,10,2026-02-19 09:10:18,2026-02-21 05:23:31,44.230000000000004,0,CEDI Bogotá,Bogotá D.C.,Envia,KMS73671955,13090,2026-02-21 01:10:18,Entregado,2026-02-21 05:23:31,True,0.0,1.842511574074074,True
PED000276,10,10,2026-03-31 17:47:56,2026-04-01 03:47:56,10.0,0,CEDI Bogotá,Bogotá D.C.,Envia,KMS80651957,8900,2026-04-02 02:47:56,Entregado,2026-04-01 03:47:56,True,1.0,0.4166666666666667,True
PED000277,10,10,2026-03-26 13:22:51,2026-03-28 08:46:01,43.39,0,CEDI Barranquilla,Barranquilla,Servientrega,KMS40380962,13900,2026-03-28 16:22:51,Entregado,2026-03-28 08:46:01,True,1.0,1.8077546296296296,True
PED000278,10,10,2026-03-21 11:18:48,2026-03-23 10:28:41,47.15,0,CEDI Pereira,Pereira,Envia,KMS61038685,8900,2026-03-23 13:18:48,Entregado,2026-03-23 10:28:41,True,1.0,1.9651967592592592,True
PED000279,10,10,2026-01-16 02:48:15,2026-01-17 06:04:23,27.27,0,CEDI Pereira,Pereira,Envia,KMS66254303,9900,2026-01-18 04:48:15,Entregado,2026-01-17 06:04:23,True,1.0,1.1362037037037036,True
PED000280,10,10,2026-01-11 02:26:01,2026-01-12 22:54:31,44.46,0,CEDI Medellín,Medellín,Inter Rapidísimo,KMS62420029,18900,2026-01-13 00:26:01,Entregado,2026-01-12 22:54:31,True,1.0,1.853125,True
PED000281,10,10,2026-04-19 18:49:29,2026-04-21 11:01:16,40.18,0,CEDI Bogotá,Bogotá D.C.,Inter Rapidísimo,KMS24100530,18900,2026-04-21 10:49:29,Entregado,2026-04-21 11:01:16,True,0.0,1.674849537037037,True
PED000282,10,10,2026-02-13 04:58:33,2026-02-15 10:08:00,53.16,0,CEDI Cali,Cali,Coordinadora,KMS68131322,18900,2026-02-15 04:58:33,Entregado,2026-02-15 10:08:00,True,0.0,2.2148958333333333,True
PED000283,10,10,2026-04-19 09:26:21,2026-04-21 08:45:33,47.31,0,CEDI Bogotá,Bogotá D.C.,Envia,KMS27492282,8900,2026-04-20 18:26:21,Entregado,2026-04-21 08:45:33,True,0.0,1.9716666666666667,True
PED000284,10,10,2026-01-06 17:47:51,2026-01-07 11:36:18,17.8,0,CEDI Bogotá,Bogotá D.C.,TCC,KMS56340807,11900,2026-01-08 09:47:51,Entregado,2026-01-07 11:36:18,True,1.0,0.7419791666666666,True
PED000285,10,10,2026-03-08 21:11:13,2026-03-09 23:52:56,26.689999999999998,0,CEDI Bogotá,Bogotá D.C.,Coordinadora,KMS76250335,9790,2026-03-10 13:11:13,Entregado,2026-03-09 23:52:56,True,1.0,1.1123032407407407,True
PED000286,10,10,2026-06-06 02:29:15,2026-06-07 13:52:04,35.38,0,CEDI Bogotá,Bogotá D.C.,Inter Rapidísimo,KMS60873504,11900,2026-06-07 18:29:15,Entregado,2026-06-07 13:52:04,True,1.0,1.4741782407407407,True
PED000287,10,10,2026-04-07 12:55:50,2026-04-08 20:19:25,31.39,0,CEDI Medellín,Medellín,Envia,KMS19537673,9900,2026-04-09 10:55:50,Entregado,2026-04-08 20:19:25,True,1.0,1.3080439814814815,True
PED000288,10,10,2026-01-15 01:05:04,2026-01-16 04:04:24,26.97,0,CEDI Cali,Cali,Servientrega,KMS21741665,11900,2026-01-17 01:05:04,Entregado,2026-01-16 04:04:24,True,1.0,1.1245370370370371,True
PED000289,10,10,2026-02-25 13:57:57,2026-02-27 16:27:50,50.489999999999995,1,CEDI Medellín,Medellín,TCC,KMS30030793,10890,2026-02-27 04:57:57,Entregado,2026-02-27 16:27:50,True,0.0,2.104085648148148,True
PED000290,10,10,2026-04-22 18:50:40,2026-04-24 10:03:08,39.19,0,CEDI Medellín,Medellín,Coordinadora,KMS24072326,9900,2026-04-24 16:50:40,Entregado,2026-04-24 10:03:08,True,1.0,1.6336574074074075,True
PED000291,10,10,2026-04-09 14:57:03,2026-04-10 07:54:00,16.95,0,CEDI Bogotá,Bogotá D.C.,Inter Rapidísimo,KMS38119830,9900,2026-04-10 23:57:03,Entregado,2026-04-10 07:54:00,True,1.0,0.7062152777777778,True
PED000292,10,10,2026-01-12 01:27:34,2026-01-13 02:32:19,25.08,0,CEDI Bogotá,Bogotá D.C.,Inter Rapidísimo,KMS39705770,8900,2026-01-13 10:27:34,Entregado,2026-01-13 02:32:19,True,1.0,1.0449652777777778,True
PED000293,10,10,2026-05-30 05:49:13,2026-05-31 05:08:28,23.310000000000002,0,CEDI Bogotá,Bogotá D.C.,Servientrega,KMS28613520,11900,2026-05-31 14:49:13,Entregado,2026-05-31 05:08:28,True,1.0,0.9717013888888889,True
PED000294,10,10,2026-05-16 18:50:31,2026-05-18 05:56:38,35.1,0,CEDI Medellín,Medellín,Coordinadora,KMS38155936,18900,2026-05-18 16:50:31,Entregado,2026-05-18 05:56:38,True,1.0,1.4625810185185186,True
PED000295,10,10,2026-06-05 10:43:30,2026-06-07 07:04:04,44.35,1,CEDI Pereira,Pereira,Servientrega,KMS25674391,15900,2026-06-07 12:43:30,Entregado,2026-06-07 07:04:04,True,1.0,1.8476157407407408,True
PED000296,10,10,2026-02-21 16:23:22,2026-02-22 19:54:08,27.509999999999998,0,CEDI Cali,Cali,Coordinadora,KMS50165660,8900,2026-02-23 09:23:22,Entregado,2026-02-22 19:54:08,True,1.0,1.1463657407407408,True
PED000297,10,10,2026-02-28 19:27:53,2026-03-02 04:20:20,32.870000000000005,0,CEDI Pereira,Pereira,Servientrega,KMS59618600,18900,2026-03-02 21:27:53,Entregado,2026-03-02 04:20:20,True,1.0,1.3697569444444444,True
PED000298,10,10,2026-04-09 23:41:14,2026-04-10 18:15:10,18.56,0,CEDI Bogotá,Bogotá D.C.,Servientrega,KMS55001026,11900,2026-04-11 15:41:14,Entregado,2026-04-10 18:15:10,True,1.0,0.7735648148148148,True
PED000299,10,10,2026-04-10 14:35:37,2026-04-11 23:21:53,32.760000000000005,0,CEDI Barranquilla,Barranquilla,Coordinadora,KMS47076182,18900,2026-04-12 17:35:37,Entregado,2026-04-11 23:21:53,True,1.0,1.3654629629629629,True
PED000300,10,10,2026-05-15 19:24:22,2026-05-17 03:00:07,31.61,0,CEDI Cali,Cali,Inter Rapidísimo,KMS40181158,15290,2026-05-17 19:24:22,Entregado,2026-05-17 03:00:07,True,1.0,1.3164930555555556,True
PED000301,10,10,2026-03-15 09:54:09,2026-03-16 21:53:29,36.0,0,CEDI Bucaramanga,Bucaramanga,Envia,KMS98837058,17490,2026-03-17 13:54:09,Entregado,2026-03-16 21:53:29,True,1.0,1.4995370370370371,True
PED000302,10,10,2026-01-08 06:48:00,2026-01-09 14:57:09,32.16,0,CEDI Cali,Cali,Servientrega,KMS35070595,11900,2026-01-09 23:48:00,Entregado,2026-01-09 14:57:09,True,1.0,1.3396875,True
PED000303,10,10,2026-04-23 10:05:52,2026-04-25 01:13:38,39.13,0,CEDI Barranquilla,Barranquilla,Envia,KMS60351540,15290,2026-04-25 20:05:52,Entregado,2026-04-25 01:13:38,True,1.0,1.6303935185185185,True
PED000304,10,10,2026-02-24 23:03:51,2026-02-26 06:47:58,31.75,0,CEDI Medellín,Medellín,Servientrega,KMS18437041,13090,2026-02-26 14:03:51,Entregado,2026-02-26 06:47:58,True,1.0,1.3223032407407407,True
PED000305,10,10,2026-01-22 12:48:18,2026-01-23 07:10:37,18.38,0,CEDI Bogotá,Bogotá D.C.,Coordinadora,KMS24432356,13900,2026-01-23 21:48:18,Entregado,2026-01-23 07:10:37,True,1.0,0.7654976851851852,True
PED000306,10,10,2026-06-03 12:14:27,2026-06-04 19:41:19,31.44,0,CEDI Bogotá,Bogotá D.C.,Envia,KMS35524809,15290,2026-06-04 21:14:27,Entregado,2026-06-04 19:41:19,True,1.0,1.310324074074074,True
PED000307,10,10,2026-02-24 04:39:48,2026-02-25 07:11:38,26.54,1,CEDI Cali,Cali,Servientrega,KMS69398398,9790,2026-02-26 04:39:48,Entregado,2026-02-25 07:11:38,True,1.0,1.1054398148148148,True
PED000308,10,10,2026-04-18 12:39:42,2026-04-19 20:24:24,31.73,1,CEDI Pereira,Pereira,Inter Rapidísimo,KMS96584328,11900,2026-04-20 14:39:42,Entregado,2026-04-19 20:24:24,True,1.0,1.3227083333333334,True
PED000309,10,10,2026-05-06 16:48:03,2026-05-08 21:33:07,52.75,0,CEDI Bogotá,Bogotá D.C.,Servientrega,KMS31509113,15290,2026-05-08 01:48:03,Entregado,2026-05-08 21:33:07,True,0.0,2.197962962962963,True
PED000310,10,10,2026-02-06 18:56:03,2026-02-07 16:25:16,21.48,0,CEDI Bogotá,Bogotá D.C.,Servientrega,KMS79364539,9900,2026-02-08 10:56:03,Entregado,2026-02-07 16:25:16,True,1.0,0.8952893518518519,True
PED000311,10,10,2026-05-07 11:27:02,2026-05-09 03:51:01,40.4,0,CEDI Medellín,Medellín,Envia,KMS17516781,8900,2026-05-09 09:27:02,Entregado,2026-05-09 03:51:01,True,1.0,1.6833217592592593,True
PED000312,10,10,2026-01-21 05:42:23,2026-01-22 02:35:41,20.89,1,CEDI Bogotá,Bogotá D.C.,Inter Rapidísimo,KMS86763008,11900,2026-01-22 21:42:23,Entregado,2026-01-22 02:35:41,True,1.0,0.8703472222222223,True
PED000313,10,10,2026-05-04 17:22:10,2026-05-05 19:23:12,26.009999999999998,0,CEDI Bogotá,Bogotá D.C.,Inter Rapidísimo,KMS15015146,17490,2026-05-06 09:22:10,Entregado,2026-05-05 19:23:12,True,1.0,1.084050925925926,True
PED000314,10,10,2026-04-09 22:39:31,2026-04-11 19:59:53,45.339999999999996,0,CEDI Cali,Cali,Envia,KMS18453917,9790,2026-04-11 22:39:31,Entregado,2026-04-11 19:59:53,True,1.0,1.8891435185185186,True
PED000315,10,10,2026-03-28 03:27:21,2026-03-29 21:43:07,42.26,0,CEDI Bogotá,Bogotá D.C.,Envia,KMS75111824,8900,2026-03-29 19:27:21,Entregado,2026-03-29 21:43:07,True,0.0,1.760949074074074,True
PED000316,10,10,2026-05-10 22:44:39,2026-05-13 13:40:33,62.93,0,CEDI Medellín,Medellín,Envia,KMS27306563,10890,2026-05-12 20:44:39,Entregado,2026-05-13 13:40:33,True,0.0,2.622152777777778,True
PED000317,10,10,2026-06-11 08:27:08,2026-06-12 19:08:13,34.68,0,CEDI Medellín,Medellín,TCC,KMS71704935,15900,2026-06-13 06:27:08,Entregado,2026-06-12 19:08:13,True,1.0,1.4451967592592592,True
PED000318,10,10,2026-02-15 10:42:08,2026-02-16 19:55:50,33.23,0,CEDI Medellín,Medellín,Coordinadora,KMS67177146,9900,2026-02-17 08:42:08,Entregado,2026-02-16 19:55:50,True,1.0,1.3845138888888888,True
PED000319,10,10,2026-03-21 03:50:35,2026-03-22 02:40:36,22.84,0,CEDI Bogotá,Bogotá D.C.,Inter Rapidísimo,KMS69361620,15900,2026-03-22 19:50:35,Entregado,2026-03-22 02:40:36,True,1.0,0.951400462962963,True
PED000320,9,9,2026-02-09 03:16:40,2026-02-10 15:53:10,36.01,0,CEDI Bucaramanga,Bucaramanga,Inter Rapidísimo,KMS12777470,8900,2026-02-11 07:16:40,Entregado,2026-02-10 15:53:10,True,1.0,1.5253472222222222,False
PED000321,10,10,2026-05-29 22:31:20,2026-05-31 00:09:48,25.64,0,CEDI Medellín,Medellín,Envia,KMS36206995,8900,2026-05-31 20:31:20,Entregado,2026-05-31 00:09:48,True,1.0,1.0683796296296297,True
PED000322,10,10,2026-04-28 10:58:24,2026-04-29 21:33:57,34.57,0,CEDI Pereira,Pereira,Inter Rapidísimo,KMS16523141,15900,2026-04-30 05:58:24,Entregado,2026-04-29 21:33:57,True,1.0,1.4413541666666667,True
PED000323,10,10,2026-02-03 13:19:05,2026-02-04 22:48:05,33.480000000000004,0,CEDI Bogotá,Bogotá D.C.,Inter Rapidísimo,KMS27546169,18900,2026-02-05 05:19:05,Entregado,2026-02-04 22:48:05,True,1.0,1.395138888888889,True
PED000324,10,10,2026-05-08 11:24:00,2026-05-11 01:27:12,62.05,0,CEDI Medellín,Medellín,Envia,KMS39268896,8900,2026-05-10 09:24:00,Entregado,2026-05-11 01:27:12,True,0.0,2.5855555555555556,True
PED000325,10,10,2026-02-04 14:48:50,2026-02-07 07:03:58,64.24000000000001,0,CEDI Pereira,Pereira,Envia,KMS53842334,17490,2026-02-06 16:48:50,Entregado,2026-02-07 07:03:58,True,0.0,2.677175925925926,True
PED000326,10,10,2026-05-11 02:15:26,2026-05-12 11:08:26,32.89,0,CEDI Medellín,Medellín,Inter Rapidísimo,KMS69136650,18900,2026-05-13 00:15:26,Entregado,2026-05-12 11:08:26,True,1.0,1.3701388888888888,True
PED000327,10,10,2026-04-26 06:43:37,2026-04-28 10:39:30,51.94,0,CEDI Medellín,Medellín,Coordinadora,KMS95030892,9900,2026-04-28 04:43:37,Entregado,2026-04-28 10:39:30,True,0.0,2.1638078703703703,True
PED000328,10,10,2026-02-03 23:15:50,2026-02-04 23:19:25,24.08,0,CEDI Bucaramanga,Bucaramanga,TCC,KMS67308983,17490,2026-02-05 20:15:50,Entregado,2026-02-04 23:19:25,True,1.0,1.002488425925926,True
PED000329,10,10,2026-06-05 00:39:07,2026-06-06 14:39:45,38.019999999999996,0,CEDI Barranquilla,Barranquilla,TCC,KMS44761151,10890,2026-06-07 03:39:07,Entregado,2026-06-06 14:39:45,True,1.0,1.583773148148148,True
PED000330,10,10,2026-02-24 14:15:07,2026-02-25 14:25:16,24.17,0,CEDI Bogotá,Bogotá D.C.,Envia,KMS86366744,10890,2026-02-25 23:15:07,Entregado,2026-02-25 14:25:16,True,1.0,1.0070486111111112,True
PED000331,10,10,2026-04-14 19:55:01,2026-04-16 06:34:55,34.660000000000004,0,CEDI Medellín,Medellín,TCC,KMS14899151,11900,2026-04-16 10:55:01,Entregado,2026-04-16 06:34:55,True,1.0,1.444375,True
PED000332,10,10,2026-04-18 21:03:52,2026-04-19 20:21:06,23.28,0,CEDI Medellín,Medellín,Servientrega,KMS60511942,13900,2026-04-20 19:03:52,Entregado,2026-04-19 20:21:06,True,1.0,0.9703009259259259,True
PED000333,10,10,2026-04-12 01:07:59,2026-04-13 01:00:29,23.88,0,CEDI Bogotá,Bogotá D.C.,Servientrega,KMS61502214,9900,2026-04-13 17:07:59,Entregado,2026-04-13 01:00:29,True,1.0,0.9947916666666666,True
PED000334,10,10,2026-05-14 19:46:31,2026-05-15 23:08:21,27.369999999999997,0,CEDI Cali,Cali,Envia,KMS97076240,18900,2026-05-16 19:46:31,Entregado,2026-05-15 23:08:21,True,1.0,1.1401620370370371,True
PED000335,10,10,2026-05-08 03:09:02,2026-05-09 18:46:24,39.63,0,CEDI Bucaramanga,Bucaramanga,Inter Rapidísimo,KMS46078905,15900,2026-05-10 00:09:02,Entregado,2026-05-09 18:46:24,True,1.0,1.650949074074074,True
PED000336,10,10,2026-06-25 23:07:45,2026-06-26 09:07:45,10.0,0,CEDI Medellín,Medellín,Servientrega,KMS82445097,13900,2026-06-27 14:07:45,Entregado,2026-06-26 09:07:45,True,1.0,0.4166666666666667,True
PED000337,10,10,2026-03-17 16:22:39,2026-03-18 21:26:59,29.08,0,CEDI Cali,Cali,Inter Rapidísimo,KMS46863293,18900,2026-03-19 16:22:39,Entregado,2026-03-18 21:26:59,True,1.0,1.2113425925925927,True
PED000338,10,10,2026-02-14 13:57:19,2026-02-15 20:18:03,30.349999999999998,0,CEDI Pereira,Pereira,Inter Rapidísimo,KMS98677826,15900,2026-02-16 15:57:19,Entregado,2026-02-15 20:18:03,True,1.0,1.264398148148148,True
PED000339,9,9,2026-04-27 03:37:18,2026-04-28 05:27:54,23.68,0,CEDI Bogotá,Bogotá D.C.,Inter Rapidísimo,KMS36907692,20790,2026-04-28 19:37:18,Entregado,2026-04-28 05:27:54,True,1.0,1.0768055555555556,False
PED000340,10,10,2026-03-04 16:07:56,2026-03-06 13:51:51,45.74,0,CEDI Cali,Cali,Servientrega,KMS69979995,13900,2026-03-06 09:07:56,Entregado,2026-03-06 13:51:51,True,0.0,1.9054976851851853,True
PED000341,10,10,2026-04-08 03:27:27,2026-04-10 00:40:14,45.199999999999996,0,CEDI Bucaramanga,Bucaramanga,Envia,KMS21911588,11900,2026-04-10 07:27:27,Entregado,2026-04-10 00:40:14,True,1.0,1.883877314814815,True
PED000342,10,10,2026-02-21 12:00:57,2026-02-22 19:48:06,31.79,0,CEDI Pereira,Pereira,Inter Rapidísimo,KMS60025977,18900,2026-02-23 07:00:57,Entregado,2026-02-22 19:48:06,True,1.0,1.3244097222222222,True
PED000343,10,10,2026-05-09 18:46:51,2026-05-12 07:52:28,61.099999999999994,0,CEDI Barranquilla,Barranquilla,Envia,KMS97050330,10890,2026-05-12 04:46:51,Entregado,2026-05-12 07:52:28,True,0.0,2.54556712962963,True
PED000344,10,10,2026-01-13 17:53:33,2026-01-15 09:00:14,39.1,0,CEDI Bucaramanga,Bucaramanga,TCC,KMS22807716,10890,2026-01-15 21:53:33,Entregado,2026-01-15 09:00:14,True,1.0,1.6296412037037038,True
PED000345,10,10,2026-03-15 09:48:00,2026-03-16 05:29:35,19.71,0,CEDI Bogotá,Bogotá D.C.,Servientrega,KMS63214705,13900,2026-03-17 01:48:00,Entregado,2026-03-16 05:29:35,True,1.0,0.8205439814814814,True
PED000346,10,10,2026-05-30 16:20:16,2026-06-01 01:11:26,32.85,0,CEDI Pereira,Pereira,Coordinadora,KMS26179689,18900,2026-06-01 11:20:16,Entregado,2026-06-01 01:11:26,True,1.0,1.3688657407407407,True
PED000347,10,10,2026-04-04 14:39:59,2026-04-05 14:28:34,23.81,0,CEDI Bogotá,Bogotá D.C.,Envia,KMS30346462,17490,2026-04-06 06:39:59,Entregado,2026-04-05 14:28:34,True,1.0,0.9920717592592593,True
PED000348,10,10,2026-03-21 10:56:00,2026-03-22 13:30:12,26.560000000000002,0,CEDI Pereira,Pereira,Servientrega,KMS10960904,9900,2026-03-23 05:56:00,Entregado,2026-03-22 13:30:12,True,1.0,1.1070833333333334,True
PED000349,10,10,2026-02-12 11:01:28,2026-02-14 22:10:55,59.150000000000006,0,CEDI Bogotá,Bogotá D.C.,TCC,KMS39863934,9900,2026-02-14 03:01:28,Entregado,2026-02-14 22:10:55,True,0.0,2.4648958333333333,True
PED000350,10,10,2026-03-13 23:51:41,2026-03-16 10:03:37,58.2,0,CEDI Barranquilla,Barranquilla,Envia,KMS13328031,15900,2026-03-16 09:51:41,Entregado,2026-03-16 10:03:37,True,0.0,2.4249537037037037,True
PED000351,10,10,2026-06-26 17:38:18,2026-06-28 02:04:48,32.47,0,CEDI Medellín,Medellín,Envia,KMS20575427,18900,2026-06-28 15:38:18,Entregado,2026-06-28 02:04:48,True,1.0,1.351736111111111,True
PED000352,10,10,2026-01-11 14:46:21,2026-01-13 06:31:48,39.76,0,CEDI Cali,Cali,Coordinadora,KMS76572564,8900,2026-01-13 07:46:21,Entregado,2026-01-13 06:31:48,True,1.0,1.6565625,True
PED000353,10,10,2026-04-26 20:22:43,2026-04-27 22:27:40,26.08,0,CEDI Cali,Cali,Servientrega,KMS54123815,13900,2026-04-28 20:22:43,Entregado,2026-04-27 22:27:40,True,1.0,1.0867708333333332,True
PED000354,10,10,2026-05-19 02:12:09,2026-05-20 20:45:50,42.55,0,CEDI Pereira,Pereira,Envia,KMS46622562,8900,2026-05-21 04:12:09,Entregado,2026-05-20 20:45:50,True,1.0,1.7733912037037036,True
PED000355,10,10,2026-04-09 09:15:29,2026-04-10 11:04:44,25.83,0,CEDI Cali,Cali,Coordinadora,KMS19152935,15290,2026-04-11 09:15:29,Entregado,2026-04-10 11:04:44,True,1.0,1.0758680555555555,True
PED000356,10,10,2026-02-05 06:39:57,2026-02-07 03:03:37,44.39,1,CEDI Cali,Cali,Envia,KMS68532642,10890,2026-02-07 06:39:57,Entregado,2026-02-07 03:03:37,True,1.0,1.8497685185185184,True
PED000357,10,10,2026-02-22 18:44:45,2026-02-24 02:52:53,32.14,0,CEDI Bogotá,Bogotá D.C.,TCC,KMS37864444,18900,2026-02-24 10:44:45,Entregado,2026-02-24 02:52:53,True,1.0,1.3389814814814816,True
PED000358,10,10,2026-04-11 21:35:07,2026-04-13 21:08:02,47.550000000000004,1,CEDI Medellín,Medellín,Servientrega,KMS59033351,11900,2026-04-13 19:35:07,Entregado,2026-04-13 21:08:02,True,0.0,1.9811921296296295,True
PED000359,10,10,2026-05-21 03:42:33,2026-05-22 13:30:24,33.8,0,CEDI Bogotá,Bogotá D.C.,Envia,KMS36794288,9900,2026-05-22 19:42:33,Entregado,2026-05-22 13:30:24,True,1.0,1.4082291666666666,True
PED000360,10,10,2026-03-12 18:01:58,2026-03-13 15:46:41,21.74,0,CEDI Bogotá,Bogotá D.C.,Servientrega,KMS91835216,9900,2026-03-14 10:01:58,Entregado,2026-03-13 15:46:41,True,1.0,0.9060532407407408,True
PED000361,10,10,2026-01-05 13:33:33,2026-01-07 02:01:27,36.44,0,CEDI Pereira,Pereira,Coordinadora,KMS60303758,13900,2026-01-07 15:33:33,Entregado,2026-01-07 02:01:27,True,1.0,1.519375,True
PED000362,10,10,2026-02-21 18:19:11,2026-02-23 05:15:44,34.95,1,CEDI Bogotá,Bogotá D.C.,TCC,KMS94571830,11900,2026-02-23 10:19:11,Entregado,2026-02-23 05:15:44,True,1.0,1.4559375,True
PED000363,10,10,2026-01-22 10:43:02,2026-01-23 06:16:12,19.56,0,CEDI Bucaramanga,Bucaramanga,Inter Rapidísimo,KMS20274677,17490,2026-01-24 07:43:02,Entregado,2026-01-23 06:16:12,True,1.0,0.814699074074074,True
PED000364,10,10,2026-03-10 04:24:26,2026-03-11 01:06:06,20.7,0,CEDI Cali,Cali,Envia,KMS44983025,8900,2026-03-11 21:24:26,Entregado,2026-03-11 01:06:06,True,1.0,0.8622685185185185,True
PED000365,10,10,2026-03-24 16:06:14,2026-03-27 03:22:29,59.26,0,CEDI Cali,Cali,Coordinadora,KMS14700091,20790,2026-03-26 16:06:14,Entregado,2026-03-27 03:22:29,True,0.0,2.4696180555555554,True
PED000366,10,10,2026-02-21 07:57:26,2026-02-22 20:45:05,36.78,0,CEDI Bogotá,Bogotá D.C.,Envia,KMS69443089,13900,2026-02-22 23:57:26,Entregado,2026-02-22 20:45:05,True,1.0,1.5330902777777777,True
PED000367,10,10,2026-06-06 01:30:31,2026-06-07 13:41:39,36.17,0,CEDI Pereira,Pereira,TCC,KMS71226385,10890,2026-06-07 20:30:31,Entregado,2026-06-07 13:41:39,True,1.0,1.5077314814814815,True
PED000368,10,10,2026-04-23 22:53:46,2026-04-26 02:51:02,51.96,0,CEDI Cali,Cali,TCC,KMS90002781,15900,2026-04-25 22:53:46,Entregado,2026-04-26 02:51:02,True,0.0,2.1647685185185184,True
PED000369,10,10,2026-05-21 12:19:48,2026-05-22 20:45:56,32.42,0,CEDI Bogotá,Bogotá D.C.,Envia,KMS23031523,11900,2026-05-23 04:19:48,Entregado,2026-05-22 20:45:56,True,1.0,1.3514814814814815,True
PED000370,10,10,2026-04-26 06:33:04,2026-04-29 06:26:30,71.9,1,CEDI Medellín,Medellín,TCC,KMS20571462,13900,2026-04-28 04:33:04,Entregado,2026-04-29 06:26:30,True,0.0,2.995439814814815,True
PED000371,10,10,2026-06-15 04:14:15,2026-06-15 23:26:12,19.22,0,CEDI Bogotá,Bogotá D.C.,TCC,KMS93951082,18900,2026-06-16 13:14:15,Entregado,2026-06-15 23:26:12,True,1.0,0.7999652777777778,True
PED000372,10,10,2026-04-29 23:20:33,2026-05-01 21:05:28,45.74,0,CEDI Bogotá,Bogotá D.C.,TCC,KMS57739607,15900,2026-05-01 15:20:33,Entregado,2026-05-01 21:05:28,True,0.0,1.9061921296296296,True
PED000373,10,10,2026-03-06 03:30:40,2026-03-07 23:01:33,43.5,0,CEDI Bucaramanga,Bucaramanga,Coordinadora,KMS42251273,15290,2026-03-08 07:30:40,Entregado,2026-03-07 23:01:33,True,1.0,1.8131134259259258,True
PED000374,10,10,2026-04-11 16:26:00,2026-04-12 15:09:52,22.740000000000002,0,CEDI Bogotá,Bogotá D.C.,Inter Rapidísimo,KMS34177289,18900,2026-04-13 08:26:00,Entregado,2026-04-12 15:09:52,True,1.0,0.9471296296296297,True
PED000375,10,10,2026-04-27 07:24:18,2026-04-29 05:16:08,45.85,0,CEDI Pereira,Pereira,Servientrega,KMS63455633,13900,2026-04-29 09:24:18,Entregado,2026-04-29 05:16:08,True,1.0,1.9109953703703704,True
PED000376,10,10,2026-05-14 13:25:43,2026-05-16 08:15:28,42.85,1,CEDI Cali,Cali,Coordinadora,KMS81952443,15290,2026-05-16 13:25:43,Entregado,2026-05-16 08:15:28,True,1.0,1.784548611111111,True
PED000377,10,10,2026-06-10 10:50:49,2026-06-11 16:48:46,29.96,0,CEDI Barranquilla,Barranquilla,Coordinadora,KMS66248866,11900,2026-06-12 20:50:49,Entregado,2026-06-11 16:48:46,True,1.0,1.248576388888889,True
PED000378,10,10,2026-03-11 21:02:49,2026-03-13 05:44:53,32.72,0,CEDI Bogotá,Bogotá D.C.,Servientrega,KMS78062460,11900,2026-03-13 13:02:49,Entregado,2026-03-13 05:44:53,True,1.0,1.3625462962962962,True
PED000379,10,10,2026-02-14 03:12:00,2026-02-15 13:35:50,34.38,0,CEDI Bucaramanga,Bucaramanga,Servientrega,KMS18297515,18900,2026-02-16 00:12:00,Entregado,2026-02-15 13:35:50,True,1.0,1.4332175925925925,True
PED000380,10,10,2026-06-04 17:11:50,2026-06-06 09:49:28,40.63,0,CEDI Pereira,Pereira,Envia,KMS24963503,8900,2026-06-06 19:11:50,Entregado,2026-06-06 09:49:28,True,1.0,1.692800925925926,True
PED000381,10,10,2026-04-25 13:10:25,2026-04-28 06:53:07,65.71,1,CEDI Medellín,Medellín,Envia,KMS58145944,13900,2026-04-27 04:10:25,Entregado,2026-04-28 06:53:07,True,0.0,2.7379861111111112,True
PED000382,10,10,2026-06-06 20:27:20,2026-06-08 01:36:21,29.139999999999997,0,CEDI Bogotá,Bogotá D.C.,Coordinadora,KMS35782218,13900,2026-06-08 05:27:20,Entregado,2026-06-08 01:36:21,True,1.0,1.2145949074074074,True
PED000383,10,10,2026-06-16 05:59:15,2026-06-17 16:18:27,34.33,0,CEDI Bucaramanga,Bucaramanga,TCC,KMS87467333,8900,2026-06-18 02:59:15,Entregado,2026-06-17 16:18:27,True,1.0,1.43,True
PED000384,10,10,2026-05-10 09:14:11,2026-05-11 15:19:17,30.09,0,CEDI Bucaramanga,Bucaramanga,TCC,KMS69891017,18900,2026-05-12 06:14:11,Entregado,2026-05-11 15:19:17,True,1.0,1.2535416666666668,True
PED000385,10,10,2026-06-28 11:35:42,2026-06-30 03:11:37,39.61,0,CEDI Cali,Cali,TCC,KMS78413572,11900,2026-06-30 11:35:42,Entregado,2026-06-30 03:11:37,True,1.0,1.6499421296296297,True
PED000386,10,10,2026-06-04 08:32:54,2026-06-06 10:00:01,49.44,0,CEDI Barranquilla,Barranquilla,Envia,KMS55685030,18900,2026-06-06 11:32:54,Entregado,2026-06-06 10:00:01,True,1.0,2.0604976851851853,True
PED000387,10,10,2026-05-11 00:37:52,2026-05-11 19:23:02,18.75,0,CEDI Bogotá,Bogotá D.C.,Servientrega,KMS52429571,9790,2026-05-12 09:37:52,Entregado,2026-05-11 19:23:02,True,1.0,0.7813657407407407,True
PED000388,10,10,2026-04-26 20:00:01,2026-04-28 01:59:50,30.0,0,CEDI Bucaramanga,Bucaramanga,Servientrega,KMS14940369,9900,2026-04-28 17:00:01,Entregado,2026-04-28 01:59:50,True,1.0,1.2498726851851851,True
PED000389,10,10,2026-02-13 09:25:46,2026-02-15 10:02:09,48.61,0,CEDI Pereira,Pereira,Inter Rapidísimo,KMS89562950,11900,2026-02-15 11:25:46,Entregado,2026-02-15 10:02:09,True,1.0,2.025266203703704,True
PED000390,10,10,2026-02-17 17:19:11,2026-02-18 17:31:27,24.2,0,CEDI Bogotá,Bogotá D.C.,Coordinadora,KMS49031364,10890,2026-02-19 02:19:11,Entregado,2026-02-18 17:31:27,True,1.0,1.0085185185185186,True
PED000391,10,10,2026-04-04 22:10:44,2026-04-06 04:23:46,30.22,0,CEDI Bogotá,Bogotá D.C.,Envia,KMS79763886,10890,2026-04-06 14:10:44,Entregado,2026-04-06 04:23:46,True,1.0,1.259050925925926,True
PED000392,10,10,2026-05-29 20:51:50,2026-05-31 04:09:59,31.3,0,CEDI Bogotá,Bogotá D.C.,Envia,KMS99826155,8900,2026-05-31 12:51:50,Entregado,2026-05-31 04:09:59,True,1.0,1.3042708333333333,True
PED000393,10,10,2026-01-31 00:28:06,2026-02-01 16:40:34,40.21,0,CEDI Barranquilla,Barranquilla,Inter Rapidísimo,KMS89213360,9790,2026-02-02 03:28:06,Entregado,2026-02-01 16:40:34,True,1.0,1.675324074074074,True
PED000394,10,10,2026-02-08 17:26:53,2026-02-10 23:16:36,53.839999999999996,0,CEDI Medellín,Medellín,Servientrega,KMS87957558,8900,2026-02-10 15:26:53,Entregado,2026-02-10 23:16:36,True,0.0,2.2428587962962965,True
PED000395,10,10,2026-03-06 06:21:06,2026-03-08 00:36:03,42.25,0,CEDI Barranquilla,Barranquilla,Inter Rapidísimo,KMS75423114,11900,2026-03-08 16:21:06,Entregado,2026-03-08 00:36:03,True,1.0,1.7603819444444444,True
PED000396,10,10,2026-01-19 18:05:03,2026-01-21 10:53:37,40.81,0,CEDI Bogotá,Bogotá D.C.,TCC,KMS10625933,9900,2026-01-21 10:05:03,Entregado,2026-01-21 10:53:37,True,0.0,1.7003935185185186,True
PED000397,10,10,2026-03-09 15:48:32,2026-03-12 06:45:49,62.96,0,CEDI Medellín,Medellín,Servientrega,KMS75344875,8900,2026-03-11 13:48:32,Entregado,2026-03-12 06:45:49,True,0.0,2.623113425925926,True
PED000398,10,10,2026-04-08 19:43:52,2026-04-10 16:03:35,44.31,0,CEDI Cali,Cali,Inter Rapidísimo,KMS60701819,9900,2026-04-10 19:43:52,Entregado,2026-04-10 16:03:35,True,1.0,1.847025462962963,True
PED000399,10,10,2026-02-26 19:42:23,2026-02-27 20:41:53,25.0,0,CEDI Medellín,Medellín,Coordinadora,KMS80191435,13900,2026-02-28 10:42:23,Entregado,2026-02-27 20:41:53,True,1.0,1.0413194444444445,True
PED000400,10,10,2026-01-21 21:59:01,2026-01-24 06:37:59,56.65,0,CEDI Barranquilla,Barranquilla,Coordinadora,KMS24843996,18900,2026-01-24 07:59:01,Entregado,2026-01-24 06:37:59,True,1.0,2.3603935185185185,True
PED000401,10,10,2026-06-02 10:57:53,2026-06-02 20:57:53,9.99,0,CEDI Bogotá,Bogotá D.C.,Coordinadora,KMS62663695,18900,2026-06-03 19:57:53,Entregado,2026-06-02 20:57:53,True,1.0,0.4166666666666667,True
PED000402,10,10,2026-03-15 08:59:01,2026-03-17 08:52:29,47.870000000000005,0,CEDI Bogotá,Bogotá D.C.,Envia,KMS57273276,8900,2026-03-17 00:59:01,Entregado,2026-03-17 08:52:29,True,0.0,1.995462962962963,True
PED000403,10,10,2026-04-08 17:37:31,2026-04-09 12:50:08,19.21,0,CEDI Bogotá,Bogotá D.C.,Coordinadora,KMS89180801,17490,2026-04-10 02:37:31,Entregado,2026-04-09 12:50:08,True,1.0,0.8004282407407407,True
PED000404,10,10,2026-05-20 10:06:25,2026-05-22 09:57:07,47.85,0,CEDI Bucaramanga,Bucaramanga,Servientrega,KMS99432181,11900,2026-05-22 14:06:25,Entregado,2026-05-22 09:57:07,True,1.0,1.9935416666666668,True
PED000405,10,10,2026-01-13 22:57:25,2026-01-14 21:59:34,23.02,0,CEDI Bogotá,Bogotá D.C.,Coordinadora,KMS14291836,11900,2026-01-15 14:57:25,Entregado,2026-01-14 21:59:34,True,1.0,0.9598263888888889,True
PED000406,10,10,2026-04-18 04:44:53,2026-04-19 21:29:28,40.74,0,CEDI Medellín,Medellín,Coordinadora,KMS24701503,11900,2026-04-20 02:44:53,Entregado,2026-04-19 21:29:28,True,1.0,1.6976273148148149,True
PED000407,10,10,2026-05-27 07:34:45,2026-05-28 14:58:13,31.39,0,CEDI Pereira,Pereira,Coordinadora,KMS34889505,18900,2026-05-29 02:34:45,Entregado,2026-05-28 14:58:13,True,1.0,1.307962962962963,True
PED000408,10,10,2026-06-25 10:09:22,2026-06-26 16:04:44,29.92,0,CEDI Barranquilla,Barranquilla,Inter Rapidísimo,KMS10525010,8900,2026-06-27 13:09:22,Entregado,2026-06-26 16:04:44,True,1.0,1.2467824074074074,True
PED000409,10,10,2026-01-29 10:27:00,2026-01-31 15:21:47,52.91,0,CEDI Medellín,Medellín,Coordinadora,KMS11397159,9790,2026-01-31 01:27:00,Entregado,2026-01-31 15:21:47,True,0.0,2.204710648148148,True
PED000410,10,10,2026-06-11 13:40:23,2026-06-12 16:31:36,26.85,1,CEDI Medellín,Medellín,Servientrega,KMS16475449,15290,2026-06-13 11:40:23,Entregado,2026-06-12 16:31:36,True,1.0,1.1189004629629629,True
PED000411,10,10,2026-02-12 02:15:40,2026-02-14 05:51:28,51.6,0,CEDI Barranquilla,Barranquilla,Coordinadora,KMS94829181,11900,2026-02-14 12:15:40,Entregado,2026-02-14 05:51:28,True,1.0,2.149861111111111,True
PED000412,10,10,2026-01-07 00:24:35,2026-01-08 21:43:08,45.309999999999995,0,CEDI Bucaramanga,Bucaramanga,Coordinadora,KMS71779222,13900,2026-01-09 04:24:35,Entregado,2026-01-08 21:43:08,True,1.0,1.8878819444444443,True
PED000413,10,10,2026-02-09 23:28:45,2026-02-11 03:43:57,28.25,1,CEDI Medellín,Medellín,Servientrega,KMS20672680,9900,2026-02-11 14:28:45,Entregado,2026-02-11 03:43:57,True,1.0,1.1772222222222222,True
PED000414,10,10,2026-01-04 22:52:38,2026-01-05 22:12:53,23.33,0,CEDI Medellín,Medellín,Envia,KMS38431250,11900,2026-01-06 13:52:38,Entregado,2026-01-05 22:12:53,True,1.0,0.9723958333333333,True
PED000415,10,10,2026-06-19 05:06:34,2026-06-21 21:56:22,64.83,1,CEDI Cali,Cali,Inter Rapidísimo,KMS10244638,15900,2026-06-20 22:06:34,Entregado,2026-06-21 21:56:22,True,0.0,2.70125,True
PED000416,10,10,2026-06-15 05:58:28,2026-06-18 00:27:03,66.48,0,CEDI Pereira,Pereira,Coordinadora,KMS44826335,17490,2026-06-17 07:58:28,Entregado,2026-06-18 00:27:03,True,0.0,2.769849537037037,True
PED000417,10,10,2026-04-14 09:24:55,2026-04-15 10:45:52,25.35,0,CEDI Bogotá,Bogotá D.C.,Inter Rapidísimo,KMS88886514,18900,2026-04-15 18:24:55,Entregado,2026-04-15 10:45:52,True,1.0,1.0562152777777778,True
PED000418,10,10,2026-05-26 22:26:09,2026-05-28 10:51:23,36.42,1,CEDI Bogotá,Bogotá D.C.,TCC,KMS75934869,10890,2026-05-28 14:26:09,Entregado,2026-05-28 10:51:23,True,1.0,1.5175231481481481,True
PED000419,9,9,2026-06-16 00:12:03,2026-06-17 05:52:27,30.03,0,CEDI Bogotá,Bogotá D.C.,Inter Rapidísimo,KMS65527944,9900,2026-06-17 15:50:27,Entregado,2026-06-17 05:52:27,True,1.0,1.236388888888889,False
PED000420,10,10,2026-06-27 10:10:28,2026-06-29 01:55:06,39.739999999999995,0,CEDI Bucaramanga,Bucaramanga,Inter Rapidísimo,KMS12395330,15900,2026-06-29 07:10:28,Entregado,2026-06-29 01:55:06,True,1.0,1.6559953703703705,True
PED000421,10,10,2026-03-10 01:56:07,2026-03-12 08:47:27,54.86,0,CEDI Cali,Cali,Coordinadora,KMS93721411,11900,2026-03-12 01:56:07,Entregado,2026-03-12 08:47:27,True,0.0,2.285648148148148,True
PED000422,10,10,2026-02-28 11:13:48,2026-03-02 03:27:25,40.23,0,CEDI Barranquilla,Barranquilla,TCC,KMS37831662,18900,2026-03-02 21:13:48,Entregado,2026-03-02 03:27:25,True,1.0,1.6761226851851851,True
PED000423,10,10,2026-04-24 00:29:37,2026-04-25 14:46:39,38.29,0,CEDI Medellín,Medellín,Coordinadora,KMS61665842,17490,2026-04-25 22:29:37,Entregado,2026-04-25 14:46:39,True,1.0,1.595162037037037,True
PED000424,10,10,2026-03-11 07:56:14,2026-03-13 12:09:22,52.22,0,CEDI Medellín,Medellín,Inter Rapidísimo,KMS71717944,18900,2026-03-13 05:56:14,Entregado,2026-03-13 12:09:22,True,0.0,2.175787037037037,True
PED000425,10,10,2026-06-14 02:46:33,2026-06-14 19:22:27,16.6,0,CEDI Bogotá,Bogotá D.C.,TCC,KMS34131891,9900,2026-06-15 11:46:33,Entregado,2026-06-14 19:22:27,True,1.0,0.6915972222222222,True
PED000426,10,10,2026-05-14 10:08:23,2026-05-16 21:04:20,58.92,0,CEDI Bogotá,Bogotá D.C.,Inter Rapidísimo,KMS97222362,10890,2026-05-16 02:08:23,Entregado,2026-05-16 21:04:20,True,0.0,2.4555208333333334,True
PED000427,10,10,2026-04-21 04:21:41,2026-04-23 13:39:14,57.28,0,CEDI Cali,Cali,Servientrega,KMS81395298,18900,2026-04-23 04:21:41,Entregado,2026-04-23 13:39:14,True,0.0,2.3871875,True
PED000428,10,10,2026-05-15 21:49:42,2026-05-18 00:12:47,50.370000000000005,0,CEDI Cali,Cali,Inter Rapidísimo,KMS82430380,15900,2026-05-17 21:49:42,Entregado,2026-05-18 00:12:47,True,0.0,2.099363425925926,True
PED000429,10,10,2026-01-04 10:42:01,2026-01-06 00:41:06,37.98,0,CEDI Bogotá,Bogotá D.C.,Coordinadora,KMS30844653,15900,2026-01-06 02:42:01,Entregado,2026-01-06 00:41:06,True,1.0,1.5826967592592593,True
PED000430,10,10,2026-01-29 11:16:17,2026-01-30 13:51:41,26.6,0,CEDI Bogotá,Bogotá D.C.,TCC,KMS14086846,13900,2026-01-31 03:16:17,Entregado,2026-01-30 13:51:41,True,1.0,1.1079166666666667,True
PED000431,10,10,2026-05-22 03:13:01,2026-05-23 10:52:29,31.66,0,CEDI Pereira,Pereira,Servientrega,KMS82642288,13900,2026-05-24 05:13:01,Entregado,2026-05-23 10:52:29,True,1.0,1.319074074074074,True
PED000432,10,10,2026-04-23 10:09:02,2026-04-24 12:29:23,26.34,0,CEDI Bogotá,Bogotá D.C.,Coordinadora,KMS64391807,11900,2026-04-25 02:09:02,Entregado,2026-04-24 12:29:23,True,1.0,1.0974652777777778,True
PED000433,10,10,2026-03-04 14:45:18,2026-03-07 19:03:57,76.31,0,CEDI Bucaramanga,Bucaramanga,Inter Rapidísimo,KMS50627544,13900,2026-03-06 18:45:18,Entregado,2026-03-07 19:03:57,True,0.0,3.1796180555555558,True
PED000434,10,10,2026-06-23 05:41:35,2026-06-25 03:06:27,45.42,0,CEDI Cali,Cali,Inter Rapidísimo,KMS52441052,9900,2026-06-25 05:41:35,Entregado,2026-06-25 03:06:27,True,1.0,1.8922685185185186,True
PED000435,10,10,2026-01-23 16:42:02,2026-01-25 04:29:55,35.8,0,CEDI Medellín,Medellín,Coordinadora,KMS10391976,11900,2026-01-25 14:42:02,Entregado,2026-01-25 04:29:55,True,1.0,1.4915856481481482,True
PED000436,10,10,2026-04-24 06:56:39,2026-04-25 00:09:44,17.22,0,CEDI Bogotá,Bogotá D.C.,TCC,KMS91632704,8900,2026-04-25 22:56:39,Entregado,2026-04-25 00:09:44,True,1.0,0.7174189814814815,True
PED000437,10,10,2026-06-13 15:20:08,2026-06-14 17:15:34,25.93,0,CEDI Cali,Cali,Servientrega,KMS21662062,9790,2026-06-15 15:20:08,Entregado,2026-06-14 17:15:34,True,1.0,1.080162037037037,True
PED000438,10,10,2026-06-11 05:55:30,2026-06-12 15:55:13,33.99,0,CEDI Bogotá,Bogotá D.C.,Envia,KMS89742815,20790,2026-06-12 21:55:30,Entregado,2026-06-12 15:55:13,True,1.0,1.4164699074074074,True
PED000439,10,10,2026-02-27 06:22:32,2026-02-28 01:11:24,18.82,0,CEDI Bogotá,Bogotá D.C.,Servientrega,KMS46806248,13900,2026-02-28 22:22:32,Entregado,2026-02-28 01:11:24,True,1.0,0.7839351851851852,True
PED000440,10,10,2026-03-27 00:22:10,2026-03-28 16:50:44,40.480000000000004,1,CEDI Cali,Cali,Inter Rapidísimo,KMS21300368,15900,2026-03-29 00:22:10,Entregado,2026-03-28 16:50:44,True,1.0,1.6865046296296295,True
PED000441,10,10,2026-04-08 14:57:27,2026-04-10 04:30:37,37.55,0,CEDI Medellín,Medellín,Servientrega,KMS84461669,11900,2026-04-10 12:57:27,Entregado,2026-04-10 04:30:37,True,1.0,1.564699074074074,True
PED000442,10,10,2026-02-02 01:44:17,2026-02-03 04:39:48,26.93,0,CEDI Bogotá,Bogotá D.C.,TCC,KMS56074099,18900,2026-02-03 17:44:17,Entregado,2026-02-03 04:39:48,True,1.0,1.121886574074074,True
PED000443,10,10,2026-03-21 11:36:30,2026-03-22 20:03:08,32.45,0,CEDI Medellín,Medellín,Inter Rapidísimo,KMS16982107,9900,2026-03-23 09:36:30,Entregado,2026-03-22 20:03:08,True,1.0,1.3518287037037038,True
PED000444,10,10,2026-04-14 10:09:19,2026-04-15 09:17:03,23.13,0,CEDI Pereira,Pereira,TCC,KMS10689780,20790,2026-04-16 12:09:19,Entregado,2026-04-15 09:17:03,True,1.0,0.9637037037037037,True
PED000445,10,10,2026-04-16 04:30:13,2026-04-18 02:27:08,45.94,0,CEDI Barranquilla,Barranquilla,TCC,KMS23071404,11900,2026-04-18 14:30:13,Entregado,2026-04-18 02:27:08,True,1.0,1.9145254629629629,True
PED000446,10,10,2026-04-07 05:31:24,2026-04-08 01:04:48,19.57,0,CEDI Bogotá,Bogotá D.C.,Servientrega,KMS43469910,9900,2026-04-08 21:31:24,Entregado,2026-04-08 01:04:48,True,1.0,0.8148611111111111,True
PED000447,10,10,2026-02-13 16:05:10,2026-02-15 10:01:01,41.93,0,CEDI Cali,Cali,Inter Rapidísimo,KMS31564789,8900,2026-02-15 16:05:10,Entregado,2026-02-15 10:01:01,True,1.0,1.7471180555555557,True
PED000448,10,10,2026-05-14 18:15:21,2026-05-16 08:26:45,38.19,0,CEDI Pereira,Pereira,Servientrega,KMS20954098,8900,2026-05-16 20:15:21,Entregado,2026-05-16 08:26:45,True,1.0,1.59125,True
PED000449,10,10,2026-04-15 01:51:06,2026-04-16 07:36:21,29.740000000000002,0,CEDI Pereira,Pereira,Servientrega,KMS38438097,9790,2026-04-17 03:51:06,Entregado,2026-04-16 07:36:21,True,1.0,1.2397569444444445,True
PED000450,10,10,2026-01-04 08:07:45,2026-01-05 09:46:52,25.66,0,CEDI Medellín,Medellín,Servientrega,KMS13535179,9900,2026-01-06 06:07:45,Entregado,2026-01-05 09:46:52,True,1.0,1.0688310185185186,True
PED000451,10,10,2026-02-05 06:39:02,2026-02-07 10:31:36,51.870000000000005,0,CEDI Cali,Cali,Inter Rapidísimo,KMS83614030,15900,2026-02-07 06:39:02,Entregado,2026-02-07 10:31:36,True,0.0,2.1615046296296296,True
PED000452,10,10,2026-05-25 01:38:44,2026-05-25 20:04:13,18.43,1,CEDI Bogotá,Bogotá D.C.,TCC,KMS21457006,13900,2026-05-26 17:38:44,Entregado,2026-05-25 20:04:13,True,1.0,0.7676967592592593,True
PED000453,10,10,2026-06-01 00:19:43,2026-06-02 12:41:46,36.370000000000005,0,CEDI Cali,Cali,Coordinadora,KMS41914548,8900,2026-06-03 00:19:43,Entregado,2026-06-02 12:41:46,True,1.0,1.5153125,True
PED000454,10,10,2026-05-29 10:57:19,2026-05-30 16:48:04,29.85,0,CEDI Medellín,Medellín,Inter Rapidísimo,KMS57821728,10890,2026-05-31 01:57:19,Entregado,2026-05-30 16:48:04,True,1.0,1.2435763888888889,True
PED000455,10,10,2026-04-06 08:26:10,2026-04-07 21:33:05,37.11,0,CEDI Medellín,Medellín,Envia,KMS74389787,9900,2026-04-08 06:26:10,Entregado,2026-04-07 21:33:05,True,1.0,1.5464699074074073,True
PED000456,10,10,2026-04-27 16:24:50,2026-04-29 13:35:56,45.2,0,CEDI Pereira,Pereira,Envia,KMS38927338,13900,2026-04-29 18:24:50,Entregado,2026-04-29 13:35:56,True,1.0,1.8827083333333334,True
PED000457,10,10,2026-06-27 05:35:42,2026-06-28 12:21:07,30.75,0,CEDI Medellín,Medellín,Envia,KMS59970152,9790,2026-06-29 03:35:42,Entregado,2026-06-28 12:21:07,True,1.0,1.2815393518518519,True
PED000458,10,10,2026-01-13 08:19:03,2026-01-14 13:51:48,29.56,0,CEDI Bogotá,Bogotá D.C.,Coordinadora,KMS78593865,9790,2026-01-15 00:19:03,Entregado,2026-01-14 13:51:48,True,1.0,1.231076388888889,True
PED000459,10,10,2026-06-14 11:33:16,2026-06-16 05:50:59,42.3,0,CEDI Cali,Cali,Coordinadora,KMS23462327,15900,2026-06-16 11:33:16,Entregado,2026-06-16 05:50:59,True,1.0,1.7623032407407409,True
PED000460,9,9,2026-05-08 17:35:48,2026-05-09 11:43:47,18.42,0,CEDI Medellín,Medellín,TCC,KMS56495494,13090,2026-05-10 15:19:16,Entregado,2026-05-09 11:43:47,True,1.0,0.7555439814814815,False
PED000461,10,10,2026-01-30 04:40:48,2026-01-31 07:24:02,26.73,0,CEDI Bogotá,Bogotá D.C.,Servientrega,KMS58501366,17490,2026-01-31 20:40:48,Entregado,2026-01-31 07:24:02,True,1.0,1.1133564814814816,True
PED000462,10,10,2026-02-12 22:55:31,2026-02-13 23:25:15,24.48,0,CEDI Bogotá,Bogotá D.C.,TCC,KMS94960376,15290,2026-02-14 14:55:31,Entregado,2026-02-13 23:25:15,True,1.0,1.0206481481481482,True
PED000463,10,10,2026-05-20 00:24:41,2026-05-20 11:27:22,11.04,1,CEDI Bogotá,Bogotá D.C.,Envia,KMS67563840,11900,2026-05-21 09:24:41,Entregado,2026-05-20 11:27:22,True,1.0,0.46019675925925924,True
PED000464,10,10,2026-03-28 10:40:37,2026-03-30 00:20:20,37.67,0,CEDI Medellín,Medellín,TCC,KMS12432617,13900,2026-03-30 08:40:37,Entregado,2026-03-30 00:20:20,True,1.0,1.569247685185185,True
PED000465,9,9,2026-01-16 20:44:36,2026-01-17 11:09:59,13.72,0,CEDI Bogotá,Bogotá D.C.,TCC,KMS73915205,13090,2026-01-18 05:44:36,Entregado,2026-01-17 11:09:59,True,1.0,0.6009606481481482,False
PED000466,10,10,2026-02-27 19:44:21,2026-03-02 00:23:39,52.65,0,CEDI Barranquilla,Barranquilla,Envia,KMS33378549,13900,2026-03-02 05:44:21,Entregado,2026-03-02 00:23:39,True,1.0,2.1939583333333332,True
PED000467,10,10,2026-05-02 23:21:36,2026-05-04 09:37:37,34.269999999999996,0,CEDI Bucaramanga,Bucaramanga,TCC,KMS60454793,13900,2026-05-05 03:21:36,Entregado,2026-05-04 09:37:37,True,1.0,1.4277893518518519,True
PED000468,10,10,2026-02-13 22:41:56,2026-02-14 16:44:35,18.04,0,CEDI Bogotá,Bogotá D.C.,Coordinadora,KMS11865486,9790,2026-02-15 07:41:56,Entregado,2026-02-14 16:44:35,True,1.0,0.7518402777777777,True
PED000469,10,10,2026-05-22 23:23:48,2026-05-25 04:29:07,53.1,0,CEDI Bogotá,Bogotá D.C.,Envia,KMS29311131,11900,2026-05-24 15:23:48,Entregado,2026-05-25 04:29:07,True,0.0,2.2120254629629628,True
PED000470,10,10,2026-06-05 02:07:42,2026-06-06 01:46:13,23.65,0,CEDI Bogotá,Bogotá D.C.,TCC,KMS63096327,8900,2026-06-06 18:07:42,Entregado,2026-06-06 01:46:13,True,1.0,0.9850810185185185,True
PED000471,10,10,2026-01-20 09:28:22,2026-01-22 12:01:13,50.56,0,CEDI Barranquilla,Barranquilla,TCC,KMS58989597,13090,2026-01-22 12:28:22,Entregado,2026-01-22 12:01:13,True,1.0,2.106145833333333,True
PED000472,10,10,2026-04-13 10:45:15,2026-04-14 00:07:06,13.36,0,CEDI Bogotá,Bogotá D.C.,Coordinadora,KMS38974578,15900,2026-04-14 19:45:15,Entregado,2026-04-14 00:07:06,True,1.0,0.5568402777777778,True
PED000473,10,10,2026-02-09 11:43:32,2026-02-12 08:29:33,68.77,1,CEDI Cali,Cali,TCC,KMS29667763,8900,2026-02-11 11:43:32,Entregado,2026-02-12 08:29:33,True,0.0,2.865289351851852,True
PED000474,10,10,2026-02-15 06:57:27,2026-02-16 14:17:44,31.34,0,CEDI Bogotá,Bogotá D.C.,Envia,KMS46207374,9900,2026-02-16 22:57:27,Entregado,2026-02-16 14:17:44,True,1.0,1.305752314814815,True
PED000475,10,10,2026-04-03 19:12:19,2026-04-06 23:06:48,75.92,0,CEDI Bucaramanga,Bucaramanga,Coordinadora,KMS76305425,11900,2026-04-05 23:12:19,Entregado,2026-04-06 23:06:48,True,0.0,3.1628356481481483,True
PED000476,10,10,2026-06-03 17:57:37,2026-06-04 16:43:28,22.76,1,CEDI Bogotá,Bogotá D.C.,Envia,KMS73958708,15290,2026-06-05 09:57:37,Entregado,2026-06-04 16:43:28,True,1.0,0.9485069444444445,True
PED000477,10,10,2026-03-01 21:34:19,2026-03-03 11:24:50,37.83,1,CEDI Bogotá,Bogotá D.C.,TCC,KMS35515114,13900,2026-03-03 13:34:19,Entregado,2026-03-03 11:24:50,True,1.0,1.5767476851851852,True
PED000478,10,10,2026-04-22 15:56:54,2026-04-23 19:52:38,27.93,0,CEDI Medellín,Medellín,Servientrega,KMS34341510,17490,2026-04-24 13:56:54,Entregado,2026-04-23 19:52:38,True,1.0,1.1637037037037037,True
PED000479,10,10,2026-01-03 23:57:59,2026-01-05 18:15:27,42.29,1,CEDI Medellín,Medellín,Coordinadora,KMS12320703,18900,2026-01-05 14:57:59,Entregado,2026-01-05 18:15:27,True,0.0,1.7621296296296296,True
PED000480,10,10,2026-04-17 21:42:10,2026-04-19 02:02:49,28.35,0,CEDI Bogotá,Bogotá D.C.,Inter Rapidísimo,KMS40461583,20790,2026-04-19 13:42:10,Entregado,2026-04-19 02:02:49,True,1.0,1.1810069444444444,True
PED000481,10,10,2026-06-05 09:31:05,2026-06-06 19:53:14,34.39,0,CEDI Bogotá,Bogotá D.C.,Coordinadora,KMS31177953,20790,2026-06-07 01:31:05,Entregado,2026-06-06 19:53:14,True,1.0,1.432048611111111,True
PED000482,10,10,2026-03-21 05:22:56,2026-03-21 17:22:06,11.99,0,CEDI Bogotá,Bogotá D.C.,Servientrega,KMS24351115,9790,2026-03-22 14:22:56,Entregado,2026-03-21 17:22:06,True,1.0,0.4994212962962963,True
PED000483,10,10,2026-02-02 05:55:00,2026-02-03 16:04:07,34.15,0,CEDI Bogotá,Bogotá D.C.,Servientrega,KMS70364257,18900,2026-02-03 21:55:00,Entregado,2026-02-03 16:04:07,True,1.0,1.422997685185185,True
PED000484,10,10,2026-06-19 10:55:58,2026-06-21 06:03:33,43.129999999999995,0,CEDI Medellín,Medellín,Servientrega,KMS88641006,18900,2026-06-21 08:55:58,Entregado,2026-06-21 06:03:33,True,1.0,1.7969328703703704,True
PED000485,10,10,2026-06-16 18:57:21,2026-06-18 08:09:39,37.22,0,CEDI Barranquilla,Barranquilla,Coordinadora,KMS10022760,8900,2026-06-18 21:57:21,Entregado,2026-06-18 08:09:39,True,1.0,1.5502083333333334,True
PED000486,10,10,2026-01-19 12:14:08,2026-01-21 03:39:43,39.41,1,CEDI Pereira,Pereira,Servientrega,KMS98774247,13900,2026-01-21 14:14:08,Entregado,2026-01-21 03:39:43,True,1.0,1.6427662037037036,True
PED000487,10,10,2026-03-12 17:07:02,2026-03-15 11:22:54,66.27,0,CEDI Bucaramanga,Bucaramanga,Servientrega,KMS15173986,15900,2026-03-14 21:07:02,Entregado,2026-03-15 11:22:54,True,0.0,2.7610185185185183,True
PED000488,10,10,2026-03-01 12:13:46,2026-03-02 16:48:24,28.57,0,CEDI Pereira,Pereira,Envia,KMS62639624,17490,2026-03-03 07:13:46,Entregado,2026-03-02 16:48:24,True,1.0,1.1907175925925926,True
PED000489,10,10,2026-04-11 10:04:30,2026-04-13 13:31:58,51.46,0,CEDI Cali,Cali,Servientrega,KMS69417311,13900,2026-04-13 10:04:30,Entregado,2026-04-13 13:31:58,True,0.0,2.1440740740740742,True
PED000490,10,10,2026-05-22 18:55:04,2026-05-24 10:55:06,40.01,0,CEDI Medellín,Medellín,Servientrega,KMS16470263,11900,2026-05-24 16:55:04,Entregado,2026-05-24 10:55:06,True,1.0,1.6666898148148148,True
PED000491,10,10,2026-03-16 23:51:21,2026-03-18 04:42:51,28.86,0,CEDI Medellín,Medellín,Servientrega,KMS22396459,13900,2026-03-18 21:51:21,Entregado,2026-03-18 04:42:51,True,1.0,1.2024305555555554,True
PED000492,10,10,2026-02-23 04:56:25,2026-02-25 07:19:56,50.39,0,CEDI Barranquilla,Barranquilla,Coordinadora,KMS99130398,8900,2026-02-25 14:56:25,Entregado,2026-02-25 07:19:56,True,1.0,2.099664351851852,True
PED000493,10,10,2026-05-09 11:33:08,2026-05-11 19:19:06,55.78,0,CEDI Barranquilla,Barranquilla,Envia,KMS42376711,18900,2026-05-11 21:33:08,Entregado,2026-05-11 19:19:06,True,1.0,2.323587962962963,True
PED000494,10,10,2026-05-20 17:09:23,2026-05-22 23:00:26,53.86,0,CEDI Bogotá,Bogotá D.C.,Servientrega,KMS31202408,18900,2026-05-22 09:09:23,Entregado,2026-05-22 23:00:26,True,0.0,2.2437847222222222,True
PED000495,10,10,2026-01-27 05:38:24,2026-01-28 21:04:48,39.43,0,CEDI Cali,Cali,Coordinadora,KMS76128373,8900,2026-01-29 05:38:24,Entregado,2026-01-28 21:04:48,True,1.0,1.6433333333333333,True
PED000496,10,10,2026-01-17 07:09:08,2026-01-18 02:22:56,19.23,0,CEDI Bogotá,Bogotá D.C.,Inter Rapidísimo,KMS71978359,13900,2026-01-18 16:09:08,Entregado,2026-01-18 02:22:56,True,1.0,0.80125,True
PED000497,10,10,2026-01-03 13:22:07,2026-01-04 09:40:49,20.31,0,CEDI Cali,Cali,Inter Rapidísimo,KMS22659070,8900,2026-01-05 13:22:07,Entregado,2026-01-04 09:40:49,True,1.0,0.8463194444444444,True
PED000498,10,10,2026-02-21 21:48:00,2026-02-23 11:00:10,37.21,0,CEDI Bucaramanga,Bucaramanga,Coordinadora,KMS46413448,11900,2026-02-24 01:48:00,Entregado,2026-02-23 11:00:10,True,1.0,1.5501157407407407,True
PED000499,10,10,2026-03-27 21:33:14,2026-03-30 01:03:52,51.5,0,CEDI Bucaramanga,Bucaramanga,TCC,KMS48209456,9900,2026-03-30 01:33:14,Entregado,2026-03-30 01:03:52,True,1.0,2.1462731481481483,True
PED000500,10,10,2026-04-07 11:53:22,2026-04-10 08:33:28,68.66,0,CEDI Barranquilla,Barranquilla,TCC,KMS64166050,8900,2026-04-09 21:53:22,Entregado,2026-04-10 08:33:28,True,0.0,2.8611805555555554,True
PED000501,10,10,2026-06-07 00:07:59,2026-06-07 17:05:47,16.95,1,CEDI Bogotá,Bogotá D.C.,Coordinadora,KMS86954841,18900,2026-06-08 16:07:59,Entregado,2026-06-07 17:05:47,True,1.0,0.7068055555555556,True
PED000502,10,10,2026-04-29 16:43:12,2026-04-30 19:36:56,26.91,0,CEDI Bogotá,Bogotá D.C.,Envia,KMS28636845,11900,2026-05-01 08:43:12,Entregado,2026-04-30 19:36:56,True,1.0,1.120648148148148,True
PED000503,10,10,2026-02-04 14:05:40,2026-02-05 23:38:39,33.54,0,CEDI Bucaramanga,Bucaramanga,Coordinadora,KMS69181423,8900,2026-02-06 18:05:40,Entregado,2026-02-05 23:38:39,True,1.0,1.3979050925925927,True
PED000504,10,10,2026-03-21 22:04:47,2026-03-23 09:55:06,35.83,1,CEDI Medellín,Medellín,Coordinadora,KMS62626270,8900,2026-03-23 20:04:47,Entregado,2026-03-23 09:55:06,True,1.0,1.493275462962963,True
PED000505,10,10,2026-02-14 04:42:44,2026-02-15 11:36:59,30.89,0,CEDI Pereira,Pereira,Inter Rapidísimo,KMS72765533,11900,2026-02-16 06:42:44,Entregado,2026-02-15 11:36:59,True,1.0,1.2876736111111111,True
PED000506,10,10,2026-02-15 04:00:04,2026-02-17 07:05:50,51.12,0,CEDI Cali,Cali,Coordinadora,KMS45610433,13900,2026-02-17 04:00:04,Entregado,2026-02-17 07:05:50,True,0.0,2.1290046296296294,True
PED000507,10,10,2026-03-05 03:58:07,2026-03-06 21:09:59,41.21,0,CEDI Bucaramanga,Bucaramanga,Inter Rapidísimo,KMS88501275,15900,2026-03-07 00:58:07,Entregado,2026-03-06 21:09:59,True,1.0,1.716574074074074,True
PED000508,10,10,2026-06-05 18:31:26,2026-06-07 15:36:01,45.07,0,CEDI Barranquilla,Barranquilla,Coordinadora,KMS87548024,18900,2026-06-08 04:31:26,Entregado,2026-06-07 15:36:01,True,1.0,1.8781828703703705,True
PED000509,10,10,2026-02-14 06:42:10,2026-02-15 08:06:37,25.42,0,CEDI Medellín,Medellín,Servientrega,KMS77557252,13900,2026-02-16 04:42:10,Entregado,2026-02-15 08:06:37,True,1.0,1.0586458333333333,True
PED000510,10,10,2026-05-11 04:06:26,2026-05-14 00:29:34,68.37,0,CEDI Cali,Cali,Envia,KMS17539526,13090,2026-05-13 04:06:26,Entregado,2026-05-14 00:29:34,True,0.0,2.8493981481481483,True
PED000511,10,10,2026-03-20 13:07:00,2026-03-21 14:29:28,25.380000000000003,0,CEDI Bogotá,Bogotá D.C.,Envia,KMS72851038,8900,2026-03-21 22:07:00,Entregado,2026-03-21 14:29:28,True,1.0,1.0572685185185184,True
PED000512,10,10,2026-06-04 01:27:10,2026-06-05 19:34:02,42.11,0,CEDI Pereira,Pereira,Servientrega,KMS20998801,20790,2026-06-05 20:27:10,Entregado,2026-06-05 19:34:02,True,1.0,1.7547685185185184,True
PED000513,10,10,2026-02-23 11:59:58,2026-02-25 03:41:35,39.71,0,CEDI Cali,Cali,Servientrega,KMS14816052,11900,2026-02-25 04:59:58,Entregado,2026-02-25 03:41:35,True,1.0,1.653900462962963,True
PED000514,10,10,2026-03-30 01:10:57,2026-03-31 05:30:00,28.31,1,CEDI Barranquilla,Barranquilla,Servientrega,KMS31764085,18900,2026-04-01 04:10:57,Entregado,2026-03-31 05:30:00,True,1.0,1.1798958333333334,True
PED000515,10,10,2026-03-27 04:43:54,2026-03-29 21:08:02,64.39999999999999,1,CEDI Barranquilla,Barranquilla,Envia,KMS66605518,11900,2026-03-29 14:43:54,Entregado,2026-03-29 21:08:02,True,0.0,2.683425925925926,True
PED000516,10,10,2026-04-26 16:31:42,2026-04-28 08:08:39,39.62,0,CEDI Pereira,Pereira,Coordinadora,KMS82625719,13900,2026-04-28 11:31:42,Entregado,2026-04-28 08:08:39,True,1.0,1.6506597222222221,True
PED000517,10,10,2026-03-23 21:07:24,2026-03-26 04:03:01,54.93,0,CEDI Cali,Cali,Inter Rapidísimo,KMS33437475,11900,2026-03-25 21:07:24,Entregado,2026-03-26 04:03:01,True,0.0,2.288622685185185,True
PED000518,10,10,2026-01-28 13:20:24,2026-01-30 08:09:25,42.81,0,CEDI Medellín,Medellín,Inter Rapidísimo,KMS79932569,11900,2026-01-30 04:20:24,Entregado,2026-01-30 08:09:25,True,0.0,1.7840393518518518,True
PED000519,10,10,2026-05-19 15:01:18,2026-05-21 05:58:43,38.97,0,CEDI Bucaramanga,Bucaramanga,Envia,KMS21606704,15900,2026-05-21 19:01:18,Entregado,2026-05-21 05:58:43,True,1.0,1.6232060185185184,True
PED000520,10,10,2026-04-16 19:57:42,2026-04-18 10:22:56,38.410000000000004,0,CEDI Medellín,Medellín,Inter Rapidísimo,KMS56401736,11900,2026-04-18 17:57:42,Entregado,2026-04-18 10:22:56,True,1.0,1.6008564814814814,True
PED000521,10,10,2026-05-05 00:08:41,2026-05-08 00:48:53,72.67,0,CEDI Barranquilla,Barranquilla,Coordinadora,KMS63947196,15900,2026-05-07 10:08:41,Entregado,2026-05-08 00:48:53,True,0.0,3.0279166666666666,True
PED000522,10,10,2026-04-23 23:56:06,2026-04-25 11:36:36,35.68,0,CEDI Bogotá,Bogotá D.C.,Envia,KMS52247416,17490,2026-04-25 15:56:06,Entregado,2026-04-25 11:36:36,True,1.0,1.4864583333333334,True
PED000523,10,10,2026-01-02 06:37:37,2026-01-03 12:36:33,29.98,0,CEDI Bucaramanga,Bucaramanga,Servientrega,KMS76897197,13900,2026-01-04 03:37:37,Entregado,2026-01-03 12:36:33,True,1.0,1.2492592592592593,True
PED000524,10,10,2026-01-04 00:22:14,2026-01-04 23:07:43,22.759999999999998,0,CEDI Medellín,Medellín,Envia,KMS10246016,9900,2026-01-05 22:22:14,Entregado,2026-01-04 23:07:43,True,1.0,0.9482523148148149,True
PED000525,10,10,2026-06-01 20:57:49,2026-06-03 04:54:33,31.93,0,CEDI Bogotá,Bogotá D.C.,Coordinadora,KMS90291986,15900,2026-06-03 05:57:49,Entregado,2026-06-03 04:54:33,True,1.0,1.3310648148148148,True
PED000526,10,10,2026-01-28 10:11:16,2026-01-29 21:42:57,35.54,1,CEDI Cali,Cali,Inter Rapidísimo,KMS59472720,13900,2026-01-30 03:11:16,Entregado,2026-01-29 21:42:57,True,1.0,1.4803356481481482,True
PED000527,10,10,2026-01-10 01:45:13,2026-01-12 12:32:42,58.81,0,CEDI Barranquilla,Barranquilla,Servientrega,KMS35200222,13900,2026-01-12 04:45:13,Entregado,2026-01-12 12:32:42,True,0.0,2.449641203703704,True
PED000528,10,10,2026-03-04 12:15:44,2026-03-06 10:21:31,46.09,0,CEDI Bucaramanga,Bucaramanga,Envia,KMS20795777,15900,2026-03-06 16:15:44,Entregado,2026-03-06 10:21:31,True,1.0,1.9206828703703704,True
PED000529,10,10,2026-06-02 15:43:13,2026-06-03 08:17:58,16.58,0,CEDI Bogotá,Bogotá D.C.,Envia,KMS20562911,9900,2026-06-04 07:43:13,Entregado,2026-06-03 08:17:58,True,1.0,0.6907986111111111,True
PED000530,10,10,2026-04-26 18:14:02,2026-04-27 18:22:53,24.15,0,CEDI Bogotá,Bogotá D.C.,Inter Rapidísimo,KMS63573672,13900,2026-04-28 03:14:02,Entregado,2026-04-27 18:22:53,True,1.0,1.0061458333333333,True
PED000531,10,10,2026-06-05 22:27:59,2026-06-07 04:21:45,29.89,0,CEDI Pereira,Pereira,TCC,KMS30045961,9900,2026-06-07 17:27:59,Entregado,2026-06-07 04:21:45,True,1.0,1.2456712962962964,True
PED000532,10,10,2026-03-15 17:46:15,2026-03-17 11:24:00,41.63,1,CEDI Cali,Cali,Inter Rapidísimo,KMS45822956,13900,2026-03-17 17:46:15,Entregado,2026-03-17 11:24:00,True,1.0,1.734548611111111,True
PED000533,10,10,2026-04-21 02:34:31,2026-04-22 05:59:06,27.4,0,CEDI Medellín,Medellín,Coordinadora,KMS51650558,9900,2026-04-23 00:34:31,Entregado,2026-04-22 05:59:06,True,1.0,1.1420717592592593,True
PED000534,10,10,2026-04-04 21:41:07,2026-04-06 01:07:04,27.45,0,CEDI Bogotá,Bogotá D.C.,Inter Rapidísimo,KMS80117560,13900,2026-04-06 13:41:07,Entregado,2026-04-06 01:07:04,True,1.0,1.1430208333333334,True
PED000535,10,10,2026-06-29 04:05:03,2026-06-30 09:20:43,29.27,0,CEDI Medellín,Medellín,Coordinadora,KMS63925106,15900,2026-07-01 02:05:03,Entregado,2026-06-30 09:20:43,True,1.0,1.2192129629629629,True
PED000536,10,10,2026-06-04 16:38:56,2026-06-06 00:35:51,31.95,0,CEDI Bucaramanga,Bucaramanga,Envia,KMS13941293,15900,2026-06-06 20:38:56,Entregado,2026-06-06 00:35:51,True,1.0,1.3311921296296296,True
PED000537,10,10,2026-04-08 17:02:16,2026-04-09 14:51:03,21.81,0,CEDI Medellín,Medellín,TCC,KMS31486651,15900,2026-04-10 08:02:16,Entregado,2026-04-09 14:51:03,True,1.0,0.9088773148148148,True
PED000538,10,10,2026-02-15 03:22:10,2026-02-15 17:56:08,14.57,0,CEDI Cali,Cali,Inter Rapidísimo,KMS59593956,9900,2026-02-17 03:22:10,Entregado,2026-02-15 17:56:08,True,1.0,0.6069212962962963,True
PED000539,10,10,2026-03-26 04:43:03,2026-03-27 11:03:38,30.34,0,CEDI Cali,Cali,Servientrega,KMS19004464,17490,2026-03-27 21:43:03,Entregado,2026-03-27 11:03:38,True,1.0,1.2642939814814815,True
PED000540,10,10,2026-02-10 15:55:18,2026-02-11 06:50:37,14.92,0,CEDI Bogotá,Bogotá D.C.,Envia,KMS71269960,15900,2026-02-12 00:55:18,Entregado,2026-02-11 06:50:37,True,1.0,0.6217476851851852,True
PED000541,10,10,2026-04-07 13:55:01,2026-04-08 23:31:10,33.61,0,CEDI Medellín,Medellín,Coordinadora,KMS74514897,13900,2026-04-09 11:55:01,Entregado,2026-04-08 23:31:10,True,1.0,1.4001041666666667,True
PED000542,10,10,2026-01-29 06:10:00,2026-01-30 02:09:04,19.98,0,CEDI Pereira,Pereira,Envia,KMS27301028,9790,2026-01-31 08:10:00,Entregado,2026-01-30 02:09:04,True,1.0,0.8326851851851852,True
PED000543,10,10,2026-03-13 22:33:11,2026-03-15 02:56:33,28.39,0,CEDI Medellín,Medellín,Envia,KMS51623389,20790,2026-03-15 20:33:11,Entregado,2026-03-15 02:56:33,True,1.0,1.1828935185185185,True
PED000544,10,10,2026-05-20 00:53:33,2026-05-22 00:09:30,47.27,0,CEDI Pereira,Pereira,Envia,KMS18368972,15900,2026-05-22 02:53:33,Entregado,2026-05-22 00:09:30,True,1.0,1.9694097222222222,True
PED000545,10,10,2026-02-20 10:26:25,2026-02-22 20:17:57,57.86,0,CEDI Medellín,Medellín,TCC,KMS20948059,8900,2026-02-22 08:26:25,Entregado,2026-02-22 20:17:57,True,0.0,2.410787037037037,True
PED000546,10,10,2026-02-02 16:15:53,2026-02-05 20:19:24,76.06,0,CEDI Barranquilla,Barranquilla,Inter Rapidísimo,KMS80345392,15900,2026-02-05 02:15:53,Entregado,2026-02-05 20:19:24,True,0.0,3.1691087962962965,True
PED000547,10,10,2026-05-31 13:37:49,2026-06-01 12:14:07,22.59,0,CEDI Bogotá,Bogotá D.C.,Inter Rapidísimo,KMS61885783,11900,2026-06-02 05:37:49,Entregado,2026-06-01 12:14:07,True,1.0,0.941875,True
PED000548,10,10,2026-05-08 05:02:16,2026-05-10 03:54:55,46.89,0,CEDI Barranquilla,Barranquilla,Coordinadora,KMS71190781,9900,2026-05-10 15:02:16,Entregado,2026-05-10 03:54:55,True,1.0,1.9532291666666666,True
PED000549,10,10,2026-02-09 22:55:02,2026-02-11 00:33:04,25.619999999999997,0,CEDI Bogotá,Bogotá D.C.,Envia,KMS42246520,10890,2026-02-11 14:55:02,Entregado,2026-02-11 00:33:04,True,1.0,1.0680787037037036,True
PED000550,10,10,2026-02-25 20:00:35,2026-02-27 12:00:54,39.989999999999995,0,CEDI Bogotá,Bogotá D.C.,Coordinadora,KMS49325299,20790,2026-02-27 12:00:35,Entregado,2026-02-27 12:00:54,True,0.0,1.6668865740740741,True
PED000551,10,10,2026-04-17 20:43:50,2026-04-19 13:55:41,41.19,0,CEDI Bucaramanga,Bucaramanga,Coordinadora,KMS85827026,18900,2026-04-20 00:43:50,Entregado,2026-04-19 13:55:41,True,1.0,1.7165625,True
PED000552,10,10,2026-06-28 01:04:14,2026-06-29 08:47:24,31.72,0,CEDI Bogotá,Bogotá D.C.,Envia,KMS31403612,15900,2026-06-29 17:04:14,Entregado,2026-06-29 08:47:24,True,1.0,1.3216435185185185,True
PED000553,10,10,2026-03-28 05:52:32,2026-03-29 13:39:06,31.78,0,CEDI Medellín,Medellín,Coordinadora,KMS94068770,13900,2026-03-30 03:52:32,Entregado,2026-03-29 13:39:06,True,1.0,1.3240046296296297,True
PED000554,10,10,2026-01-15 02:17:49,2026-01-16 18:49:43,40.54,0,CEDI Medellín,Medellín,TCC,KMS49030884,15900,2026-01-17 00:17:49,Entregado,2026-01-16 18:49:43,True,1.0,1.6888194444444444,True
PED000555,10,10,2026-04-08 06:00:04,2026-04-09 16:07:48,34.12,0,CEDI Cali,Cali,Inter Rapidísimo,KMS42321715,8900,2026-04-09 23:00:04,Entregado,2026-04-09 16:07:48,True,1.0,1.422037037037037,True
PED000556,10,10,2026-01-26 08:50:52,2026-01-26 18:50:52,9.99,0,CEDI Bogotá,Bogotá D.C.,Envia,KMS39111271,13090,2026-01-27 17:50:52,Entregado,2026-01-26 18:50:52,True,1.0,0.4166666666666667,True
PED000557,10,10,2026-02-06 09:32:54,2026-02-07 22:41:15,37.14,0,CEDI Cali,Cali,Servientrega,KMS92751331,18900,2026-02-08 09:32:54,Entregado,2026-02-07 22:41:15,True,1.0,1.5474652777777778,True
PED000558,10,10,2026-05-05 06:59:06,2026-05-06 17:48:07,34.82,0,CEDI Cali,Cali,Inter Rapidísimo,KMS17781321,13090,2026-05-07 06:59:06,Entregado,2026-05-06 17:48:07,True,1.0,1.4507060185185185,True
PED000559,10,10,2026-01-29 20:06:24,2026-01-31 07:39:04,35.54,0,CEDI Medellín,Medellín,TCC,KMS92769187,11900,2026-01-31 18:06:24,Entregado,2026-01-31 07:39:04,True,1.0,1.4810185185185185,True
PED000560,9,9,2026-03-04 03:19:18,2026-03-05 16:25:47,36.120000000000005,0,CEDI Cali,Cali,Coordinadora,KMS97261906,11900,2026-03-06 03:19:18,Entregado,2026-03-05 16:25:47,True,1.0,1.5461689814814814,False
PED000561,10,10,2026-04-12 00:16:19,2026-04-13 11:01:38,34.75,0,CEDI Medellín,Medellín,Coordinadora,KMS16847992,15290,2026-04-13 22:16:19,Entregado,2026-04-13 11:01:38,True,1.0,1.4481365740740741,True
PED000562,10,10,2026-01-31 22:14:18,2026-02-02 20:20:18,46.11,0,CEDI Barranquilla,Barranquilla,Inter Rapidísimo,KMS82555930,17490,2026-02-03 08:14:18,Entregado,2026-02-02 20:20:18,True,1.0,1.9208333333333334,True
PED000563,10,10,2026-03-20 01:11:02,2026-03-20 14:09:01,12.96,0,CEDI Bogotá,Bogotá D.C.,Coordinadora,KMS50978852,18900,2026-03-21 10:11:02,Entregado,2026-03-20 14:09:01,True,1.0,0.5402662037037037,True
PED000564,10,10,2026-05-22 06:04:44,2026-05-23 23:03:05,40.980000000000004,0,CEDI Medellín,Medellín,Envia,KMS69249812,10890,2026-05-24 04:04:44,Entregado,2026-05-23 23:03:05,True,1.0,1.7071875,True
PED000565,10,10,2026-04-18 16:52:54,2026-04-19 22:01:15,29.15,0,CEDI Medellín,Medellín,Envia,KMS50215109,8900,2026-04-20 14:52:54,Entregado,2026-04-19 22:01:15,True,1.0,1.2141319444444445,True
PED000566,10,10,2026-05-31 03:58:53,2026-06-01 07:01:38,27.06,0,CEDI Bogotá,Bogotá D.C.,Servientrega,KMS28481793,17490,2026-06-01 12:58:53,Entregado,2026-06-01 07:01:38,True,1.0,1.1269097222222222,True
PED000567,10,10,2026-06-12 06:28:24,2026-06-13 21:50:53,39.370000000000005,0,CEDI Cali,Cali,Coordinadora,KMS51608396,9790,2026-06-13 23:28:24,Entregado,2026-06-13 21:50:53,True,1.0,1.640613425925926,True
PED000568,10,10,2026-05-01 12:55:33,2026-05-03 00:04:22,35.16,0,CEDI Pereira,Pereira,Coordinadora,KMS11930609,9900,2026-05-03 07:55:33,Entregado,2026-05-03 00:04:22,True,1.0,1.4644560185185185,True
PED000569,10,10,2026-05-09 21:15:00,2026-05-11 22:26:26,49.17,0,CEDI Barranquilla,Barranquilla,Servientrega,KMS52882157,8900,2026-05-12 07:15:00,Entregado,2026-05-11 22:26:26,True,1.0,2.0496064814814816,True
PED000570,10,10,2026-02-01 15:25:19,2026-02-02 19:21:02,27.94,0,CEDI Cali,Cali,Envia,KMS37479110,15290,2026-02-03 15:25:19,Entregado,2026-02-02 19:21:02,True,1.0,1.1636921296296296,True
PED000571,10,10,2026-06-21 03:24:49,2026-06-22 10:54:21,31.5,0,CEDI Bogotá,Bogotá D.C.,TCC,KMS89990653,9900,2026-06-22 12:24:49,Entregado,2026-06-22 10:54:21,True,1.0,1.312175925925926,True
PED000572,10,10,2026-02-17 03:48:39,2026-02-17 20:20:04,16.52,0,CEDI Cali,Cali,Inter Rapidísimo,KMS94911585,8900,2026-02-18 20:48:39,Entregado,2026-02-17 20:20:04,True,1.0,0.6884837962962963,True
PED000573,10,10,2026-05-08 21:33:09,2026-05-10 04:32:49,31.0,0,CEDI Bogotá,Bogotá D.C.,TCC,KMS17509636,18900,2026-05-10 13:33:09,Entregado,2026-05-10 04:32:49,True,1.0,1.291435185185185,True
PED000574,10,10,2026-05-26 10:52:51,2026-05-27 11:49:50,24.96,0,CEDI Bogotá,Bogotá D.C.,Inter Rapidísimo,KMS22453059,13900,2026-05-28 02:52:51,Entregado,2026-05-27 11:49:50,True,1.0,1.0395717592592593,True
PED000575,10,10,2026-02-27 07:01:29,2026-02-28 19:19:29,36.3,0,CEDI Bucaramanga,Bucaramanga,Envia,KMS28334233,9900,2026-03-01 11:01:29,Entregado,2026-02-28 19:19:29,True,1.0,1.5125,True
PED000576,10,10,2026-06-11 02:47:57,2026-06-11 17:16:58,14.49,0,CEDI Bogotá,Bogotá D.C.,TCC,KMS63460612,18900,2026-06-12 11:47:57,Entregado,2026-06-11 17:16:58,True,1.0,0.6034837962962963,True
PED000577,10,10,2026-02-21 15:39:50,2026-02-23 03:18:58,35.64,0,CEDI Pereira,Pereira,TCC,KMS94866385,17490,2026-02-23 17:39:50,Entregado,2026-02-23 03:18:58,True,1.0,1.4855092592592594,True
PED000578,10,10,2026-05-10 11:28:19,2026-05-11 15:07:50,27.66,0,CEDI Bogotá,Bogotá D.C.,TCC,KMS93609426,8900,2026-05-12 03:28:19,Entregado,2026-05-11 15:07:50,True,1.0,1.1524421296296297,True
PED000579,10,10,2026-01-11 20:45:04,2026-01-13 12:45:29,40.01,0,CEDI Bogotá,Bogotá D.C.,TCC,KMS87846358,15900,2026-01-13 12:45:04,Entregado,2026-01-13 12:45:29,True,0.0,1.6669560185185186,True
PED000580,10,10,2026-05-09 09:47:56,2026-05-10 17:45:05,31.95,0,CEDI Cali,Cali,Servientrega,KMS76402315,9900,2026-05-11 02:47:56,Entregado,2026-05-10 17:45:05,True,1.0,1.3313541666666666,True
PED000581,10,10,2026-01-14 18:48:43,2026-01-15 11:29:08,16.69,0,CEDI Bogotá,Bogotá D.C.,Inter Rapidísimo,KMS43341239,20790,2026-01-16 03:48:43,Entregado,2026-01-15 11:29:08,True,1.0,0.6947337962962963,True
PED000582,10,10,2026-03-20 05:40:52,2026-03-21 18:04:55,36.41,0,CEDI Bucaramanga,Bucaramanga,Servientrega,KMS82434024,10890,2026-03-22 02:40:52,Entregado,2026-03-21 18:04:55,True,1.0,1.516701388888889,True
PED000583,10,10,2026-06-26 20:48:51,2026-06-28 17:40:13,44.870000000000005,0,CEDI Barranquilla,Barranquilla,Inter Rapidísimo,KMS80873502,9900,2026-06-28 23:48:51,Entregado,2026-06-28 17:40:13,True,1.0,1.8690046296296297,True
PED000584,10,10,2026-03-30 12:33:45,2026-03-31 14:28:39,25.93,0,CEDI Medellín,Medellín,TCC,KMS26914246,13900,2026-04-01 10:33:45,Entregado,2026-03-31 14:28:39,True,1.0,1.0797916666666667,True
PED000585,10,10,2026-04-23 12:08:23,2026-04-24 16:45:25,28.63,0,CEDI Cali,Cali,Envia,KMS73572420,20790,2026-04-25 12:08:23,Entregado,2026-04-24 16:45:25,True,1.0,1.1923842592592593,True
PED000586,10,10,2026-01-01 09:08:59,2026-01-02 20:28:38,35.34,0,CEDI Medellín,Medellín,Coordinadora,KMS72625978,9900,2026-01-03 07:08:59,Entregado,2026-01-02 20:28:38,True,1.0,1.4719791666666666,True
PED000587,10,10,2026-02-24 19:33:34,2026-02-25 16:54:44,21.37,0,CEDI Bogotá,Bogotá D.C.,Inter Rapidísimo,KMS79846361,9900,2026-02-26 11:33:34,Entregado,2026-02-25 16:54:44,True,1.0,0.8896990740740741,True
PED000588,10,10,2026-03-12 08:01:44,2026-03-12 18:39:43,10.620000000000001,0,CEDI Bogotá,Bogotá D.C.,Envia,KMS51457875,15900,2026-03-13 17:01:44,Entregado,2026-03-12 18:39:43,True,1.0,0.4430439814814815,True
PED000589,10,10,2026-05-27 04:13:31,2026-05-28 02:11:21,21.97,0,CEDI Medellín,Medellín,TCC,KMS32793134,18900,2026-05-28 19:13:31,Entregado,2026-05-28 02:11:21,True,1.0,0.915162037037037,True
PED000590,10,10,2026-02-24 17:29:18,2026-02-25 22:38:56,29.16,1,CEDI Medellín,Medellín,Envia,KMS80126096,9900,2026-02-26 15:29:18,Entregado,2026-02-25 22:38:56,True,1.0,1.2150231481481482,True
PED000591,10,10,2026-03-05 11:59:49,2026-03-06 23:56:57,35.95,0,CEDI Cali,Cali,TCC,KMS79800904,17490,2026-03-07 11:59:49,Entregado,2026-03-06 23:56:57,True,1.0,1.4980092592592593,True
PED000592,10,10,2026-05-06 00:59:39,2026-05-07 14:08:07,37.16,0,CEDI Bogotá,Bogotá D.C.,Inter Rapidísimo,KMS16603653,15290,2026-05-07 16:59:39,Entregado,2026-05-07 14:08:07,True,1.0,1.5475462962962963,True
PED000593,10,10,2026-04-28 13:29:17,2026-04-30 04:18:37,38.82,0,CEDI Bogotá,Bogotá D.C.,Inter Rapidísimo,KMS70593637,18900,2026-04-30 05:29:17,Entregado,2026-04-30 04:18:37,True,1.0,1.6175925925925927,True
PED000594,10,10,2026-02-04 01:36:45,2026-02-04 23:28:53,21.84,0,CEDI Bogotá,Bogotá D.C.,Inter Rapidísimo,KMS25102491,9900,2026-02-05 17:36:45,Entregado,2026-02-04 23:28:53,True,1.0,0.9112037037037037,True
PED000595,10,10,2026-05-07 10:04:52,2026-05-09 08:57:48,46.87,0,CEDI Pereira,Pereira,Servientrega,KMS92110408,9790,2026-05-09 12:04:52,Entregado,2026-05-09 08:57:48,True,1.0,1.953425925925926,True
PED000596,10,10,2026-06-13 11:16:28,2026-06-15 04:51:08,41.58,1,CEDI Medellín,Medellín,Inter Rapidísimo,KMS95972659,8900,2026-06-15 09:16:28,Entregado,2026-06-15 04:51:08,True,1.0,1.7324074074074074,True
PED000597,10,10,2026-01-15 13:01:00,2026-01-16 14:41:28,25.68,0,CEDI Cali,Cali,Servientrega,KMS79046469,9900,2026-01-17 13:01:00,Entregado,2026-01-16 14:41:28,True,1.0,1.0697685185185186,True
PED000598,10,10,2026-06-19 17:09:06,2026-06-21 02:45:58,33.61,0,CEDI Medellín,Medellín,TCC,KMS53861287,15900,2026-06-21 15:09:06,Entregado,2026-06-21 02:45:58,True,1.0,1.400601851851852,True
PED000599,10,10,2026-02-20 13:18:23,2026-02-21 22:05:08,32.769999999999996,0,CEDI Medellín,Medellín,TCC,KMS86105992,15900,2026-02-22 11:18:23,Entregado,2026-02-21 22:05:08,True,1.0,1.3657986111111111,True
PED000600,10,10,2026-02-19 04:32:35,2026-02-19 18:19:04,13.77,0,CEDI Cali,Cali,Inter Rapidísimo,KMS90119693,15290,2026-02-20 21:32:35,Entregado,2026-02-19 18:19:04,True,1.0,0.5739467592592593,True
PED000601,10,10,2026-01-21 02:38:48,2026-01-22 14:16:27,35.64,0,CEDI Cali,Cali,Inter Rapidísimo,KMS61229364,9900,2026-01-23 02:38:48,Entregado,2026-01-22 14:16:27,True,1.0,1.4844791666666666,True
PED000602,10,10,2026-01-07 02:48:54,2026-01-08 16:35:23,37.769999999999996,0,CEDI Cali,Cali,TCC,KMS54967156,15900,2026-01-09 02:48:54,Entregado,2026-01-08 16:35:23,True,1.0,1.5739467592592593,True
PED000603,10,10,2026-05-04 11:04:56,2026-05-05 14:54:08,27.810000000000002,0,CEDI Bogotá,Bogotá D.C.,Envia,KMS27086936,11900,2026-05-05 20:04:56,Entregado,2026-05-05 14:54:08,True,1.0,1.1591666666666667,True
PED000604,10,10,2026-04-28 03:31:47,2026-04-30 21:04:45,65.54,0,CEDI Cali,Cali,Coordinadora,KMS62628135,15290,2026-04-30 03:31:47,Entregado,2026-04-30 21:04:45,True,0.0,2.7312268518518517,True
PED000605,10,10,2026-01-25 03:40:33,2026-01-25 21:10:58,17.5,0,CEDI Bucaramanga,Bucaramanga,Inter Rapidísimo,KMS25699288,8900,2026-01-27 00:40:33,Entregado,2026-01-25 21:10:58,True,1.0,0.7294560185185185,True
PED000606,10,10,2026-01-06 02:13:22,2026-01-07 11:56:16,33.71,0,CEDI Pereira,Pereira,Coordinadora,KMS60848054,9900,2026-01-07 21:13:22,Entregado,2026-01-07 11:56:16,True,1.0,1.4047916666666667,True
PED000607,10,10,2026-03-18 19:57:00,2026-03-20 12:10:28,40.22,0,CEDI Barranquilla,Barranquilla,TCC,KMS44448180,15290,2026-03-20 22:57:00,Entregado,2026-03-20 12:10:28,True,1.0,1.6760185185185186,True
PED000608,10,10,2026-04-27 10:38:08,2026-04-28 09:53:26,23.240000000000002,0,CEDI Cali,Cali,Servientrega,KMS33202438,9900,2026-04-29 03:38:08,Entregado,2026-04-28 09:53:26,True,1.0,0.9689583333333334,True
PED000609,10,10,2026-04-13 11:46:46,2026-04-15 04:45:11,40.96,0,CEDI Medellín,Medellín,TCC,KMS91986830,9900,2026-04-15 09:46:46,Entregado,2026-04-15 04:45:11,True,1.0,1.7072337962962962,True
PED000610,10,10,2026-06-28 14:19:32,2026-06-30 08:05:20,41.769999999999996,0,CEDI Barranquilla,Barranquilla,Coordinadora,KMS62330010,8900,2026-06-30 17:19:32,Entregado,2026-06-30 08:05:20,True,1.0,1.740138888888889,True
PED000611,10,10,2026-02-09 10:46:22,2026-02-11 03:13:14,40.45,0,CEDI Medellín,Medellín,Envia,KMS22213284,9900,2026-02-11 08:46:22,Entregado,2026-02-11 03:13:14,True,1.0,1.685324074074074,True
PED000612,10,10,2026-04-06 08:58:14,2026-04-07 07:58:12,22.99,1,CEDI Bogotá,Bogotá D.C.,Coordinadora,KMS99554934,10890,2026-04-07 17:58:14,Entregado,2026-04-07 07:58:12,True,1.0,0.9583101851851852,True
PED000613,10,10,2026-06-27 12:41:17,2026-06-29 03:40:12,38.989999999999995,0,CEDI Medellín,Medellín,Coordinadora,KMS37059651,15900,2026-06-29 03:41:17,Entregado,2026-06-29 03:40:12,True,1.0,1.6242476851851853,True
PED000614,10,10,2026-02-15 21:34:59,2026-02-17 15:16:23,41.68,0,CEDI Barranquilla,Barranquilla,TCC,KMS99339541,9900,2026-02-18 07:34:59,Entregado,2026-02-17 15:16:23,True,1.0,1.7370833333333333,True
PED000615,10,10,2026-05-30 05:47:39,2026-06-01 23:05:21,65.3,0,CEDI Medellín,Medellín,Envia,KMS13400803,9900,2026-06-01 03:47:39,Entregado,2026-06-01 23:05:21,True,0.0,2.720625,True
PED000616,10,10,2026-04-02 19:50:46,2026-04-03 16:18:25,20.47,0,CEDI Bogotá,Bogotá D.C.,Servientrega,KMS23135388,15900,2026-04-04 11:50:46,Entregado,2026-04-03 16:18:25,True,1.0,0.8525347222222223,True
PED000617,10,10,2026-06-29 00:23:28,2026-06-30 20:26:29,44.050000000000004,0,CEDI Barranquilla,Barranquilla,Coordinadora,KMS90378569,8900,2026-07-01 10:23:28,Entregado,2026-06-30 20:26:29,True,1.0,1.8354282407407407,True
PED000618,10,10,2026-04-11 10:01:40,2026-04-12 13:59:06,27.96,0,CEDI Bogotá,Bogotá D.C.,Envia,KMS87786177,8900,2026-04-13 02:01:40,Entregado,2026-04-12 13:59:06,True,1.0,1.1648842592592592,True
PED000619,10,10,2026-02-16 04:49:07,2026-02-17 20:56:27,40.129999999999995,0,CEDI Bucaramanga,Bucaramanga,TCC,KMS18571173,11900,2026-02-18 08:49:07,Entregado,2026-02-17 20:56:27,True,1.0,1.6717592592592592,True
PED000620,10,10,2026-06-03 08:07:36,2026-06-04 20:09:39,36.04,0,CEDI Bucaramanga,Bucaramanga,TCC,KMS69281749,15290,2026-06-05 12:07:36,Entregado,2026-06-04 20:09:39,True,1.0,1.501423611111111,True
PED000621,10,10,2026-06-15 03:20:03,2026-06-16 04:04:34,24.74,0,CEDI Bogotá,Bogotá D.C.,Inter Rapidísimo,KMS24230994,13090,2026-06-16 12:20:03,Entregado,2026-06-16 04:04:34,True,1.0,1.0309143518518518,True
PED000622,10,10,2026-02-06 02:58:57,2026-02-07 18:40:17,39.68,0,CEDI Bogotá,Bogotá D.C.,Servientrega,KMS26425256,15900,2026-02-07 18:58:57,Entregado,2026-02-07 18:40:17,True,1.0,1.6537037037037037,True
PED000623,10,10,2026-01-20 02:00:10,2026-01-21 04:51:48,26.86,0,CEDI Bogotá,Bogotá D.C.,Servientrega,KMS10863515,11900,2026-01-21 11:00:10,Entregado,2026-01-21 04:51:48,True,1.0,1.1191898148148147,True
PED000624,10,10,2026-01-25 08:53:53,2026-01-26 01:11:29,16.3,0,CEDI Bogotá,Bogotá D.C.,TCC,KMS32252159,10890,2026-01-27 00:53:53,Entregado,2026-01-26 01:11:29,True,1.0,0.6788888888888889,True
PED000625,10,10,2026-03-12 16:55:20,2026-03-14 00:23:13,31.45,0,CEDI Bogotá,Bogotá D.C.,Inter Rapidísimo,KMS59897669,18900,2026-03-14 08:55:20,Entregado,2026-03-14 00:23:13,True,1.0,1.3110300925925926,True
PED000626,10,10,2026-02-22 18:32:08,2026-02-24 04:01:23,33.5,0,CEDI Pereira,Pereira,Inter Rapidísimo,KMS22715636,15900,2026-02-24 13:32:08,Entregado,2026-02-24 04:01:23,True,1.0,1.3953125,True
PED000627,10,10,2026-04-04 13:04:56,2026-04-05 14:29:33,25.4,0,CEDI Bogotá,Bogotá D.C.,Servientrega,KMS62544224,18900,2026-04-06 05:04:56,Entregado,2026-04-05 14:29:33,True,1.0,1.0587615740740741,True
PED000628,10,10,2026-03-20 12:45:38,2026-03-21 18:43:41,29.96,0,CEDI Medellín,Medellín,Servientrega,KMS87267407,18900,2026-03-22 03:45:38,Entregado,2026-03-21 18:43:41,True,1.0,1.2486458333333332,True
PED000629,10,10,2026-05-09 17:00:37,2026-05-11 12:03:23,43.04,0,CEDI Cali,Cali,Servientrega,KMS99961435,11900,2026-05-11 10:00:37,Entregado,2026-05-11 12:03:23,True,0.0,1.793587962962963,True
PED000630,10,10,2026-06-28 18:13:57,2026-06-30 08:43:51,38.5,0,CEDI Bucaramanga,Bucaramanga,Coordinadora,KMS80368801,10890,2026-06-30 22:13:57,Entregado,2026-06-30 08:43:51,True,1.0,1.6040972222222223,True
PED000631,10,10,2026-05-19 01:01:25,2026-05-20 04:11:16,27.17,0,CEDI Medellín,Medellín,Coordinadora,KMS67137420,18900,2026-05-20 16:01:25,Entregado,2026-05-20 04:11:16,True,1.0,1.1318402777777778,True
PED000632,10,10,2026-04-12 19:04:07,2026-04-14 05:31:42,34.46,0,CEDI Cali,Cali,Coordinadora,KMS38325325,13900,2026-04-14 12:04:07,Entregado,2026-04-14 05:31:42,True,1.0,1.4358217592592593,True
PED000633,10,10,2026-01-02 01:45:54,2026-01-03 13:36:51,35.85,0,CEDI Bogotá,Bogotá D.C.,Envia,KMS49623283,11900,2026-01-03 17:45:54,Entregado,2026-01-03 13:36:51,True,1.0,1.4937152777777778,True
PED000634,10,10,2026-03-19 16:31:21,2026-03-21 19:01:27,50.49,0,CEDI Bogotá,Bogotá D.C.,Servientrega,KMS91511674,9900,2026-03-21 08:31:21,Entregado,2026-03-21 19:01:27,True,0.0,2.104236111111111,True
PED000635,10,10,2026-04-14 17:04:27,2026-04-16 05:42:12,36.620000000000005,0,CEDI Bogotá,Bogotá D.C.,Servientrega,KMS76239692,15900,2026-04-16 09:04:27,Entregado,2026-04-16 05:42:12,True,1.0,1.5262152777777778,True
PED000636,10,10,2026-06-05 13:43:36,2026-06-06 21:16:10,31.54,0,CEDI Bogotá,Bogotá D.C.,Inter Rapidísimo,KMS72948638,15900,2026-06-07 05:43:36,Entregado,2026-06-06 21:16:10,True,1.0,1.3142824074074073,True
PED000637,10,10,2026-01-20 07:28:22,2026-01-22 22:23:27,62.93,0,CEDI Medellín,Medellín,Coordinadora,KMS84747833,18900,2026-01-22 05:28:22,Entregado,2026-01-22 22:23:27,True,0.0,2.621585648148148,True
PED000638,10,10,2026-01-25 18:49:07,2026-01-27 18:45:56,47.949999999999996,1,CEDI Bucaramanga,Bucaramanga,Inter Rapidísimo,KMS84776146,8900,2026-01-27 15:49:07,Entregado,2026-01-27 18:45:56,True,0.0,1.997789351851852,True
PED000639,10,10,2026-04-26 01:08:44,2026-04-28 03:58:24,50.83,0,CEDI Bogotá,Bogotá D.C.,Coordinadora,KMS51160941,10890,2026-04-27 17:08:44,Entregado,2026-04-28 03:58:24,True,0.0,2.117824074074074,True
PED000640,10,10,2026-03-21 06:22:39,2026-03-23 20:57:31,62.59,0,CEDI Cali,Cali,TCC,KMS48929434,15290,2026-03-23 06:22:39,Entregado,2026-03-23 20:57:31,True,0.0,2.607546296296296,True
PED000641,10,10,2026-02-25 13:25:51,2026-02-26 21:01:32,31.6,0,CEDI Medellín,Medellín,Inter Rapidísimo,KMS18869457,9900,2026-02-27 04:25:51,Entregado,2026-02-26 21:01:32,True,1.0,1.3164467592592592,True
PED000642,10,10,2026-03-17 17:46:51,2026-03-19 04:13:29,34.45,0,CEDI Pereira,Pereira,TCC,KMS28022421,8900,2026-03-19 19:46:51,Entregado,2026-03-19 04:13:29,True,1.0,1.435162037037037,True
PED000643,10,10,2026-06-10 11:03:13,2026-06-12 14:18:24,51.25,0,CEDI Barranquilla,Barranquilla,Envia,KMS36145935,18900,2026-06-12 21:03:13,Entregado,2026-06-12 14:18:24,True,1.0,2.1355439814814816,True
PED000644,10,10,2026-05-25 04:07:14,2026-05-26 23:26:09,43.31,0,CEDI Pereira,Pereira,Servientrega,KMS17017725,13900,2026-05-26 23:07:14,Entregado,2026-05-26 23:26:09,True,0.0,1.8048032407407408,True
PED000645,10,10,2026-06-09 16:36:09,2026-06-10 20:03:22,27.46,0,CEDI Bogotá,Bogotá D.C.,Coordinadora,KMS93562464,9900,2026-06-11 08:36:09,Entregado,2026-06-10 20:03:22,True,1.0,1.143900462962963,True
PED000646,10,10,2026-04-23 15:53:11,2026-04-25 09:00:58,41.129999999999995,0,CEDI Medellín,Medellín,Servientrega,KMS90838802,18900,2026-04-25 13:53:11,Entregado,2026-04-25 09:00:58,True,1.0,1.7137384259259258,True
PED000647,10,10,2026-06-12 22:06:16,2026-06-13 14:09:45,16.05,0,CEDI Bogotá,Bogotá D.C.,Envia,KMS42415655,15290,2026-06-14 07:06:16,Entregado,2026-06-13 14:09:45,True,1.0,0.6690856481481482,True
PED000648,10,10,2026-04-13 14:33:11,2026-04-15 13:22:38,46.82,0,CEDI Cali,Cali,Envia,KMS73936150,18900,2026-04-15 07:33:11,Entregado,2026-04-15 13:22:38,True,0.0,1.9510069444444444,True
PED000649,10,10,2026-05-12 10:05:18,2026-05-14 06:28:40,44.400000000000006,0,CEDI Medellín,Medellín,Envia,KMS17857567,13900,2026-05-14 08:05:18,Entregado,2026-05-14 06:28:40,True,1.0,1.8495601851851853,True
PED000650,10,10,2026-03-18 18:43:06,2026-03-19 21:27:34,26.75,0,CEDI Cali,Cali,Servientrega,KMS37124201,11900,2026-03-20 11:43:06,Entregado,2026-03-19 21:27:34,True,1.0,1.114212962962963,True
PED000651,10,10,2026-05-22 15:34:43,2026-05-24 05:13:28,37.64,0,CEDI Cali,Cali,Envia,KMS56081362,8900,2026-05-24 15:34:43,Entregado,2026-05-24 05:13:28,True,1.0,1.5685763888888888,True
PED000652,10,10,2026-02-12 13:35:23,2026-02-13 09:09:28,19.57,0,CEDI Bogotá,Bogotá D.C.,TCC,KMS78493452,13090,2026-02-13 22:35:23,Entregado,2026-02-13 09:09:28,True,1.0,0.8153356481481482,True
PED000653,10,10,2026-03-16 04:57:41,2026-03-17 12:51:22,31.9,1,CEDI Cali,Cali,Inter Rapidísimo,KMS26340998,15900,2026-03-18 04:57:41,Entregado,2026-03-17 12:51:22,True,1.0,1.3289467592592592,True
PED000654,10,10,2026-01-21 12:39:40,2026-01-23 06:39:37,42.01,0,CEDI Pereira,Pereira,Inter Rapidísimo,KMS39414719,8900,2026-01-23 14:39:40,Entregado,2026-01-23 06:39:37,True,1.0,1.7499652777777779,True
PED000655,10,10,2026-05-27 19:27:29,2026-05-29 12:15:19,40.8,0,CEDI Medellín,Medellín,Inter Rapidísimo,KMS59447543,13090,2026-05-29 17:27:29,Entregado,2026-05-29 12:15:19,True,1.0,1.6998842592592593,True
PED000656,10,10,2026-05-14 17:20:23,2026-05-16 07:48:21,38.46,1,CEDI Bogotá,Bogotá D.C.,Coordinadora,KMS42045519,9900,2026-05-16 09:20:23,Entregado,2026-05-16 07:48:21,True,1.0,1.6027546296296296,True
PED000657,10,10,2026-03-24 18:45:04,2026-03-25 13:29:30,18.73,0,CEDI Cali,Cali,Inter Rapidísimo,KMS87555591,18900,2026-03-26 11:45:04,Entregado,2026-03-25 13:29:30,True,1.0,0.7808564814814815,True
PED000658,10,10,2026-02-28 17:48:56,2026-03-02 17:46:47,47.98,1,CEDI Bogotá,Bogotá D.C.,Coordinadora,KMS38032619,13900,2026-03-02 09:48:56,Entregado,2026-03-02 17:46:47,True,0.0,1.9985069444444445,True
PED000659,10,10,2026-02-21 11:21:53,2026-02-22 17:21:14,29.99,0,CEDI Bogotá,Bogotá D.C.,TCC,KMS92290650,11900,2026-02-22 20:21:53,Entregado,2026-02-22 17:21:14,True,1.0,1.2495486111111112,True
PED000660,10,10,2026-01-12 05:44:00,2026-01-13 16:56:37,35.21,0,CEDI Bucaramanga,Bucaramanga,Coordinadora,KMS60959771,9900,2026-01-14 09:44:00,Entregado,2026-01-13 16:56:37,True,1.0,1.4670949074074073,True
PED000661,10,10,2026-04-12 07:47:53,2026-04-14 11:38:54,51.84,0,CEDI Barranquilla,Barranquilla,Inter Rapidísimo,KMS38300791,11900,2026-04-14 17:47:53,Entregado,2026-04-14 11:38:54,True,1.0,2.1604282407407407,True
PED000662,9,9,2026-05-21 22:08:57,2026-05-23 06:21:48,29.310000000000002,0,CEDI Medellín,Medellín,Coordinadora,KMS32395716,18900,2026-05-23 20:08:57,Entregado,2026-05-23 06:21:48,True,1.0,1.3422569444444445,False
PED000663,10,10,2026-05-07 06:16:49,2026-05-07 22:51:48,16.58,0,CEDI Bogotá,Bogotá D.C.,Inter Rapidísimo,KMS50220925,18900,2026-05-08 22:16:49,Entregado,2026-05-07 22:51:48,True,1.0,0.6909606481481482,True
PED000664,10,10,2026-01-15 18:03:25,2026-01-17 07:40:46,37.64,0,CEDI Bucaramanga,Bucaramanga,TCC,KMS85596978,8900,2026-01-17 22:03:25,Entregado,2026-01-17 07:40:46,True,1.0,1.5676041666666667,True
PED000665,10,10,2026-05-29 09:03:06,2026-05-30 21:09:58,36.1,0,CEDI Bogotá,Bogotá D.C.,Servientrega,KMS70117493,11900,2026-05-30 18:03:06,Entregado,2026-05-30 21:09:58,True,0.0,1.5047685185185184,True
PED000666,10,10,2026-05-30 01:06:14,2026-05-31 04:43:53,27.63,0,CEDI Bogotá,Bogotá D.C.,Coordinadora,KMS16472744,15900,2026-05-31 17:06:14,Entregado,2026-05-31 04:43:53,True,1.0,1.1511458333333333,True
PED000667,10,10,2026-02-04 10:15:30,2026-02-05 06:47:59,20.53,0,CEDI Bogotá,Bogotá D.C.,Inter Rapidísimo,KMS24189220,8900,2026-02-06 02:15:30,Entregado,2026-02-05 06:47:59,True,1.0,0.8558912037037038,True
PED000668,10,10,2026-02-25 21:12:27,2026-02-27 02:01:29,28.82,0,CEDI Bogotá,Bogotá D.C.,Coordinadora,KMS46063229,18900,2026-02-27 13:12:27,Entregado,2026-02-27 02:01:29,True,1.0,1.2007175925925926,True
PED000669,10,10,2026-03-15 11:07:43,2026-03-16 15:21:07,28.23,1,CEDI Bucaramanga,Bucaramanga,Servientrega,KMS63130944,15900,2026-03-17 15:07:43,Entregado,2026-03-16 15:21:07,True,1.0,1.1759722222222222,True
PED000670,10,10,2026-02-01 02:53:56,2026-02-01 20:58:55,18.1,0,CEDI Bogotá,Bogotá D.C.,Coordinadora,KMS99604089,13900,2026-02-02 18:53:56,Entregado,2026-02-01 20:58:55,True,1.0,0.7534606481481482,True
PED000671,10,10,2026-05-16 09:02:14,2026-05-17 20:47:35,35.75,0,CEDI Bucaramanga,Bucaramanga,TCC,KMS85893625,15290,2026-05-18 06:02:14,Entregado,2026-05-17 20:47:35,True,1.0,1.489826388888889,True
PED000672,10,10,2026-04-10 17:40:00,2026-04-12 11:11:42,41.519999999999996,0,CEDI Bucaramanga,Bucaramanga,TCC,KMS24892033,8900,2026-04-12 14:40:00,Entregado,2026-04-12 11:11:42,True,1.0,1.7303472222222223,True
PED000673,10,10,2026-04-26 08:10:31,2026-04-28 01:50:15,41.66,0,CEDI Medellín,Medellín,Servientrega,KMS62317331,8900,2026-04-28 06:10:31,Entregado,2026-04-28 01:50:15,True,1.0,1.7359259259259259,True
PED000674,10,10,2026-05-23 06:16:35,2026-05-25 16:54:32,58.62,0,CEDI Pereira,Pereira,Inter Rapidísimo,KMS72165041,13090,2026-05-25 01:16:35,Entregado,2026-05-25 16:54:32,True,0.0,2.443020833333333,True
PED000675,10,10,2026-04-24 09:41:49,2026-04-25 12:35:20,26.89,0,CEDI Cali,Cali,Inter Rapidísimo,KMS51461752,15900,2026-04-26 09:41:49,Entregado,2026-04-25 12:35:20,True,1.0,1.120497685185185,True
PED000676,10,10,2026-02-08 13:09:46,2026-02-10 14:28:10,49.31,0,CEDI Cali,Cali,Envia,KMS40929115,8900,2026-02-10 13:09:46,Entregado,2026-02-10 14:28:10,True,0.0,2.0544444444444445,True
PED000677,10,10,2026-04-17 06:37:09,2026-04-18 17:20:00,34.72,0,CEDI Bogotá,Bogotá D.C.,Coordinadora,KMS25929166,18900,2026-04-18 22:37:09,Entregado,2026-04-18 17:20:00,True,1.0,1.446423611111111,True
PED000678,10,10,2026-05-12 18:22:56,2026-05-14 07:10:36,36.81,0,CEDI Bucaramanga,Bucaramanga,Coordinadora,KMS96312724,13900,2026-05-14 15:22:56,Entregado,2026-05-14 07:10:36,True,1.0,1.5331018518518518,True
PED000679,10,10,2026-06-19 23:39:29,2026-06-21 03:07:26,27.46,0,CEDI Bogotá,Bogotá D.C.,Inter Rapidísimo,KMS19053965,8900,2026-06-21 15:39:29,Entregado,2026-06-21 03:07:26,True,1.0,1.1444097222222223,True
PED000680,10,10,2026-02-25 12:55:35,2026-02-27 11:16:07,46.34,0,CEDI Barranquilla,Barranquilla,Inter Rapidísimo,KMS63210444,8900,2026-02-27 22:55:35,Entregado,2026-02-27 11:16:07,True,1.0,1.930925925925926,True
PED000681,10,10,2026-03-05 10:13:45,2026-03-06 01:48:06,15.58,0,CEDI Medellín,Medellín,Envia,KMS53898530,20790,2026-03-07 01:13:45,Entregado,2026-03-06 01:48:06,True,1.0,0.6488541666666666,True
PED000682,10,10,2026-06-14 07:02:57,2026-06-14 17:02:57,10.0,0,CEDI Bogotá,Bogotá D.C.,Envia,KMS15423427,11900,2026-06-15 16:02:57,Entregado,2026-06-14 17:02:57,True,1.0,0.4166666666666667,True
PED000683,10,10,2026-03-18 17:55:11,2026-03-19 15:04:49,21.16,1,CEDI Cali,Cali,TCC,KMS96951330,17490,2026-03-20 10:55:11,Entregado,2026-03-19 15:04:49,True,1.0,0.8816898148148148,True
PED000684,10,10,2026-01-08 16:38:12,2026-01-09 12:50:33,20.2,0,CEDI Bogotá,Bogotá D.C.,Inter Rapidísimo,KMS92828220,9790,2026-01-10 08:38:12,Entregado,2026-01-09 12:50:33,True,1.0,0.8419097222222223,True
PED000685,10,10,2026-01-16 18:43:19,2026-01-18 02:58:28,32.26,1,CEDI Bogotá,Bogotá D.C.,Coordinadora,KMS95557540,8900,2026-01-18 10:43:19,Entregado,2026-01-18 02:58:28,True,1.0,1.3438541666666666,True
PED000686,10,10,2026-04-06 05:28:41,2026-04-07 06:58:34,25.5,0,CEDI Bogotá,Bogotá D.C.,Inter Rapidísimo,KMS62022149,11900,2026-04-07 21:28:41,Entregado,2026-04-07 06:58:34,True,1.0,1.0624189814814815,True
PED000687,9,9,2026-06-18 07:25:17,2026-06-19 16:24:53,33.01,0,CEDI Cali,Cali,Envia,KMS54083727,11900,2026-06-20 07:25:17,En ruta de entrega,,False,,,False
PED000688,10,10,2026-01-23 09:56:06,2026-01-25 07:38:34,45.71,0,CEDI Pereira,Pereira,Servientrega,KMS88197526,15900,2026-01-25 04:56:06,Entregado,2026-01-25 07:38:34,True,0.0,1.9044907407407408,True
PED000689,10,10,2026-04-22 09:58:33,2026-04-23 15:15:57,29.28,1,CEDI Cali,Cali,Inter Rapidísimo,KMS71146366,13900,2026-04-24 02:58:33,Entregado,2026-04-23 15:15:57,True,1.0,1.2204166666666667,True
PED000690,10,10,2026-02-03 06:06:46,2026-02-05 01:28:33,43.35,0,CEDI Bucaramanga,Bucaramanga,Servientrega,KMS67377661,11900,2026-02-05 10:06:46,Entregado,2026-02-05 01:28:33,True,1.0,1.8067939814814815,True
PED000691,10,10,2026-06-09 14:05:20,2026-06-10 04:47:49,14.71,1,CEDI Medellín,Medellín,Inter Rapidísimo,KMS10528879,18900,2026-06-11 05:05:20,Entregado,2026-06-10 04:47:49,True,1.0,0.6128356481481482,True
PED000692,10,10,2026-04-06 22:26:11,2026-04-08 07:37:40,33.19,0,CEDI Bogotá,Bogotá D.C.,Servientrega,KMS10585154,18900,2026-04-08 14:26:11,Entregado,2026-04-08 07:37:40,True,1.0,1.382974537037037,True
PED000693,10,10,2026-06-24 13:49:36,2026-06-25 10:22:26,20.55,0,CEDI Bogotá,Bogotá D.C.,Inter Rapidísimo,KMS68068447,13090,2026-06-26 05:49:36,Entregado,2026-06-25 10:22:26,True,1.0,0.8561342592592592,True
PED000694,10,10,2026-03-23 14:28:54,2026-03-26 00:55:02,58.44,1,CEDI Bogotá,Bogotá D.C.,Servientrega,KMS50209631,11900,2026-03-25 06:28:54,Entregado,2026-03-26 00:55:02,True,0.0,2.434814814814815,True
PED000695,10,10,2026-01-04 23:11:32,2026-01-06 10:13:06,35.03,0,CEDI Medellín,Medellín,Servientrega,KMS55843888,11900,2026-01-06 21:11:32,Entregado,2026-01-06 10:13:06,True,1.0,1.4594212962962962,True
PED000696,10,10,2026-03-07 11:00:20,2026-03-09 04:11:19,41.2,0,CEDI Cali,Cali,Servientrega,KMS28383694,8900,2026-03-09 11:00:20,Entregado,2026-03-09 04:11:19,True,1.0,1.7159606481481482,True
PED000697,10,10,2026-01-12 12:06:04,2026-01-13 03:42:49,15.61,0,CEDI Bogotá,Bogotá D.C.,TCC,KMS54045016,15900,2026-01-13 21:06:04,Entregado,2026-01-13 03:42:49,True,1.0,0.6505208333333333,True
PED000698,10,10,2026-04-10 06:59:29,2026-04-11 08:18:48,25.32,0,CEDI Bogotá,Bogotá D.C.,Servientrega,KMS74645636,11900,2026-04-11 22:59:29,Entregado,2026-04-11 08:18:48,True,1.0,1.0550810185185184,True
PED000699,10,10,2026-02-09 00:26:17,2026-02-10 07:52:11,31.41,0,CEDI Medellín,Medellín,Coordinadora,KMS59166941,15900,2026-02-10 15:26:17,Entregado,2026-02-10 07:52:11,True,1.0,1.3096527777777778,True
PED000700,10,10,2026-02-16 12:17:32,2026-02-18 20:09:48,55.89,0,CEDI Barranquilla,Barranquilla,Servientrega,KMS25258945,8900,2026-02-18 15:17:32,Entregado,2026-02-18 20:09:48,True,0.0,2.327962962962963,True
PED000701,10,10,2026-04-01 05:20:03,2026-04-02 18:49:07,37.48,1,CEDI Bucaramanga,Bucaramanga,Inter Rapidísimo,KMS22820438,15290,2026-04-03 09:20:03,Entregado,2026-04-02 18:49:07,True,1.0,1.5618518518518518,True
PED000702,10,10,2026-04-12 04:50:18,2026-04-13 02:11:14,21.35,0,CEDI Cali,Cali,Coordinadora,KMS23867668,15900,2026-04-13 21:50:18,Entregado,2026-04-13 02:11:14,True,1.0,0.889537037037037,True
PED000703,10,10,2026-04-14 01:10:02,2026-04-16 00:05:00,46.92,0,CEDI Cali,Cali,Servientrega,KMS86248437,13900,2026-04-16 01:10:02,Entregado,2026-04-16 00:05:00,True,1.0,1.9548379629629629,True
PED000704,10,10,2026-05-04 11:37:32,2026-05-06 00:35:19,36.96,0,CEDI Bucaramanga,Bucaramanga,TCC,KMS74704564,18900,2026-05-06 15:37:32,Entregado,2026-05-06 00:35:19,True,1.0,1.540127314814815,True
PED000705,10,10,2026-06-25 07:19:22,2026-06-26 17:31:55,34.22,1,CEDI Bucaramanga,Bucaramanga,Servientrega,KMS44140182,15900,2026-06-27 11:19:22,Entregado,2026-06-26 17:31:55,True,1.0,1.4253819444444444,True
PED000706,10,10,2026-06-06 19:01:06,2026-06-08 02:41:24,31.68,0,CEDI Bogotá,Bogotá D.C.,Envia,KMS47670364,18900,2026-06-08 11:01:06,Entregado,2026-06-08 02:41:24,True,1.0,1.3196527777777778,True
PED000707,10,10,2026-06-16 08:39:49,2026-06-17 20:59:35,36.33,0,CEDI Bogotá,Bogotá D.C.,TCC,KMS73505257,8900,2026-06-18 00:39:49,Entregado,2026-06-17 20:59:35,True,1.0,1.5137268518518519,True
PED000708,10,10,2026-03-09 02:42:29,2026-03-09 21:55:57,19.23,0,CEDI Bogotá,Bogotá D.C.,Envia,KMS57182909,9900,2026-03-10 18:42:29,Entregado,2026-03-09 21:55:57,True,1.0,0.8010185185185185,True
PED000709,10,10,2026-05-11 06:33:45,2026-05-12 16:36:01,34.05,0,CEDI Bucaramanga,Bucaramanga,Servientrega,KMS61026571,8900,2026-05-13 10:33:45,Entregado,2026-05-12 16:36:01,True,1.0,1.4182407407407407,True
PED000710,10,10,2026-05-08 20:40:20,2026-05-10 06:13:55,33.57,0,CEDI Medellín,Medellín,Servientrega,KMS72166647,8900,2026-05-10 18:40:20,Entregado,2026-05-10 06:13:55,True,1.0,1.3983217592592592,True
PED000711,10,10,2026-02-11 14:30:32,2026-02-13 08:06:00,41.59,0,CEDI Barranquilla,Barranquilla,Inter Rapidísimo,KMS56268071,15900,2026-02-14 00:30:32,Entregado,2026-02-13 08:06:00,True,1.0,1.732962962962963,True
PED000712,10,10,2026-06-07 17:55:02,2026-06-09 06:22:34,36.49,0,CEDI Bucaramanga,Bucaramanga,Inter Rapidísimo,KMS32322559,8900,2026-06-09 14:55:02,Entregado,2026-06-09 06:22:34,True,1.0,1.5191203703703704,True
PED000713,10,10,2026-06-24 13:52:58,2026-06-26 00:29:56,34.62,0,CEDI Pereira,Pereira,Servientrega,KMS13142324,15900,2026-06-26 15:52:58,Entregado,2026-06-26 00:29:56,True,1.0,1.442337962962963,True
PED000714,10,10,2026-01-08 21:39:16,2026-01-09 17:27:44,19.82,0,CEDI Bogotá,Bogotá D.C.,Envia,KMS92859956,11900,2026-01-10 13:39:16,Entregado,2026-01-09 17:27:44,True,1.0,0.825324074074074,True
PED000715,10,10,2026-05-29 10:46:15,2026-05-30 18:04:25,31.310000000000002,0,CEDI Barranquilla,Barranquilla,Servientrega,KMS76588367,18900,2026-05-31 20:46:15,Entregado,2026-05-30 18:04:25,True,1.0,1.3042824074074073,True
PED000716,10,10,2026-05-28 12:24:37,2026-05-29 19:19:30,30.93,0,CEDI Bogotá,Bogotá D.C.,TCC,KMS79111188,11900,2026-05-30 04:24:37,Entregado,2026-05-29 19:19:30,True,1.0,1.288113425925926,True
PED000717,10,10,2026-06-18 06:19:16,2026-06-20 02:31:59,44.22,0,CEDI Barranquilla,Barranquilla,Servientrega,KMS71313023,9900,2026-06-20 16:19:16,Entregado,2026-06-20 02:31:59,True,1.0,1.8421643518518518,True
PED000718,10,10,2026-04-09 08:19:12,2026-04-10 19:10:41,34.86,0,CEDI Medellín,Medellín,Coordinadora,KMS32147291,11900,2026-04-10 23:19:12,Entregado,2026-04-10 19:10:41,True,1.0,1.4524189814814814,True
PED000719,10,10,2026-03-25 15:18:27,2026-03-27 11:18:31,44.0,0,CEDI Cali,Cali,Inter Rapidísimo,KMS84247902,13900,2026-03-27 15:18:27,Entregado,2026-03-27 11:18:31,True,1.0,1.8333796296296296,True
PED000720,10,10,2026-06-14 14:56:01,2026-06-16 15:47:14,48.86,0,CEDI Cali,Cali,Inter Rapidísimo,KMS72065235,13900,2026-06-16 14:56:01,Entregado,2026-06-16 15:47:14,True,0.0,2.0355671296296296,True
PED000721,10,10,2026-04-06 03:50:43,2026-04-08 03:02:56,47.2,0,CEDI Pereira,Pereira,Coordinadora,KMS99486207,9900,2026-04-08 05:50:43,Entregado,2026-04-08 03:02:56,True,1.0,1.9668171296296297,True
PED000722,10,10,2026-05-21 04:26:25,2026-05-23 13:03:26,56.61,0,CEDI Medellín,Medellín,Servientrega,KMS63660340,17490,2026-05-23 02:26:25,Entregado,2026-05-23 13:03:26,True,0.0,2.3590393518518518,True
PED000723,10,10,2026-03-23 22:16:14,2026-03-24 13:33:02,15.290000000000001,1,CEDI Bogotá,Bogotá D.C.,TCC,KMS48307243,18900,2026-03-25 07:16:14,Entregado,2026-03-24 13:33:02,True,1.0,0.6366666666666667,True
PED000724,10,10,2026-02-03 00:31:39,2026-02-04 13:07:29,36.589999999999996,0,CEDI Bucaramanga,Bucaramanga,Coordinadora,KMS86257455,11900,2026-02-05 04:31:39,Entregado,2026-02-04 13:07:29,True,1.0,1.5248842592592593,True
PED000725,10,10,2026-02-16 02:39:56,2026-02-17 12:57:18,34.300000000000004,0,CEDI Cali,Cali,Servientrega,KMS98928178,13900,2026-02-17 19:39:56,Entregado,2026-02-17 12:57:18,True,1.0,1.4287268518518519,True
PED000726,10,10,2026-02-22 08:12:48,2026-02-22 23:24:19,15.18,0,CEDI Medellín,Medellín,Envia,KMS76520609,20790,2026-02-23 23:12:48,Entregado,2026-02-22 23:24:19,True,1.0,0.6329976851851852,True
PED000727,10,10,2026-03-17 13:19:49,2026-03-20 03:11:00,61.839999999999996,0,CEDI Medellín,Medellín,Envia,KMS44176614,15290,2026-03-19 11:19:49,Entregado,2026-03-20 03:11:00,True,0.0,2.577210648148148,True
PED000728,10,10,2026-05-16 09:43:08,2026-05-18 03:28:34,41.75,0,CEDI Barranquilla,Barranquilla,Inter Rapidísimo,KMS48866201,18900,2026-05-18 12:43:08,Entregado,2026-05-18 03:28:34,True,1.0,1.7398842592592592,True
PED000729,10,10,2026-06-13 23:38:13,2026-06-14 23:15:27,23.62,0,CEDI Cali,Cali,TCC,KMS42867425,15900,2026-06-15 16:38:13,Entregado,2026-06-14 23:15:27,True,1.0,0.9841898148148148,True
PED000730,10,10,2026-04-28 16:42:55,2026-04-30 19:18:40,50.6,1,CEDI Bogotá,Bogotá D.C.,Servientrega,KMS90373761,9900,2026-04-30 08:42:55,Entregado,2026-04-30 19:18:40,True,0.0,2.108159722222222,True
PED000731,10,10,2026-01-09 21:04:39,2026-01-11 12:15:28,39.19,0,CEDI Bucaramanga,Bucaramanga,Coordinadora,KMS64690623,13900,2026-01-12 01:04:39,Entregado,2026-01-11 12:15:28,True,1.0,1.632511574074074,True
PED000732,10,10,2026-05-08 12:52:02,2026-05-10 15:00:25,50.14,0,CEDI Bogotá,Bogotá D.C.,Envia,KMS99068836,13900,2026-05-10 04:52:02,Entregado,2026-05-10 15:00:25,True,0.0,2.0891550925925926,True
PED000733,10,10,2026-06-19 04:43:51,2026-06-20 12:01:33,31.29,0,CEDI Medellín,Medellín,Envia,KMS62726871,8900,2026-06-21 02:43:51,Entregado,2026-06-20 12:01:33,True,1.0,1.3039583333333333,True
PED000734,10,10,2026-04-16 14:24:02,2026-04-18 08:02:13,41.64,0,CEDI Barranquilla,Barranquilla,TCC,KMS14256794,9790,2026-04-19 00:24:02,Entregado,2026-04-18 08:02:13,True,1.0,1.734849537037037,True
PED000735,10,10,2026-06-29 03:56:31,2026-07-01 00:17:31,44.35,0,CEDI Bucaramanga,Bucaramanga,Inter Rapidísimo,KMS44197364,8900,2026-07-01 07:56:31,Entregado,2026-07-01 00:17:31,True,1.0,1.8479166666666667,True
PED000736,10,10,2026-02-26 17:42:16,2026-02-27 19:40:07,25.96,0,CEDI Cali,Cali,Envia,KMS96894918,13900,2026-02-28 17:42:16,Entregado,2026-02-27 19:40:07,True,1.0,1.0818402777777778,True
PED000737,10,10,2026-06-16 21:34:00,2026-06-17 16:02:52,18.48,0,CEDI Bogotá,Bogotá D.C.,Coordinadora,KMS36531832,15900,2026-06-18 06:34:00,Entregado,2026-06-17 16:02:52,True,1.0,0.7700462962962963,True
PED000738,10,10,2026-04-01 01:53:59,2026-04-01 18:22:07,16.47,0,CEDI Bogotá,Bogotá D.C.,Inter Rapidísimo,KMS53059840,15900,2026-04-02 10:53:59,Entregado,2026-04-01 18:22:07,True,1.0,0.6862037037037036,True
PED000739,10,10,2026-05-03 10:37:50,2026-05-05 05:08:36,42.519999999999996,0,CEDI Barranquilla,Barranquilla,Envia,KMS63802601,20790,2026-05-05 20:37:50,Entregado,2026-05-05 05:08:36,True,1.0,1.7713657407407408,True
PED000740,10,10,2026-01-28 12:48:03,2026-01-30 07:05:11,42.29,0,CEDI Bucaramanga,Bucaramanga,Inter Rapidísimo,KMS47580917,20790,2026-01-30 16:48:03,Entregado,2026-01-30 07:05:11,True,1.0,1.7618981481481482,True
PED000741,10,10,2026-04-20 17:39:05,2026-04-22 15:02:16,45.379999999999995,0,CEDI Cali,Cali,Coordinadora,KMS95288437,20790,2026-04-22 17:39:05,Entregado,2026-04-22 15:02:16,True,1.0,1.891099537037037,True
PED000742,10,10,2026-06-27 13:58:56,2026-06-29 06:48:56,40.84,0,CEDI Bogotá,Bogotá D.C.,Coordinadora,KMS37181493,15900,2026-06-28 22:58:56,Entregado,2026-06-29 06:48:56,True,0.0,1.7013888888888888,True
PED000743,10,10,2026-01-30 11:39:10,2026-01-31 16:02:59,28.39,0,CEDI Pereira,Pereira,Inter Rapidísimo,KMS82942874,18900,2026-02-01 06:39:10,Entregado,2026-01-31 16:02:59,True,1.0,1.1832060185185185,True
PED000744,10,10,2026-03-07 15:29:18,2026-03-08 23:43:47,32.25,0,CEDI Medellín,Medellín,TCC,KMS69264678,11900,2026-03-09 13:29:18,Entregado,2026-03-08 23:43:47,True,1.0,1.3433912037037037,True
PED000745,10,10,2026-03-06 04:32:24,2026-03-06 23:56:21,19.39,0,CEDI Bogotá,Bogotá D.C.,Inter Rapidísimo,KMS74709387,9900,2026-03-07 20:32:24,Entregado,2026-03-06 23:56:21,True,1.0,0.8082986111111111,True
PED000746,10,10,2026-01-03 17:44:10,2026-01-06 02:23:30,56.67,0,CEDI Cali,Cali,Inter Rapidísimo,KMS68715662,18900,2026-01-05 10:44:10,Entregado,2026-01-06 02:23:30,True,0.0,2.3606481481481483,True
PED000747,10,10,2026-04-05 19:59:06,2026-04-06 23:20:33,27.36,0,CEDI Bogotá,Bogotá D.C.,TCC,KMS79310297,18900,2026-04-07 11:59:06,Entregado,2026-04-06 23:20:33,True,1.0,1.1398958333333333,True
PED000748,10,10,2026-05-31 17:30:53,2026-06-02 03:42:12,34.17,0,CEDI Pereira,Pereira,TCC,KMS71454292,11900,2026-06-02 12:30:53,Entregado,2026-06-02 03:42:12,True,1.0,1.424525462962963,True
PED000749,10,10,2026-03-31 16:43:08,2026-04-01 15:40:33,22.97,0,CEDI Cali,Cali,Envia,KMS37310924,18900,2026-04-02 16:43:08,Entregado,2026-04-01 15:40:33,True,1.0,0.9565393518518519,True
PED000750,10,10,2026-03-07 07:18:53,2026-03-09 07:06:56,47.79,0,CEDI Barranquilla,Barranquilla,TCC,KMS45552262,8900,2026-03-09 10:18:53,Entregado,2026-03-09 07:06:56,True,1.0,1.9917013888888888,True
PED000751,10,10,2026-05-23 06:05:56,2026-05-24 21:48:19,39.699999999999996,0,CEDI Bucaramanga,Bucaramanga,TCC,KMS20065412,11900,2026-05-25 10:05:56,Entregado,2026-05-24 21:48:19,True,1.0,1.6544328703703703,True
PED000752,10,10,2026-02-01 18:53:16,2026-02-03 09:55:20,39.04,0,CEDI Barranquilla,Barranquilla,Inter Rapidísimo,KMS47944568,8900,2026-02-04 04:53:16,Entregado,2026-02-03 09:55:20,True,1.0,1.6264351851851853,True
PED000753,10,10,2026-02-28 20:32:40,2026-03-02 13:36:10,41.08,0,CEDI Cali,Cali,Servientrega,KMS15182098,13900,2026-03-02 20:32:40,Entregado,2026-03-02 13:36:10,True,1.0,1.710763888888889,True
PED000754,10,10,2026-05-21 07:34:28,2026-05-24 06:38:53,71.07000000000001,0,CEDI Pereira,Pereira,Envia,KMS64414612,9900,2026-05-23 09:34:28,Entregado,2026-05-24 06:38:53,True,0.0,2.961400462962963,True
PED000755,10,10,2026-03-26 07:06:00,2026-03-27 04:10:13,21.07,1,CEDI Bogotá,Bogotá D.C.,Envia,KMS87436250,15290,2026-03-27 23:06:00,Entregado,2026-03-27 04:10:13,True,1.0,0.8779282407407407,True
PED000756,10,10,2026-06-24 20:12:16,2026-06-27 01:53:18,53.68,0,CEDI Cali,Cali,Inter Rapidísimo,KMS66752207,9790,2026-06-26 13:12:16,Entregado,2026-06-27 01:53:18,True,0.0,2.236828703703704,True
PED000757,10,10,2026-01-02 02:37:59,2026-01-03 15:07:32,36.489999999999995,1,CEDI Bogotá,Bogotá D.C.,Servientrega,KMS29238926,15290,2026-01-03 18:37:59,Entregado,2026-01-03 15:07:32,True,1.0,1.5205208333333333,True
PED000758,10,10,2026-03-08 02:06:11,2026-03-09 05:16:45,27.19,0,CEDI Bogotá,Bogotá D.C.,Envia,KMS29183756,13900,2026-03-09 18:06:11,Entregado,2026-03-09 05:16:45,True,1.0,1.132337962962963,True
PED000759,10,10,2026-03-12 22:52:05,2026-03-14 07:37:46,32.769999999999996,0,CEDI Bogotá,Bogotá D.C.,Envia,KMS65633053,18900,2026-03-14 14:52:05,Entregado,2026-03-14 07:37:46,True,1.0,1.3650578703703704,True
PED000760,10,10,2026-02-13 03:45:52,2026-02-14 08:50:42,29.099999999999998,0,CEDI Bogotá,Bogotá D.C.,Servientrega,KMS42136788,10890,2026-02-14 19:45:52,Entregado,2026-02-14 08:50:42,True,1.0,1.2116898148148147,True
PED000761,10,10,2026-02-08 09:05:08,2026-02-10 06:43:47,45.64,0,CEDI Barranquilla,Barranquilla,Servientrega,KMS34751074,18900,2026-02-10 19:05:08,Entregado,2026-02-10 06:43:47,True,1.0,1.9018402777777779,True
PED000762,10,10,2026-04-24 21:36:52,2026-04-25 18:26:19,20.83,0,CEDI Medellín,Medellín,TCC,KMS48629826,20790,2026-04-26 12:36:52,Entregado,2026-04-25 18:26:19,True,1.0,0.8676736111111111,True
PED000763,10,10,2026-04-08 08:15:10,2026-04-09 01:44:41,17.5,0,CEDI Bogotá,Bogotá D.C.,Servientrega,KMS44175828,8900,2026-04-10 00:15:10,Entregado,2026-04-09 01:44:41,True,1.0,0.7288310185185185,True
PED000764,10,10,2026-04-11 13:47:34,2026-04-12 12:08:42,22.35,0,CEDI Bogotá,Bogotá D.C.,TCC,KMS78883821,8900,2026-04-13 05:47:34,Entregado,2026-04-12 12:08:42,True,1.0,0.9313425925925926,True
PED000765,10,10,2026-05-20 00:36:40,2026-05-21 12:01:14,35.41,0,CEDI Medellín,Medellín,Inter Rapidísimo,KMS46740910,18900,2026-05-21 22:36:40,Entregado,2026-05-21 12:01:14,True,1.0,1.4753935185185185,True
PED000766,10,10,2026-05-11 22:27:10,2026-05-13 11:01:58,36.58,0,CEDI Bucaramanga,Bucaramanga,Envia,KMS91264095,15900,2026-05-14 02:27:10,Entregado,2026-05-13 11:01:58,True,1.0,1.5241666666666667,True
PED000767,10,10,2026-05-14 01:43:34,2026-05-14 17:33:48,15.850000000000001,0,CEDI Medellín,Medellín,TCC,KMS40589670,8900,2026-05-15 16:43:34,Entregado,2026-05-14 17:33:48,True,1.0,0.6598842592592593,True
PED000768,10,10,2026-01-02 03:36:26,2026-01-03 11:51:19,32.24,0,CEDI Pereira,Pereira,Coordinadora,KMS80582758,15900,2026-01-04 05:36:26,Entregado,2026-01-03 11:51:19,True,1.0,1.3436689814814815,True
PED000769,10,10,2026-01-08 20:43:18,2026-01-09 19:10:18,22.439999999999998,0,CEDI Cali,Cali,Envia,KMS33437360,11900,2026-01-10 13:43:18,Entregado,2026-01-09 19:10:18,True,1.0,0.9354166666666667,True
PED000770,10,10,2026-01-14 06:32:00,2026-01-16 04:42:05,46.19,0,CEDI Bucaramanga,Bucaramanga,Coordinadora,KMS29919281,9900,2026-01-16 10:32:00,Entregado,2026-01-16 04:42:05,True,1.0,1.9236689814814816,True
PED000771,10,10,2026-04-13 19:35:02,2026-04-14 21:45:58,26.18,1,CEDI Bogotá,Bogotá D.C.,Inter Rapidísimo,KMS60872489,13090,2026-04-15 11:35:02,Entregado,2026-04-14 21:45:58,True,1.0,1.0909259259259259,True
PED000772,10,10,2026-06-18 16:39:53,2026-06-19 23:30:43,30.84,0,CEDI Bogotá,Bogotá D.C.,Coordinadora,KMS72468501,20790,2026-06-20 08:39:53,Entregado,2026-06-19 23:30:43,True,1.0,1.2853009259259258,True
PED000773,10,10,2026-06-13 17:19:28,2026-06-14 16:16:49,22.95,1,CEDI Medellín,Medellín,Inter Rapidísimo,KMS82253755,13900,2026-06-15 15:19:28,Entregado,2026-06-14 16:16:49,True,1.0,0.9564930555555555,True
PED000774,10,10,2026-06-27 23:50:04,2026-06-29 15:10:19,39.34,0,CEDI Barranquilla,Barranquilla,TCC,KMS93654662,9790,2026-06-30 02:50:04,Entregado,2026-06-29 15:10:19,True,1.0,1.6390625,True
PED000775,10,10,2026-01-15 05:13:09,2026-01-16 00:46:54,19.56,0,CEDI Bogotá,Bogotá D.C.,Inter Rapidísimo,KMS91279970,15900,2026-01-16 21:13:09,Entregado,2026-01-16 00:46:54,True,1.0,0.8151041666666666,True
PED000776,10,10,2026-05-21 01:55:37,2026-05-22 07:59:28,30.07,0,CEDI Bogotá,Bogotá D.C.,TCC,KMS59934644,9790,2026-05-22 17:55:37,Entregado,2026-05-22 07:59:28,True,1.0,1.2526736111111112,True
PED000777,10,10,2026-05-02 09:11:49,2026-05-04 03:12:42,42.02,0,CEDI Bucaramanga,Bucaramanga,Servientrega,KMS16808005,10890,2026-05-04 06:11:49,Entregado,2026-05-04 03:12:42,True,1.0,1.7506134259259258,True
PED000778,10,10,2026-01-04 11:49:30,2026-01-05 23:31:12,35.7,0,CEDI Medellín,Medellín,Envia,KMS44829969,9790,2026-01-06 09:49:30,Entregado,2026-01-05 23:31:12,True,1.0,1.4872916666666667,True
PED000779,10,10,2026-04-12 09:51:07,2026-04-14 13:32:12,51.69,0,CEDI Barranquilla,Barranquilla,Inter Rapidísimo,KMS33611381,20790,2026-04-14 19:51:07,Entregado,2026-04-14 13:32:12,True,1.0,2.1535300925925926,True
PED000780,10,10,2026-04-27 02:47:09,2026-04-28 04:38:14,25.84,0,CEDI Bogotá,Bogotá D.C.,Envia,KMS15902684,11900,2026-04-28 18:47:09,Entregado,2026-04-28 04:38:14,True,1.0,1.0771412037037038,True
PED000781,10,10,2026-03-17 18:54:27,2026-03-19 06:06:16,35.2,0,CEDI Bogotá,Bogotá D.C.,Servientrega,KMS61801293,13900,2026-03-19 10:54:27,Entregado,2026-03-19 06:06:16,True,1.0,1.466539351851852,True
PED000782,9,9,2026-03-05 21:21:35,2026-03-06 16:47:47,14.61,0,CEDI Bogotá,Bogotá D.C.,Inter Rapidísimo,KMS72522413,15900,2026-03-07 06:21:35,Entregado,2026-03-06 16:47:47,True,1.0,0.8098611111111111,False
PED000783,10,10,2026-01-07 19:46:40,2026-01-10 03:01:12,55.25,0,CEDI Barranquilla,Barranquilla,TCC,KMS36486142,8900,2026-01-10 05:46:40,Entregado,2026-01-10 03:01:12,True,1.0,2.301759259259259,True
PED000784,10,10,2026-01-08 00:19:58,2026-01-09 12:07:16,35.8,0,CEDI Bucaramanga,Bucaramanga,TCC,KMS64620574,9900,2026-01-10 04:19:58,Entregado,2026-01-09 12:07:16,True,1.0,1.4911805555555555,True
PED000785,9,9,2026-06-19 08:13:53,2026-06-20 15:55:09,31.009999999999998,0,CEDI Cali,Cali,TCC,KMS45256517,13900,2026-06-21 01:13:53,Entregado,2026-06-20 15:55:09,True,1.0,1.320324074074074,False
PED000786,10,10,2026-01-09 18:17:11,2026-01-10 23:31:58,29.240000000000002,0,CEDI Bogotá,Bogotá D.C.,Inter Rapidísimo,KMS25672667,15900,2026-01-11 10:17:11,Entregado,2026-01-10 23:31:58,True,1.0,1.218599537037037,True
PED000787,9,9,2026-02-10 03:14:45,2026-02-10 16:39:27,11.9,0,CEDI Cali,Cali,Servientrega,KMS12390207,8900,2026-02-11 20:14:45,Entregado,2026-02-10 16:39:27,True,1.0,0.5588194444444444,False
PED000788,10,10,2026-03-22 11:29:50,2026-03-23 07:10:46,19.68,0,CEDI Bogotá,Bogotá D.C.,Envia,KMS62153083,18900,2026-03-24 03:29:50,Entregado,2026-03-23 07:10:46,True,1.0,0.8200925925925926,True
PED000789,10,10,2026-01-12 16:05:15,2026-01-13 22:20:26,30.259999999999998,0,CEDI Bogotá,Bogotá D.C.,Envia,KMS65635684,15900,2026-01-14 01:05:15,Entregado,2026-01-13 22:20:26,True,1.0,1.2605439814814814,True
PED000790,10,10,2026-06-19 23:28:45,2026-06-21 09:38:49,34.17,1,CEDI Medellín,Medellín,Servientrega,KMS71707105,11900,2026-06-21 14:28:45,Entregado,2026-06-21 09:38:49,True,1.0,1.4236574074074073,True
PED000791,10,10,2026-04-15 12:16:02,2026-04-17 11:31:19,47.24,0,CEDI Bucaramanga,Bucaramanga,Inter Rapidísimo,KMS94245539,9900,2026-04-17 16:16:02,Entregado,2026-04-17 11:31:19,True,1.0,1.9689467592592593,True
PED000792,10,10,2026-02-21 07:15:30,2026-02-23 04:25:29,45.15,0,CEDI Bucaramanga,Bucaramanga,Servientrega,KMS56190344,13090,2026-02-23 11:15:30,Entregado,2026-02-23 04:25:29,True,1.0,1.8819328703703704,True
PED000793,10,10,2026-05-02 14:21:02,2026-05-04 03:35:02,37.23,0,CEDI Cali,Cali,Servientrega,KMS99612590,13900,2026-05-04 14:21:02,Entregado,2026-05-04 03:35:02,True,1.0,1.551388888888889,True
PED000794,10,10,2026-02-04 13:20:44,2026-02-05 23:00:50,33.65,0,CEDI Cali,Cali,TCC,KMS11696697,15900,2026-02-06 13:20:44,Entregado,2026-02-05 23:00:50,True,1.0,1.4028472222222221,True
PED000795,10,10,2026-01-14 15:21:31,2026-01-16 12:46:12,45.41,0,CEDI Barranquilla,Barranquilla,Inter Rapidísimo,KMS32075852,11900,2026-01-16 18:21:31,Entregado,2026-01-16 12:46:12,True,1.0,1.8921412037037038,True
PED000796,10,10,2026-01-10 06:33:54,2026-01-12 00:36:42,42.04,0,CEDI Medellín,Medellín,Coordinadora,KMS81987735,15900,2026-01-12 04:33:54,Entregado,2026-01-12 00:36:42,True,1.0,1.7519444444444445,True
PED000797,10,10,2026-02-18 20:35:53,2026-02-20 01:28:56,28.89,0,CEDI Cali,Cali,Servientrega,KMS30683207,18900,2026-02-20 20:35:53,Entregado,2026-02-20 01:28:56,True,1.0,1.2035069444444444,True
PED000798,10,10,2026-06-10 17:44:37,2026-06-12 05:07:08,35.35,0,CEDI Cali,Cali,Inter Rapidísimo,KMS46961020,8900,2026-06-12 17:44:37,Entregado,2026-06-12 05:07:08,True,1.0,1.4739699074074073,True
PED000799,10,10,2026-04-05 08:09:02,2026-04-07 05:08:20,44.99,0,CEDI Bogotá,Bogotá D.C.,Inter Rapidísimo,KMS37536795,9790,2026-04-07 00:09:02,Entregado,2026-04-07 05:08:20,True,0.0,1.8745138888888888,True
PED000800,10,10,2026-02-28 05:49:29,2026-03-01 15:13:20,33.39,0,CEDI Bogotá,Bogotá D.C.,Coordinadora,KMS67711267,13900,2026-03-01 21:49:29,Entregado,2026-03-01 15:13:20,True,1.0,1.3915625,True
PED000801,10,10,2026-02-28 18:35:32,2026-03-02 02:36:58,32.03,0,CEDI Cali,Cali,Inter Rapidísimo,KMS47536256,11900,2026-03-02 18:35:32,Entregado,2026-03-02 02:36:58,True,1.0,1.3343287037037037,True
PED000802,10,10,2026-02-05 21:42:49,2026-02-07 07:41:53,33.980000000000004,0,CEDI Bogotá,Bogotá D.C.,Servientrega,KMS36605529,11900,2026-02-07 13:42:49,Entregado,2026-02-07 07:41:53,True,1.0,1.4160185185185186,True
PED000803,10,10,2026-05-02 14:07:52,2026-05-05 01:58:24,59.85,0,CEDI Bucaramanga,Bucaramanga,TCC,KMS36287960,20790,2026-05-04 18:07:52,Entregado,2026-05-05 01:58:24,True,0.0,2.493425925925926,True
PED000804,10,10,2026-06-07 02:23:45,2026-06-09 07:18:19,52.92,0,CEDI Cali,Cali,Servientrega,KMS39804910,18900,2026-06-09 02:23:45,Entregado,2026-06-09 07:18:19,True,0.0,2.2045601851851853,True
PED000805,10,10,2026-06-11 20:06:17,2026-06-13 14:55:03,42.82,0,CEDI Barranquilla,Barranquilla,Envia,KMS57032239,13090,2026-06-13 23:06:17,Entregado,2026-06-13 14:55:03,True,1.0,1.7838657407407408,True
PED000806,10,10,2026-01-22 07:34:01,2026-01-23 16:31:32,32.96,0,CEDI Medellín,Medellín,Coordinadora,KMS48633395,15900,2026-01-24 05:34:01,Entregado,2026-01-23 16:31:32,True,1.0,1.3732754629629629,True
PED000807,10,10,2026-04-08 11:27:20,2026-04-09 16:51:42,29.4,0,CEDI Bogotá,Bogotá D.C.,Coordinadora,KMS11832424,11900,2026-04-10 03:27:20,Entregado,2026-04-09 16:51:42,True,1.0,1.2252546296296296,True
PED000808,10,10,2026-06-15 18:50:59,2026-06-17 16:01:53,45.18,1,CEDI Medellín,Medellín,Coordinadora,KMS70557414,13900,2026-06-17 16:50:59,Entregado,2026-06-17 16:01:53,True,1.0,1.8825694444444445,True
PED000809,10,10,2026-01-07 11:22:22,2026-01-08 21:49:06,34.44,0,CEDI Barranquilla,Barranquilla,Coordinadora,KMS89425326,9790,2026-01-09 14:22:22,Entregado,2026-01-08 21:49:06,True,1.0,1.4352314814814815,True
PED000810,10,10,2026-06-20 19:17:40,2026-06-22 13:39:29,42.36,1,CEDI Pereira,Pereira,TCC,KMS44970001,8900,2026-06-22 14:17:40,Entregado,2026-06-22 13:39:29,True,1.0,1.765150462962963,True
PED000811,10,10,2026-03-19 04:27:29,2026-03-20 14:38:53,34.19,0,CEDI Medellín,Medellín,Envia,KMS18463799,17490,2026-03-21 02:27:29,Entregado,2026-03-20 14:38:53,True,1.0,1.4245833333333333,True
PED000812,10,10,2026-03-31 02:27:22,2026-04-01 11:01:11,32.57,0,CEDI Bogotá,Bogotá D.C.,Inter Rapidísimo,KMS46466994,18900,2026-04-01 18:27:22,Entregado,2026-04-01 11:01:11,True,1.0,1.3568171296296296,True
PED000813,10,10,2026-05-06 06:02:44,2026-05-07 09:55:28,27.89,0,CEDI Pereira,Pereira,Coordinadora,KMS28147313,17490,2026-05-08 08:02:44,Entregado,2026-05-07 09:55:28,True,1.0,1.1616203703703705,True
PED000814,10,10,2026-01-08 08:16:44,2026-01-09 22:56:23,38.67,0,CEDI Pereira,Pereira,Envia,KMS90780881,8900,2026-01-10 10:16:44,Entregado,2026-01-09 22:56:23,True,1.0,1.6108680555555555,True
PED000815,10,10,2026-05-13 20:37:09,2026-05-15 18:03:36,45.44,0,CEDI Barranquilla,Barranquilla,Servientrega,KMS62706923,18900,2026-05-16 06:37:09,Entregado,2026-05-15 18:03:36,True,1.0,1.8933680555555557,True
PED000816,10,10,2026-03-09 03:22:00,2026-03-10 09:51:10,30.47,0,CEDI Medellín,Medellín,Coordinadora,KMS82292812,11900,2026-03-11 01:22:00,Entregado,2026-03-10 09:51:10,True,1.0,1.2702546296296295,True
PED000817,10,10,2026-02-02 21:57:56,2026-02-04 06:06:23,32.15,0,CEDI Bogotá,Bogotá D.C.,TCC,KMS82398958,15290,2026-02-04 06:57:56,Entregado,2026-02-04 06:06:23,True,1.0,1.339201388888889,True
PED000818,10,10,2026-05-15 21:27:44,2026-05-16 20:52:50,23.4,0,CEDI Cali,Cali,Coordinadora,KMS15798904,13900,2026-05-17 14:27:44,Entregado,2026-05-16 20:52:50,True,1.0,0.9757638888888889,True
PED000819,10,10,2026-04-05 08:10:29,2026-04-06 04:46:53,20.61,0,CEDI Bogotá,Bogotá D.C.,Coordinadora,KMS14515783,10890,2026-04-07 00:10:29,Entregado,2026-04-06 04:46:53,True,1.0,0.8586111111111111,True
PED000820,10,10,2026-06-19 07:51:37,2026-06-20 20:44:38,36.88,0,CEDI Bogotá,Bogotá D.C.,TCC,KMS91023089,10890,2026-06-20 23:51:37,Entregado,2026-06-20 20:44:38,True,1.0,1.5368171296296296,True
PED000821,10,10,2026-01-12 14:01:47,2026-01-13 16:46:07,26.73,1,CEDI Pereira,Pereira,TCC,KMS21806680,8900,2026-01-14 16:01:47,Entregado,2026-01-13 16:46:07,True,1.0,1.1141203703703704,True
PED000822,10,10,2026-01-25 20:44:27,2026-01-27 22:39:45,49.93,0,CEDI Medellín,Medellín,Inter Rapidísimo,KMS86322493,13900,2026-01-27 18:44:27,Entregado,2026-01-27 22:39:45,True,0.0,2.0800694444444443,True
PED000823,10,10,2026-03-31 17:48:32,2026-04-02 05:48:55,36.019999999999996,0,CEDI Bogotá,Bogotá D.C.,Inter Rapidísimo,KMS13505923,8900,2026-04-02 09:48:32,Entregado,2026-04-02 05:48:55,True,1.0,1.5002662037037038,True
PED000824,10,10,2026-01-29 12:00:37,2026-01-30 21:33:53,33.56,0,CEDI Bogotá,Bogotá D.C.,TCC,KMS97732777,13900,2026-01-31 04:00:37,Entregado,2026-01-30 21:33:53,True,1.0,1.3981018518518518,True
PED000825,10,10,2026-06-21 14:18:35,2026-06-23 04:43:56,38.43,1,CEDI Cali,Cali,Coordinadora,KMS71194101,18900,2026-06-23 14:18:35,Entregado,2026-06-23 04:43:56,True,1.0,1.6009375,True
PED000826,10,10,2026-03-20 02:46:56,2026-03-21 10:56:16,32.15,0,CEDI Pereira,Pereira,Inter Rapidísimo,KMS16491281,20790,2026-03-21 21:46:56,Entregado,2026-03-21 10:56:16,True,1.0,1.3398148148148148,True
PED000827,10,10,2026-06-08 17:00:50,2026-06-11 02:24:48,57.400000000000006,0,CEDI Cali,Cali,Inter Rapidísimo,KMS66885919,11900,2026-06-10 17:00:50,Entregado,2026-06-11 02:24:48,True,0.0,2.3916435185185185,True
PED000828,9,9,2026-05-14 11:05:51,2026-05-16 11:31:37,46.5,0,CEDI Barranquilla,Barranquilla,TCC,KMS71212175,15900,2026-05-16 21:05:51,Entregado,2026-05-16 11:31:37,True,1.0,2.0178935185185187,False
PED000829,10,10,2026-06-28 09:08:16,2026-06-29 06:01:31,20.88,0,CEDI Medellín,Medellín,Coordinadora,KMS76423293,11900,2026-06-30 07:08:16,Entregado,2026-06-29 06:01:31,True,1.0,0.8703125,True
PED000830,10,10,2026-03-05 22:45:57,2026-03-07 18:04:03,43.29,0,CEDI Medellín,Medellín,TCC,KMS77523580,9790,2026-03-07 13:45:57,Entregado,2026-03-07 18:04:03,True,0.0,1.8042361111111112,True
PED000831,10,10,2026-03-14 13:23:09,2026-03-16 01:11:40,35.81,0,CEDI Barranquilla,Barranquilla,Servientrega,KMS91083822,20790,2026-03-16 16:23:09,Entregado,2026-03-16 01:11:40,True,1.0,1.492025462962963,True
PED000832,10,10,2026-05-29 08:34:46,2026-05-30 22:06:46,37.53,1,CEDI Medellín,Medellín,Envia,KMS86269893,13900,2026-05-31 06:34:46,Entregado,2026-05-30 22:06:46,True,1.0,1.5638888888888889,True
PED000833,10,10,2026-06-19 02:15:29,2026-06-20 16:49:23,38.57,0,CEDI Medellín,Medellín,Envia,KMS35198236,9900,2026-06-21 00:15:29,Entregado,2026-06-20 16:49:23,True,1.0,1.606875,True
PED000834,10,10,2026-02-06 00:38:57,2026-02-07 15:38:39,38.99,0,CEDI Bucaramanga,Bucaramanga,Servientrega,KMS86017764,11900,2026-02-07 21:38:57,Entregado,2026-02-07 15:38:39,True,1.0,1.6247916666666666,True
PED000835,10,10,2026-03-07 11:21:12,2026-03-09 10:42:30,47.35,0,CEDI Bucaramanga,Bucaramanga,Envia,KMS78309200,9900,2026-03-09 15:21:12,Entregado,2026-03-09 10:42:30,True,1.0,1.973125,True
PED000836,10,10,2026-03-27 01:44:27,2026-03-28 12:51:29,35.120000000000005,0,CEDI Medellín,Medellín,Inter Rapidísimo,KMS58547059,15900,2026-03-28 23:44:27,Entregado,2026-03-28 12:51:29,True,1.0,1.4632175925925925,True
PED000837,10,10,2026-04-04 23:13:56,2026-04-06 02:05:15,26.86,0,CEDI Cali,Cali,TCC,KMS85390452,17490,2026-04-06 23:13:56,Entregado,2026-04-06 02:05:15,True,1.0,1.1189699074074073,True
PED000838,10,10,2026-06-06 11:30:33,2026-06-07 22:32:34,35.04,0,CEDI Pereira,Pereira,TCC,KMS16701470,15900,2026-06-08 06:30:33,Entregado,2026-06-07 22:32:34,True,1.0,1.4597337962962964,True
PED000839,10,10,2026-03-04 16:19:49,2026-03-06 06:24:17,38.07,0,CEDI Barranquilla,Barranquilla,Inter Rapidísimo,KMS75939853,18900,2026-03-07 02:19:49,Entregado,2026-03-06 06:24:17,True,1.0,1.5864351851851852,True
PED000840,10,10,2026-03-26 20:37:00,2026-03-27 16:19:28,19.71,0,CEDI Bogotá,Bogotá D.C.,Inter Rapidísimo,KMS83432922,20790,2026-03-28 05:37:00,Entregado,2026-03-27 16:19:28,True,1.0,0.8211574074074074,True
PED000841,10,10,2026-03-02 17:18:58,2026-03-04 13:29:48,44.17,0,CEDI Cali,Cali,Servientrega,KMS79085330,11900,2026-03-04 17:18:58,Entregado,2026-03-04 13:29:48,True,1.0,1.8408564814814814,True
PED000842,10,10,2026-04-13 16:13:02,2026-04-15 23:24:47,55.19,0,CEDI Cali,Cali,Envia,KMS38107438,9790,2026-04-15 16:13:02,Entregado,2026-04-15 23:24:47,True,0.0,2.299826388888889,True
PED000843,10,10,2026-06-21 23:49:32,2026-06-23 07:59:03,32.15,0,CEDI Medellín,Medellín,TCC,KMS90662508,11900,2026-06-23 21:49:32,Entregado,2026-06-23 07:59:03,True,1.0,1.3399421296296297,True
PED000844,10,10,2026-04-03 07:48:16,2026-04-04 23:11:27,39.39,0,CEDI Bucaramanga,Bucaramanga,Envia,KMS88287931,8900,2026-04-05 11:48:16,Entregado,2026-04-04 23:11:27,True,1.0,1.641099537037037,True
PED000845,10,10,2026-06-03 07:06:06,2026-06-04 13:49:54,30.73,1,CEDI Cali,Cali,Coordinadora,KMS73503711,10890,2026-06-05 00:06:06,Entregado,2026-06-04 13:49:54,True,1.0,1.2804166666666668,True
PED000846,10,10,2026-06-02 21:50:53,2026-06-03 07:59:57,10.16,0,CEDI Cali,Cali,TCC,KMS82835298,18900,2026-06-04 14:50:53,Entregado,2026-06-03 07:59:57,True,1.0,0.422962962962963,True
PED000847,10,10,2026-05-31 22:00:53,2026-06-02 10:47:55,36.78,0,CEDI Medellín,Medellín,Inter Rapidísimo,KMS21639517,10890,2026-06-02 13:00:53,Entregado,2026-06-02 10:47:55,True,1.0,1.532662037037037,True
PED000848,10,10,2026-01-30 17:39:47,2026-01-31 10:31:22,16.88,0,CEDI Bogotá,Bogotá D.C.,Servientrega,KMS87105530,9900,2026-02-01 02:39:47,Entregado,2026-01-31 10:31:22,True,1.0,0.702488425925926,True
PED000849,10,10,2026-03-28 07:20:59,2026-03-29 06:13:29,22.86,0,CEDI Bogotá,Bogotá D.C.,Coordinadora,KMS40121924,10890,2026-03-29 23:20:59,Entregado,2026-03-29 06:13:29,True,1.0,0.953125,True
PED000850,10,10,2026-06-12 06:48:53,2026-06-13 17:22:12,34.55,0,CEDI Medellín,Medellín,TCC,KMS78554597,9790,2026-06-14 04:48:53,Entregado,2026-06-13 17:22:12,True,1.0,1.4398032407407408,True
PED000851,10,10,2026-03-11 21:52:59,2026-03-12 21:50:58,23.96,0,CEDI Bogotá,Bogotá D.C.,Envia,KMS13787193,9900,2026-03-13 06:52:59,Entregado,2026-03-12 21:50:58,True,1.0,0.9985995370370371,True
PED000852,10,10,2026-04-07 23:55:17,2026-04-09 22:44:10,46.83,1,CEDI Bogotá,Bogotá D.C.,Inter Rapidísimo,KMS95274101,15900,2026-04-09 08:55:17,Entregado,2026-04-09 22:44:10,True,0.0,1.950613425925926,True
PED000853,10,10,2026-01-11 21:27:22,2026-01-13 14:57:56,41.519999999999996,0,CEDI Pereira,Pereira,Inter Rapidísimo,KMS79060800,15900,2026-01-13 23:27:22,Entregado,2026-01-13 14:57:56,True,1.0,1.7295601851851852,True
PED000854,10,10,2026-05-02 18:50:18,2026-05-04 09:23:55,38.57,0,CEDI Pereira,Pereira,Envia,KMS22311134,18900,2026-05-04 13:50:18,Entregado,2026-05-04 09:23:55,True,1.0,1.6066782407407407,True
PED000855,10,10,2026-06-21 21:08:58,2026-06-24 03:15:05,54.099999999999994,0,CEDI Barranquilla,Barranquilla,TCC,KMS25618982,13900,2026-06-24 07:08:58,Entregado,2026-06-24 03:15:05,True,1.0,2.2542476851851854,True
PED000856,10,10,2026-01-17 04:24:58,2026-01-19 01:58:05,45.55,0,CEDI Bucaramanga,Bucaramanga,TCC,KMS88801515,15290,2026-01-19 08:24:58,Entregado,2026-01-19 01:58:05,True,1.0,1.8979976851851852,True
PED000857,10,10,2026-06-24 15:35:31,2026-06-26 04:35:20,37.0,0,CEDI Cali,Cali,Envia,KMS16233908,9790,2026-06-26 15:35:31,Entregado,2026-06-26 04:35:20,True,1.0,1.5415393518518519,True
PED000858,10,10,2026-04-15 10:51:00,2026-04-17 04:25:05,41.57,0,CEDI Cali,Cali,Coordinadora,KMS86547330,13900,2026-04-17 10:51:00,Entregado,2026-04-17 04:25:05,True,1.0,1.732002314814815,True
PED000859,10,10,2026-05-17 13:23:44,2026-05-18 17:14:51,27.86,0,CEDI Cali,Cali,TCC,KMS42689043,9900,2026-05-19 06:23:44,Entregado,2026-05-18 17:14:51,True,1.0,1.1604976851851851,True
PED000860,10,10,2026-03-15 04:13:17,2026-03-17 10:34:16,54.349999999999994,0,CEDI Medellín,Medellín,Envia,KMS90715305,8900,2026-03-17 02:13:17,Entregado,2026-03-17 10:34:16,True,0.0,2.264571759259259,True
PED000861,10,10,2026-06-18 02:56:37,2026-06-20 10:11:18,55.24,1,CEDI Medellín,Medellín,Coordinadora,KMS68079445,9900,2026-06-19 17:56:37,Entregado,2026-06-20 10:11:18,True,0.0,2.301863425925926,True
PED000862,10,10,2026-01-29 21:33:52,2026-01-30 13:42:45,16.13,0,CEDI Bogotá,Bogotá D.C.,TCC,KMS38296249,13900,2026-01-31 06:33:52,Entregado,2026-01-30 13:42:45,True,1.0,0.6728356481481481,True
PED000863,10,10,2026-01-22 15:17:15,2026-01-23 23:50:58,32.56,1,CEDI Cali,Cali,Inter Rapidísimo,KMS96787292,8900,2026-01-24 08:17:15,Entregado,2026-01-23 23:50:58,True,1.0,1.3567476851851852,True
PED000864,10,10,2026-03-18 23:51:36,2026-03-20 21:15:48,45.42,1,CEDI Barranquilla,Barranquilla,Envia,KMS29817362,9900,2026-03-21 09:51:36,Entregado,2026-03-20 21:15:48,True,1.0,1.8918055555555555,True
PED000865,10,10,2026-06-22 05:43:03,2026-06-23 19:54:04,38.19,0,CEDI Medellín,Medellín,Coordinadora,KMS20731195,15290,2026-06-24 03:43:03,Entregado,2026-06-23 19:54:04,True,1.0,1.5909837962962963,True
PED000866,10,10,2026-03-16 16:28:49,2026-03-18 08:11:49,39.72,0,CEDI Pereira,Pereira,Inter Rapidísimo,KMS55230299,15290,2026-03-18 18:28:49,Entregado,2026-03-18 08:11:49,True,1.0,1.6548611111111111,True
PED000867,10,10,2026-06-22 14:35:22,2026-06-24 13:21:55,46.769999999999996,0,CEDI Barranquilla,Barranquilla,Servientrega,KMS76982027,8900,2026-06-25 00:35:22,Entregado,2026-06-24 13:21:55,True,1.0,1.9489930555555555,True
PED000868,10,10,2026-01-25 18:26:17,2026-01-27 11:08:38,40.71,0,CEDI Medellín,Medellín,Inter Rapidísimo,KMS32225556,13900,2026-01-27 16:26:17,Entregado,2026-01-27 11:08:38,True,1.0,1.6960763888888888,True
PED000869,10,10,2026-06-09 15:47:55,2026-06-11 07:11:42,39.39,0,CEDI Cali,Cali,Envia,KMS27440042,8900,2026-06-11 15:47:55,Entregado,2026-06-11 07:11:42,True,1.0,1.6415162037037037,True
PED000870,10,10,2026-01-28 10:04:30,2026-01-29 17:12:56,31.130000000000003,0,CEDI Bogotá,Bogotá D.C.,Envia,KMS65086753,11900,2026-01-30 02:04:30,Entregado,2026-01-29 17:12:56,True,1.0,1.2975231481481482,True
PED000871,10,10,2026-01-16 00:01:39,2026-01-17 11:10:04,35.14,0,CEDI Pereira,Pereira,Coordinadora,KMS62632937,8900,2026-01-18 02:01:39,Entregado,2026-01-17 11:10:04,True,1.0,1.4641782407407407,True
PED000872,10,10,2026-06-25 13:20:14,2026-06-26 20:58:38,31.65,0,CEDI Cali,Cali,Servientrega,KMS96317148,18900,2026-06-27 06:20:14,Entregado,2026-06-26 20:58:38,True,1.0,1.3183333333333334,True
PED000873,10,10,2026-06-28 09:20:45,2026-07-01 04:54:41,67.58,0,CEDI Barranquilla,Barranquilla,Servientrega,KMS15740086,13090,2026-06-30 19:20:45,Entregado,2026-07-01 04:54:41,True,0.0,2.8152314814814816,True
PED000874,10,10,2026-01-26 20:45:36,2026-01-28 07:44:43,34.97,1,CEDI Barranquilla,Barranquilla,Servientrega,KMS42065473,13900,2026-01-28 23:45:36,Entregado,2026-01-28 07:44:43,True,1.0,1.4577199074074074,True
PED000875,10,10,2026-02-18 12:33:45,2026-02-20 23:59:36,59.44,0,CEDI Pereira,Pereira,Servientrega,KMS56166501,15290,2026-02-20 07:33:45,Entregado,2026-02-20 23:59:36,True,0.0,2.476284722222222,True
PED000876,10,10,2026-03-27 09:24:16,2026-03-28 19:03:16,33.66,0,CEDI Bogotá,Bogotá D.C.,Servientrega,KMS89274406,20790,2026-03-29 01:24:16,Entregado,2026-03-28 19:03:16,True,1.0,1.4020833333333333,True
PED000877,10,10,2026-04-18 11:05:05,2026-04-19 09:51:25,22.77,0,CEDI Bogotá,Bogotá D.C.,Envia,KMS28491072,13900,2026-04-20 03:05:05,Entregado,2026-04-19 09:51:25,True,1.0,0.9488425925925926,True
PED000878,10,10,2026-05-14 03:40:36,2026-05-15 14:46:28,35.089999999999996,0,CEDI Bogotá,Bogotá D.C.,Envia,KMS96289746,13900,2026-05-15 19:40:36,Entregado,2026-05-15 14:46:28,True,1.0,1.4624074074074074,True
PED000879,10,10,2026-03-11 00:46:08,2026-03-11 14:05:18,13.33,0,CEDI Bogotá,Bogotá D.C.,Coordinadora,KMS43474636,17490,2026-03-12 16:46:08,Entregado,2026-03-11 14:05:18,True,1.0,0.5549768518518519,True
PED000880,10,10,2026-04-18 14:24:28,2026-04-19 23:31:25,33.120000000000005,0,CEDI Bogotá,Bogotá D.C.,Coordinadora,KMS36894010,11900,2026-04-20 06:24:28,Entregado,2026-04-19 23:31:25,True,1.0,1.3798263888888889,True
PED000881,10,10,2026-04-09 05:27:22,2026-04-10 22:47:02,41.339999999999996,0,CEDI Bucaramanga,Bucaramanga,Coordinadora,KMS89968312,13900,2026-04-11 09:27:22,Entregado,2026-04-10 22:47:02,True,1.0,1.7219907407407407,True
PED000882,10,10,2026-01-29 11:16:45,2026-01-31 14:33:06,51.269999999999996,0,CEDI Bogotá,Bogotá D.C.,Envia,KMS56075306,9900,2026-01-31 03:16:45,Entregado,2026-01-31 14:33:06,True,0.0,2.1363541666666666,True
PED000883,10,10,2026-04-14 19:55:06,2026-04-16 07:02:11,35.11,0,CEDI Medellín,Medellín,Servientrega,KMS74815674,13900,2026-04-16 17:55:06,Entregado,2026-04-16 07:02:11,True,1.0,1.4632523148148149,True
PED000884,10,10,2026-01-17 05:26:53,2026-01-18 12:13:14,30.77,0,CEDI Bogotá,Bogotá D.C.,TCC,KMS85955909,20790,2026-01-18 21:26:53,Entregado,2026-01-18 12:13:14,True,1.0,1.2821875,True
PED000885,10,10,2026-02-17 19:25:47,2026-02-18 23:48:58,28.4,0,CEDI Cali,Cali,Envia,KMS19898038,11900,2026-02-19 19:25:47,Entregado,2026-02-18 23:48:58,True,1.0,1.1827662037037037,True
PED000886,10,10,2026-01-30 13:23:04,2026-01-30 23:23:04,10.0,0,CEDI Bogotá,Bogotá D.C.,TCC,KMS17614282,13090,2026-01-31 22:23:04,Entregado,2026-01-30 23:23:04,True,1.0,0.4166666666666667,True
PED000887,10,10,2026-03-07 01:20:04,2026-03-09 13:25:11,60.07,0,CEDI Barranquilla,Barranquilla,Inter Rapidísimo,KMS16236211,11900,2026-03-09 11:20:04,Entregado,2026-03-09 13:25:11,True,0.0,2.503553240740741,True
PED000888,10,10,2026-01-28 23:25:50,2026-01-31 17:27:30,66.01,1,CEDI Cali,Cali,Envia,KMS65906193,20790,2026-01-30 23:25:50,Entregado,2026-01-31 17:27:30,True,0.0,2.7511574074074074,True
PED000889,10,10,2026-01-11 04:43:42,2026-01-12 00:37:25,19.880000000000003,0,CEDI Bogotá,Bogotá D.C.,Envia,KMS62494905,15290,2026-01-12 20:43:42,Entregado,2026-01-12 00:37:25,True,1.0,0.8289699074074074,True
PED000890,10,10,2026-03-31 04:08:52,2026-04-01 11:21:37,31.22,0,CEDI Bucaramanga,Bucaramanga,Coordinadora,KMS44825187,15290,2026-04-02 08:08:52,Entregado,2026-04-01 11:21:37,True,1.0,1.3005208333333333,True
PED000891,10,10,2026-04-24 01:33:52,2026-04-25 23:29:00,45.91,1,CEDI Barranquilla,Barranquilla,Envia,KMS48749505,11900,2026-04-26 04:33:52,Entregado,2026-04-25 23:29:00,True,1.0,1.913287037037037,True
PED000892,10,10,2026-04-18 18:34:22,2026-04-19 16:40:28,22.1,0,CEDI Medellín,Medellín,Inter Rapidísimo,KMS25469916,9900,2026-04-20 09:34:22,Entregado,2026-04-19 16:40:28,True,1.0,0.9209027777777777,True
PED000893,10,10,2026-04-21 14:11:14,2026-04-22 22:04:23,31.87,0,CEDI Bogotá,Bogotá D.C.,Envia,KMS66042161,18900,2026-04-23 06:11:14,Entregado,2026-04-22 22:04:23,True,1.0,1.3285763888888888,True
PED000894,10,10,2026-01-17 01:44:35,2026-01-18 20:29:55,42.76,0,CEDI Cali,Cali,Envia,KMS22141464,17490,2026-01-19 01:44:35,Entregado,2026-01-18 20:29:55,True,1.0,1.7814814814814814,True
PED000895,10,10,2026-01-02 07:57:35,2026-01-04 11:53:47,51.940000000000005,0,CEDI Barranquilla,Barranquilla,Envia,KMS59792834,8900,2026-01-04 17:57:35,Entregado,2026-01-04 11:53:47,True,1.0,2.1640277777777777,True
PED000896,10,10,2026-05-01 09:43:31,2026-05-02 18:47:06,33.06,0,CEDI Bucaramanga,Bucaramanga,Coordinadora,KMS39475759,20790,2026-05-03 06:43:31,Entregado,2026-05-02 18:47:06,True,1.0,1.377488425925926,True
PED000897,10,10,2026-03-04 19:19:55,2026-03-05 18:21:43,23.02,0,CEDI Bogotá,Bogotá D.C.,TCC,KMS52336139,18900,2026-03-06 11:19:55,Entregado,2026-03-05 18:21:43,True,1.0,0.9595833333333333,True
PED000898,10,10,2026-04-26 06:44:53,2026-04-29 03:49:04,69.07000000000001,0,CEDI Barranquilla,Barranquilla,Inter Rapidísimo,KMS52799943,11900,2026-04-28 16:44:53,Entregado,2026-04-29 03:49:04,True,0.0,2.8779050925925924,True
PED000899,10,10,2026-01-02 19:39:58,2026-01-03 21:29:52,25.82,0,CEDI Bogotá,Bogotá D.C.,Envia,KMS17407627,10890,2026-01-04 11:39:58,Entregado,2026-01-03 21:29:52,True,1.0,1.0763194444444444,True
PED000900,10,10,2026-03-31 02:24:49,2026-04-02 16:38:46,62.230000000000004,0,CEDI Barranquilla,Barranquilla,Servientrega,KMS39040508,13900,2026-04-02 12:24:49,Entregado,2026-04-02 16:38:46,True,0.0,2.5930208333333336,True
PED000901,10,10,2026-03-18 11:10:49,2026-03-21 06:02:49,66.86,0,CEDI Barranquilla,Barranquilla,Envia,KMS31285542,8900,2026-03-20 21:10:49,Entregado,2026-03-21 06:02:49,True,0.0,2.786111111111111,True
PED000902,10,10,2026-04-02 17:50:21,2026-04-04 11:13:26,41.4,0,CEDI Cali,Cali,Coordinadora,KMS87246324,13900,2026-04-04 10:50:21,Entregado,2026-04-04 11:13:26,True,0.0,1.724363425925926,True
PED000903,10,10,2026-06-05 06:31:47,2026-06-06 21:45:14,39.21,1,CEDI Barranquilla,Barranquilla,Coordinadora,KMS54988229,9790,2026-06-07 16:31:47,Entregado,2026-06-06 21:45:14,True,1.0,1.6343402777777778,True
PED000904,10,10,2026-06-11 02:22:32,2026-06-12 17:41:09,39.31,0,CEDI Bucaramanga,Bucaramanga,TCC,KMS88901150,11900,2026-06-12 23:22:32,Entregado,2026-06-12 17:41:09,True,1.0,1.6379282407407407,True
PED000905,10,10,2026-04-18 07:13:59,2026-04-19 19:05:06,35.86,0,CEDI Cali,Cali,TCC,KMS31036471,9790,2026-04-20 07:13:59,Entregado,2026-04-19 19:05:06,True,1.0,1.4938310185185186,True
PED000906,10,10,2026-06-21 19:59:57,2026-06-22 16:57:37,20.96,0,CEDI Cali,Cali,Envia,KMS72015755,11900,2026-06-23 12:59:57,Entregado,2026-06-22 16:57:37,True,1.0,0.8733796296296297,True
PED000907,10,10,2026-04-22 05:00:12,2026-04-23 10:51:22,29.85,0,CEDI Medellín,Medellín,Inter Rapidísimo,KMS19818492,9900,2026-04-24 03:00:12,Entregado,2026-04-23 10:51:22,True,1.0,1.2438657407407407,True
PED000908,10,10,2026-01-04 11:56:23,2026-01-05 06:22:20,18.439999999999998,0,CEDI Bogotá,Bogotá D.C.,Inter Rapidísimo,KMS19018423,11900,2026-01-05 20:56:23,Entregado,2026-01-05 06:22:20,True,1.0,0.7680208333333334,True
PED000909,10,10,2026-05-26 20:48:19,2026-05-28 05:33:37,32.76,1,CEDI Cali,Cali,Coordinadora,KMS48091051,15900,2026-05-28 13:48:19,Entregado,2026-05-28 05:33:37,True,1.0,1.3647916666666666,True
PED000910,10,10,2026-01-02 16:28:46,2026-01-03 15:46:37,23.29,1,CEDI Cali,Cali,TCC,KMS54674016,15900,2026-01-04 09:28:46,Entregado,2026-01-03 15:46:37,True,1.0,0.9707291666666666,True
PED000911,10,10,2026-06-23 00:56:58,2026-06-24 15:05:37,38.15,0,CEDI Bogotá,Bogotá D.C.,Inter Rapidísimo,KMS20516928,18900,2026-06-24 16:56:58,Entregado,2026-06-24 15:05:37,True,1.0,1.5893402777777779,True
PED000912,10,10,2026-04-23 15:36:40,2026-04-25 06:36:47,39.0,0,CEDI Bogotá,Bogotá D.C.,Inter Rapidísimo,KMS83277670,13090,2026-04-25 07:36:40,Entregado,2026-04-25 06:36:47,True,1.0,1.6250810185185185,True
PED000913,10,10,2026-05-22 13:11:07,2026-05-23 15:07:34,25.939999999999998,1,CEDI Bogotá,Bogotá D.C.,Servientrega,KMS39781349,8900,2026-05-24 05:11:07,Entregado,2026-05-23 15:07:34,True,1.0,1.0808680555555557,True
PED000914,10,10,2026-01-04 19:57:21,2026-01-06 02:27:03,30.5,0,CEDI Bogotá,Bogotá D.C.,Envia,KMS87974554,9900,2026-01-06 04:57:21,Entregado,2026-01-06 02:27:03,True,1.0,1.270625,True
PED000915,10,10,2026-06-12 14:17:13,2026-06-14 09:19:43,43.04,0,CEDI Medellín,Medellín,Envia,KMS21335414,20790,2026-06-14 12:17:13,Entregado,2026-06-14 09:19:43,True,1.0,1.7934027777777777,True
PED000916,10,10,2026-06-30 13:45:20,2026-07-02 14:04:19,48.33,0,CEDI Bogotá,Bogotá D.C.,Coordinadora,KMS37186899,15900,2026-07-02 05:45:20,Entregado,2026-07-02 14:04:19,True,0.0,2.0131828703703705,True
PED000917,10,10,2026-04-10 16:11:15,2026-04-12 18:15:04,50.07,0,CEDI Barranquilla,Barranquilla,Coordinadora,KMS94740920,18900,2026-04-12 19:11:15,Entregado,2026-04-12 18:15:04,True,1.0,2.085983796296296,True
PED000918,10,10,2026-03-16 21:29:28,2026-03-17 22:51:59,25.37,0,CEDI Medellín,Medellín,Inter Rapidísimo,KMS80565507,8900,2026-03-18 19:29:28,Entregado,2026-03-17 22:51:59,True,1.0,1.0573032407407408,True
PED000919,10,10,2026-06-15 16:27:13,2026-06-16 12:55:09,20.46,0,CEDI Bogotá,Bogotá D.C.,Coordinadora,KMS50401003,8900,2026-06-17 01:27:13,Entregado,2026-06-16 12:55:09,True,1.0,0.8527314814814815,True
PED000920,10,10,2026-04-17 11:42:59,2026-04-19 01:04:12,37.35,1,CEDI Medellín,Medellín,TCC,KMS23268128,11900,2026-04-19 09:42:59,Entregado,2026-04-19 01:04:12,True,1.0,1.5564004629629629,True
PED000921,10,10,2026-02-12 07:27:14,2026-02-14 03:25:14,43.980000000000004,0,CEDI Cali,Cali,Coordinadora,KMS92259385,10890,2026-02-14 07:27:14,Entregado,2026-02-14 03:25:14,True,1.0,1.8319444444444444,True
PED000922,10,10,2026-04-13 04:57:47,2026-04-15 06:43:24,49.75,0,CEDI Bucaramanga,Bucaramanga,Servientrega,KMS62360779,13900,2026-04-15 01:57:47,Entregado,2026-04-15 06:43:24,True,0.0,2.0733449074074075,True
PED000923,10,10,2026-04-26 11:17:22,2026-04-28 05:51:40,42.58,0,CEDI Bucaramanga,Bucaramanga,Envia,KMS13342324,18900,2026-04-28 08:17:22,Entregado,2026-04-28 05:51:40,True,1.0,1.7738194444444444,True
PED000924,10,10,2026-04-12 15:07:53,2026-04-14 14:57:46,47.83,0,CEDI Bucaramanga,Bucaramanga,TCC,KMS31351342,17490,2026-04-14 19:07:53,Entregado,2026-04-14 14:57:46,True,1.0,1.992974537037037,True
PED000925,10,10,2026-04-30 18:57:26,2026-05-02 03:25:30,32.45,1,CEDI Medellín,Medellín,TCC,KMS47688665,8900,2026-05-02 16:57:26,Entregado,2026-05-02 03:25:30,True,1.0,1.352824074074074,True
PED000926,10,10,2026-01-24 12:17:02,2026-01-25 04:21:47,16.09,0,CEDI Bogotá,Bogotá D.C.,TCC,KMS22642532,8900,2026-01-26 04:17:02,Entregado,2026-01-25 04:21:47,True,1.0,0.6699652777777778,True
PED000927,10,10,2026-06-04 12:00:17,2026-06-05 11:18:00,23.3,1,CEDI Bogotá,Bogotá D.C.,Servientrega,KMS21546687,11900,2026-06-06 04:00:17,Entregado,2026-06-05 11:18:00,True,1.0,0.9706365740740741,True
PED000928,10,10,2026-05-02 08:30:53,2026-05-03 10:36:45,26.1,0,CEDI Medellín,Medellín,Inter Rapidísimo,KMS82499440,15900,2026-05-04 06:30:53,Entregado,2026-05-03 10:36:45,True,1.0,1.0874074074074074,True
PED000929,10,10,2026-03-11 23:36:48,2026-03-13 01:57:12,26.35,0,CEDI Bogotá,Bogotá D.C.,Coordinadora,KMS41306357,18900,2026-03-13 15:36:48,Entregado,2026-03-13 01:57:12,True,1.0,1.0975,True
PED000930,10,10,2026-03-07 18:07:18,2026-03-08 20:13:46,26.12,0,CEDI Medellín,Medellín,Servientrega,KMS27107925,8900,2026-03-09 09:07:18,Entregado,2026-03-08 20:13:46,True,1.0,1.087824074074074,True
PED000931,10,10,2026-05-13 07:36:49,2026-05-16 09:07:09,73.5,0,CEDI Barranquilla,Barranquilla,TCC,KMS81197934,18900,2026-05-15 17:36:49,Entregado,2026-05-16 09:07:09,True,0.0,3.0627314814814817,True
PED000932,10,10,2026-05-04 02:33:34,2026-05-05 14:22:12,35.81,0,CEDI Bogotá,Bogotá D.C.,TCC,KMS21987595,8900,2026-05-05 18:33:34,Entregado,2026-05-05 14:22:12,True,1.0,1.4921064814814815,True
PED000933,10,10,2026-06-07 06:06:25,2026-06-09 00:47:34,42.68,0,CEDI Bucaramanga,Bucaramanga,Envia,KMS50410283,15900,2026-06-09 10:06:25,Entregado,2026-06-09 00:47:34,True,1.0,1.7785763888888888,True
PED000934,10,10,2026-03-12 09:10:33,2026-03-13 14:46:43,29.59,0,CEDI Bogotá,Bogotá D.C.,Inter Rapidísimo,KMS23663607,18900,2026-03-14 01:10:33,Entregado,2026-03-13 14:46:43,True,1.0,1.233449074074074,True
PED000935,10,10,2026-04-27 16:34:08,2026-04-29 04:56:23,36.38,0,CEDI Bogotá,Bogotá D.C.,Inter Rapidísimo,KMS86848580,20790,2026-04-29 08:34:08,Entregado,2026-04-29 04:56:23,True,1.0,1.515451388888889,True
PED000936,10,10,2026-02-16 15:15:58,2026-02-18 13:46:15,46.5,0,CEDI Medellín,Medellín,Servientrega,KMS20174488,9790,2026-02-18 13:15:58,Entregado,2026-02-18 13:46:15,True,0.0,1.9376967592592593,True
PED000937,10,10,2026-02-08 00:20:10,2026-02-08 22:27:20,22.12,0,CEDI Medellín,Medellín,Inter Rapidísimo,KMS80222667,15900,2026-02-09 15:20:10,Entregado,2026-02-08 22:27:20,True,1.0,0.9216435185185186,True
PED000938,10,10,2026-05-25 13:31:49,2026-05-26 23:22:49,33.86,0,CEDI Pereira,Pereira,TCC,KMS68036890,15900,2026-05-27 15:31:49,Entregado,2026-05-26 23:22:49,True,1.0,1.4104166666666667,True
PED000939,10,10,2026-03-09 14:24:20,2026-03-11 05:36:56,39.21,0,CEDI Cali,Cali,Envia,KMS25096651,13900,2026-03-11 14:24:20,Entregado,2026-03-11 05:36:56,True,1.0,1.63375,True
PED000940,10,10,2026-01-26 14:44:46,2026-01-27 08:38:59,17.91,0,CEDI Bogotá,Bogotá D.C.,Inter Rapidísimo,KMS13399686,9900,2026-01-27 23:44:46,Entregado,2026-01-27 08:38:59,True,1.0,0.7459837962962963,True
PED000941,10,10,2026-05-23 19:31:37,2026-05-25 10:04:14,38.54,0,CEDI Bucaramanga,Bucaramanga,Servientrega,KMS20877148,8900,2026-05-25 23:31:37,Entregado,2026-05-25 10:04:14,True,1.0,1.6059837962962964,True
PED000942,10,10,2026-04-29 04:01:22,2026-04-30 09:08:00,29.11,0,CEDI Bogotá,Bogotá D.C.,TCC,KMS49145706,11900,2026-04-30 20:01:22,Entregado,2026-04-30 09:08:00,True,1.0,1.2129398148148147,True
PED000943,10,10,2026-04-13 12:24:14,2026-04-15 00:32:47,36.14,0,CEDI Bucaramanga,Bucaramanga,Servientrega,KMS77388424,8900,2026-04-15 16:24:14,Entregado,2026-04-15 00:32:47,True,1.0,1.5059375,True
PED000944,10,10,2026-04-20 05:56:39,2026-04-21 15:18:32,33.36,0,CEDI Cali,Cali,TCC,KMS23703269,11900,2026-04-21 22:56:39,Entregado,2026-04-21 15:18:32,True,1.0,1.3901967592592592,True
PED000945,10,10,2026-02-11 03:47:41,2026-02-12 08:57:55,29.19,0,CEDI Cali,Cali,TCC,KMS80381698,9900,2026-02-13 03:47:41,Entregado,2026-02-12 08:57:55,True,1.0,1.215439814814815,True
PED000946,10,10,2026-06-18 15:51:53,2026-06-19 10:54:48,19.04,0,CEDI Bogotá,Bogotá D.C.,Envia,KMS71168175,15290,2026-06-20 00:51:53,Entregado,2026-06-19 10:54:48,True,1.0,0.7936921296296297,True
PED000947,10,10,2026-05-26 01:33:22,2026-05-26 11:59:46,10.43,0,CEDI Bogotá,Bogotá D.C.,Servientrega,KMS50856600,18900,2026-05-27 10:33:22,Entregado,2026-05-26 11:59:46,True,1.0,0.435,True
PED000948,10,10,2026-06-14 06:33:35,2026-06-16 05:18:35,46.76,0,CEDI Bucaramanga,Bucaramanga,Inter Rapidísimo,KMS30672189,13900,2026-06-16 10:33:35,Entregado,2026-06-16 05:18:35,True,1.0,1.9479166666666667,True
PED000949,10,10,2026-05-01 17:57:42,2026-05-03 09:42:57,39.76,0,CEDI Bucaramanga,Bucaramanga,Coordinadora,KMS16136200,10890,2026-05-03 21:57:42,Entregado,2026-05-03 09:42:57,True,1.0,1.656423611111111,True
PED000950,10,10,2026-01-30 15:57:00,2026-01-31 20:31:04,28.56,0,CEDI Medellín,Medellín,Inter Rapidísimo,KMS68851509,9900,2026-02-01 13:57:00,Entregado,2026-01-31 20:31:04,True,1.0,1.1903240740740741,True
PED000951,10,10,2026-03-06 06:12:11,2026-03-07 05:10:30,22.97,0,CEDI Medellín,Medellín,TCC,KMS93323203,13900,2026-03-07 21:12:11,Entregado,2026-03-07 05:10:30,True,1.0,0.9571643518518519,True
PED000952,10,10,2026-01-25 19:09:41,2026-01-27 04:14:25,33.07,0,CEDI Bogotá,Bogotá D.C.,Envia,KMS88633818,17490,2026-01-27 11:09:41,Entregado,2026-01-27 04:14:25,True,1.0,1.378287037037037,True
PED000953,10,10,2026-01-18 01:13:18,2026-01-19 11:57:16,34.73,0,CEDI Cali,Cali,Servientrega,KMS34378307,8900,2026-01-20 01:13:18,Entregado,2026-01-19 11:57:16,True,1.0,1.447199074074074,True
PED000954,10,10,2026-03-19 09:06:46,2026-03-19 19:06:46,10.01,0,CEDI Bogotá,Bogotá D.C.,Servientrega,KMS85762676,18900,2026-03-20 18:06:46,Entregado,2026-03-19 19:06:46,True,1.0,0.4166666666666667,True
PED000955,10,10,2026-01-06 11:50:04,2026-01-08 02:03:26,38.22,1,CEDI Bucaramanga,Bucaramanga,Inter Rapidísimo,KMS13666447,11900,2026-01-08 08:50:04,Entregado,2026-01-08 02:03:26,True,1.0,1.5926157407407406,True
PED000956,10,10,2026-01-26 07:06:02,2026-01-27 05:53:29,22.8,0,CEDI Bogotá,Bogotá D.C.,Servientrega,KMS88617481,17490,2026-01-27 23:06:02,Entregado,2026-01-27 05:53:29,True,1.0,0.9496180555555556,True
PED000957,10,10,2026-02-25 21:18:28,2026-02-27 15:06:47,41.81,0,CEDI Bogotá,Bogotá D.C.,Envia,KMS63842184,15900,2026-02-27 13:18:28,Entregado,2026-02-27 15:06:47,True,0.0,1.741886574074074,True
PED000958,10,10,2026-05-30 20:57:12,2026-06-01 03:50:34,30.89,0,CEDI Cali,Cali,Envia,KMS58326567,9900,2026-06-01 20:57:12,Entregado,2026-06-01 03:50:34,True,1.0,1.2870601851851853,True
PED000959,10,10,2026-03-30 12:26:27,2026-03-31 20:20:32,31.91,0,CEDI Cali,Cali,Envia,KMS91039082,10890,2026-04-01 12:26:27,Entregado,2026-03-31 20:20:32,True,1.0,1.329224537037037,True
PED000960,10,10,2026-01-29 17:03:03,2026-01-31 18:20:22,49.28,0,CEDI Pereira,Pereira,Envia,KMS46412722,20790,2026-01-31 12:03:03,Entregado,2026-01-31 18:20:22,True,0.0,2.0536921296296295,True
PED000961,10,10,2026-04-07 09:05:14,2026-04-08 21:52:55,36.8,1,CEDI Barranquilla,Barranquilla,Servientrega,KMS56934050,15900,2026-04-09 19:05:14,Entregado,2026-04-08 21:52:55,True,1.0,1.533113425925926,True
PED000962,10,10,2026-04-26 19:38:22,2026-04-28 08:15:40,36.61,0,CEDI Cali,Cali,Servientrega,KMS94268407,11900,2026-04-28 19:38:22,Entregado,2026-04-28 08:15:40,True,1.0,1.5259027777777778,True
PED000963,10,10,2026-05-15 06:32:38,2026-05-17 06:29:35,47.95,1,CEDI Barranquilla,Barranquilla,TCC,KMS10709479,11900,2026-05-17 16:32:38,Entregado,2026-05-17 06:29:35,True,1.0,1.9978819444444444,True
PED000964,10,10,2026-04-29 15:33:55,2026-05-01 20:30:39,52.94,0,CEDI Barranquilla,Barranquilla,Servientrega,KMS57488327,9790,2026-05-02 01:33:55,Entregado,2026-05-01 20:30:39,True,1.0,2.2060648148148148,True
PED000965,10,10,2026-06-25 07:55:35,2026-06-26 13:19:33,29.41,0,CEDI Cali,Cali,Envia,KMS36764503,13900,2026-06-27 00:55:35,Entregado,2026-06-26 13:19:33,True,1.0,1.2249768518518518,True
PED000966,10,10,2026-02-14 22:09:33,2026-02-16 09:32:05,35.379999999999995,0,CEDI Cali,Cali,TCC,KMS78158228,18900,2026-02-16 22:09:33,Entregado,2026-02-16 09:32:05,True,1.0,1.4739814814814816,True
PED000967,10,10,2026-04-08 21:53:08,2026-04-09 23:57:51,26.08,0,CEDI Bogotá,Bogotá D.C.,Coordinadora,KMS17767736,8900,2026-04-10 06:53:08,Entregado,2026-04-09 23:57:51,True,1.0,1.0866087962962963,True
PED000968,10,10,2026-04-05 08:37:21,2026-04-07 01:49:21,41.2,0,CEDI Medellín,Medellín,Coordinadora,KMS36474186,8900,2026-04-07 06:37:21,Entregado,2026-04-07 01:49:21,True,1.0,1.7166666666666666,True
PED000969,10,10,2026-01-06 13:36:26,2026-01-09 06:26:56,64.86,0,CEDI Barranquilla,Barranquilla,TCC,KMS62747554,11900,2026-01-08 23:36:26,Entregado,2026-01-09 06:26:56,True,0.0,2.701736111111111,True
PED000970,10,10,2026-04-23 03:16:40,2026-04-24 03:01:20,23.740000000000002,0,CEDI Medellín,Medellín,Inter Rapidísimo,KMS44792024,8900,2026-04-25 01:16:40,Entregado,2026-04-24 03:01:20,True,1.0,0.9893518518518518,True
PED000971,10,10,2026-02-19 03:31:33,2026-02-20 03:25:25,23.91,0,CEDI Medellín,Medellín,Envia,KMS44173859,9900,2026-02-20 18:31:33,Entregado,2026-02-20 03:25:25,True,1.0,0.9957407407407407,True
PED000972,10,10,2026-03-12 07:06:32,2026-03-13 08:58:41,25.880000000000003,0,CEDI Medellín,Medellín,Inter Rapidísimo,KMS56395763,9790,2026-03-14 05:06:32,Entregado,2026-03-13 08:58:41,True,1.0,1.0778819444444445,True
PED000973,10,10,2026-03-08 21:23:20,2026-03-10 08:14:32,34.84,0,CEDI Bucaramanga,Bucaramanga,TCC,KMS30124406,10890,2026-03-10 18:23:20,Entregado,2026-03-10 08:14:32,True,1.0,1.4522222222222223,True
PED000974,10,10,2026-03-31 07:00:35,2026-04-01 10:00:14,26.99,0,CEDI Bogotá,Bogotá D.C.,Coordinadora,KMS22344103,18900,2026-04-01 23:00:35,Entregado,2026-04-01 10:00:14,True,1.0,1.1247569444444445,True
PED000975,10,10,2026-01-10 18:12:47,2026-01-11 17:52:19,23.65,0,CEDI Cali,Cali,Coordinadora,KMS25322583,11900,2026-01-12 11:12:47,Entregado,2026-01-11 17:52:19,True,1.0,0.9857870370370371,True
PED000976,10,10,2026-04-21 02:35:10,2026-04-23 00:24:00,45.79,0,CEDI Cali,Cali,Inter Rapidísimo,KMS70279655,15900,2026-04-23 02:35:10,Entregado,2026-04-23 00:24:00,True,1.0,1.908912037037037,True
PED000977,10,10,2026-06-27 22:47:00,2026-06-29 09:41:42,34.910000000000004,0,CEDI Cali,Cali,Servientrega,KMS41911823,18900,2026-06-29 22:47:00,Entregado,2026-06-29 09:41:42,True,1.0,1.4546527777777778,True
PED000978,10,10,2026-02-23 19:07:08,2026-02-24 15:32:12,20.42,0,CEDI Bogotá,Bogotá D.C.,Inter Rapidísimo,KMS61413412,13900,2026-02-25 11:07:08,Entregado,2026-02-24 15:32:12,True,1.0,0.8507407407407407,True
PED000979,10,10,2026-01-23 01:02:15,2026-01-24 01:13:34,24.2,0,CEDI Medellín,Medellín,Envia,KMS67712749,13090,2026-01-24 23:02:15,Entregado,2026-01-24 01:13:34,True,1.0,1.0078587962962964,True
PED000980,10,10,2026-06-05 15:14:33,2026-06-06 01:18:44,10.08,1,CEDI Bogotá,Bogotá D.C.,Envia,KMS89140250,18900,2026-06-07 00:14:33,Entregado,2026-06-06 01:18:44,True,1.0,0.41957175925925927,True
PED000981,10,10,2026-01-27 11:11:49,2026-01-28 08:50:53,21.65,0,CEDI Medellín,Medellín,Envia,KMS65998715,10890,2026-01-29 02:11:49,Entregado,2026-01-28 08:50:53,True,1.0,0.9021296296296296,True
PED000982,10,10,2026-04-26 02:44:55,2026-04-28 02:28:19,47.71,0,CEDI Bucaramanga,Bucaramanga,Inter Rapidísimo,KMS30093259,13900,2026-04-28 06:44:55,Entregado,2026-04-28 02:28:19,True,1.0,1.9884722222222222,True
PED000983,10,10,2026-05-02 02:46:04,2026-05-03 08:49:34,30.060000000000002,0,CEDI Cali,Cali,Envia,KMS40102858,8900,2026-05-03 19:46:04,Entregado,2026-05-03 08:49:34,True,1.0,1.2524305555555555,True
PED000984,10,10,2026-03-08 07:01:03,2026-03-10 04:31:16,45.5,0,CEDI Barranquilla,Barranquilla,Inter Rapidísimo,KMS13139296,18900,2026-03-10 17:01:03,Entregado,2026-03-10 04:31:16,True,1.0,1.8959837962962962,True
PED000985,10,10,2026-02-27 22:46:07,2026-02-28 17:28:05,18.69,0,CEDI Bogotá,Bogotá D.C.,Inter Rapidísimo,KMS24985048,13090,2026-03-01 14:46:07,Entregado,2026-02-28 17:28:05,True,1.0,0.7791435185185185,True
PED000986,10,10,2026-05-11 11:01:46,2026-05-12 03:04:22,16.04,0,CEDI Bogotá,Bogotá D.C.,Envia,KMS23300529,18900,2026-05-12 20:01:46,Entregado,2026-05-12 03:04:22,True,1.0,0.6684722222222222,True
PED000987,10,10,2026-01-03 02:11:24,2026-01-05 17:57:09,63.78,0,CEDI Bucaramanga,Bucaramanga,Envia,KMS19768059,9900,2026-01-04 23:11:24,Entregado,2026-01-05 17:57:09,True,0.0,2.6567708333333333,True
PED000988,10,10,2026-05-07 06:40:07,2026-05-09 11:30:26,52.83,0,CEDI Pereira,Pereira,Coordinadora,KMS17642892,8900,2026-05-09 08:40:07,Entregado,2026-05-09 11:30:26,True,0.0,2.2016087962962962,True
PED000989,10,10,2026-02-05 19:20:29,2026-02-06 15:53:36,20.55,0,CEDI Bogotá,Bogotá D.C.,Inter Rapidísimo,KMS77644939,13900,2026-02-07 11:20:29,Entregado,2026-02-06 15:53:36,True,1.0,0.8563310185185186,True
PED000990,10,10,2026-03-20 00:17:40,2026-03-21 10:00:06,33.7,0,CEDI Medellín,Medellín,Envia,KMS34757651,18900,2026-03-21 22:17:40,Entregado,2026-03-21 10:00:06,True,1.0,1.4044675925925927,True
PED000991,10,10,2026-03-19 23:31:20,2026-03-20 18:30:06,18.98,0,CEDI Bogotá,Bogotá D.C.,Coordinadora,KMS30613445,13090,2026-03-21 15:31:20,Entregado,2026-03-20 18:30:06,True,1.0,0.7908101851851852,True
PED000992,10,10,2026-06-06 05:26:10,2026-06-07 16:32:14,35.1,0,CEDI Barranquilla,Barranquilla,Servientrega,KMS28771430,13900,2026-06-08 15:26:10,Entregado,2026-06-07 16:32:14,True,1.0,1.4625462962962963,True
PED000993,10,10,2026-01-16 21:15:58,2026-01-18 22:11:03,48.910000000000004,0,CEDI Bogotá,Bogotá D.C.,Envia,KMS63778542,13900,2026-01-18 06:15:58,Entregado,2026-01-18 22:11:03,True,0.0,2.0382523148148146,True
PED000994,10,10,2026-05-10 16:02:51,2026-05-11 22:11:22,30.14,0,CEDI Cali,Cali,Envia,KMS96377775,17490,2026-05-12 16:02:51,Entregado,2026-05-11 22:11:22,True,1.0,1.2559143518518519,True
PED000995,10,10,2026-04-13 14:42:48,2026-04-14 23:56:29,33.22,0,CEDI Cali,Cali,Coordinadora,KMS57007996,8900,2026-04-15 14:42:48,Entregado,2026-04-14 23:56:29,True,1.0,1.3845023148148148,True
PED000996,10,10,2026-01-11 20:18:42,2026-01-13 00:33:28,28.24,0,CEDI Medellín,Medellín,Coordinadora,KMS93892051,9900,2026-01-13 18:18:42,Entregado,2026-01-13 00:33:28,True,1.0,1.1769212962962963,True
PED000997,10,10,2026-01-15 05:53:07,2026-01-16 18:20:07,36.44,0,CEDI Cali,Cali,TCC,KMS53272152,13900,2026-01-17 05:53:07,Entregado,2026-01-16 18:20:07,True,1.0,1.51875,True
PED000998,10,10,2026-05-07 07:12:03,2026-05-08 19:11:24,36.0,0,CEDI Medellín,Medellín,Coordinadora,KMS74565714,15900,2026-05-09 05:12:03,Entregado,2026-05-08 19:11:24,True,1.0,1.4995486111111112,True
PED000999,10,10,2026-02-11 08:06:28,2026-02-11 22:41:45,14.58,0,CEDI Bogotá,Bogotá D.C.,Coordinadora,KMS63656238,9900,2026-02-12 17:06:28,Entregado,2026-02-11 22:41:45,True,1.0,0.6078356481481482,True
PED001000,10,10,2026-06-14 03:27:56,2026-06-14 19:41:07,16.23,0,CEDI Bogotá,Bogotá D.C.,Envia,KMS62215088,18900,2026-06-15 12:27:56,Entregado,2026-06-14 19:41:07,True,1.0,0.6758217592592592,True
PED001001,10,10,2026-05-27 00:29:47,2026-05-29 05:29:35,52.99,0,CEDI Medellín,Medellín,TCC,KMS60394709,13090,2026-05-28 22:29:47,Entregado,2026-05-29 05:29:35,True,0.0,2.2081944444444446,True
PED001002,10,10,2026-05-26 19:07:08,2026-05-27 23:57:07,28.830000000000002,0,CEDI Bogotá,Bogotá D.C.,Envia,KMS16687603,8900,2026-05-28 04:07:08,Entregado,2026-05-27 23:57:07,True,1.0,1.2013773148148148,True
PED001003,10,10,2026-03-16 12:15:59,2026-03-18 03:38:45,39.38,0,CEDI Bogotá,Bogotá D.C.,TCC,KMS23269887,18900,2026-03-17 21:15:59,Entregado,2026-03-18 03:38:45,True,0.0,1.6408101851851853,True
PED001004,10,10,2026-04-15 12:11:06,2026-04-16 18:22:07,30.189999999999998,0,CEDI Bogotá,Bogotá D.C.,Inter Rapidísimo,KMS73760744,8900,2026-04-16 21:11:06,Entregado,2026-04-16 18:22:07,True,1.0,1.257650462962963,True
PED001005,10,10,2026-04-15 05:32:28,2026-04-16 15:53:36,34.35,0,CEDI Cali,Cali,Servientrega,KMS26211718,13900,2026-04-17 05:32:28,Entregado,2026-04-16 15:53:36,True,1.0,1.4313425925925927,True
PED001006,10,10,2026-02-06 21:11:30,2026-02-07 23:40:03,26.490000000000002,0,CEDI Bogotá,Bogotá D.C.,Envia,KMS92823718,11900,2026-02-08 13:11:30,Entregado,2026-02-07 23:40:03,True,1.0,1.1031597222222222,True
PED001007,10,10,2026-06-26 03:31:58,2026-06-27 05:09:35,25.630000000000003,0,CEDI Bogotá,Bogotá D.C.,Servientrega,KMS76703301,11900,2026-06-27 19:31:58,Entregado,2026-06-27 05:09:35,True,1.0,1.0677893518518518,True
PED001008,10,10,2026-01-22 12:08:43,2026-01-23 09:22:13,21.22,0,CEDI Bogotá,Bogotá D.C.,Coordinadora,KMS15803321,13090,2026-01-24 04:08:43,Entregado,2026-01-23 09:22:13,True,1.0,0.884375,True
PED001009,10,10,2026-04-08 21:37:13,2026-04-10 03:19:21,29.7,0,CEDI Bogotá,Bogotá D.C.,Inter Rapidísimo,KMS57734439,13900,2026-04-10 13:37:13,Entregado,2026-04-10 03:19:21,True,1.0,1.2375925925925926,True
PED001010,10,10,2026-02-23 12:00:42,2026-02-25 03:02:49,39.03,0,CEDI Pereira,Pereira,Coordinadora,KMS91307851,15900,2026-02-25 14:00:42,Entregado,2026-02-25 03:02:49,True,1.0,1.6264699074074074,True
PED001011,10,10,2026-02-28 09:32:31,2026-03-01 16:20:03,30.8,0,CEDI Bogotá,Bogotá D.C.,Envia,KMS61687331,8900,2026-03-02 01:32:31,Entregado,2026-03-01 16:20:03,True,1.0,1.2830092592592592,True
PED001012,10,10,2026-01-25 04:05:01,2026-01-26 05:30:34,25.42,0,CEDI Bogotá,Bogotá D.C.,TCC,KMS23938704,18900,2026-01-26 20:05:01,Entregado,2026-01-26 05:30:34,True,1.0,1.0594097222222223,True
PED001013,10,10,2026-03-06 08:35:32,2026-03-07 20:10:43,35.59,0,CEDI Cali,Cali,Servientrega,KMS65702182,10890,2026-03-08 08:35:32,Entregado,2026-03-07 20:10:43,True,1.0,1.4827662037037037,True
PED001014,10,10,2026-03-24 21:21:45,2026-03-26 07:18:14,33.94,0,CEDI Medellín,Medellín,Servientrega,KMS27587899,13900,2026-03-26 19:21:45,Entregado,2026-03-26 07:18:14,True,1.0,1.414224537037037,True
PED001015,10,10,2026-02-18 16:39:22,2026-02-20 05:33:30,36.910000000000004,0,CEDI Barranquilla,Barranquilla,Envia,KMS68638805,9900,2026-02-20 19:39:22,Entregado,2026-02-20 05:33:30,True,1.0,1.5375925925925926,True
PED001016,10,10,2026-01-06 10:48:44,2026-01-07 15:18:52,28.5,0,CEDI Bogotá,Bogotá D.C.,Coordinadora,KMS27628700,15290,2026-01-08 02:48:44,Entregado,2026-01-07 15:18:52,True,1.0,1.1875925925925925,True
PED001017,10,10,2026-05-23 15:47:23,2026-05-25 17:26:30,49.650000000000006,0,CEDI Barranquilla,Barranquilla,Inter Rapidísimo,KMS57376113,10890,2026-05-26 01:47:23,Entregado,2026-05-25 17:26:30,True,1.0,2.0688310185185186,True
PED001018,10,10,2026-05-04 00:09:15,2026-05-04 18:42:25,18.55,0,CEDI Pereira,Pereira,Envia,KMS43086502,18900,2026-05-06 02:09:15,Entregado,2026-05-04 18:42:25,True,1.0,0.7730324074074074,True
PED001019,10,10,2026-04-27 18:11:44,2026-04-29 13:00:30,42.81,0,CEDI Bucaramanga,Bucaramanga,Inter Rapidísimo,KMS65569091,13090,2026-04-29 22:11:44,Entregado,2026-04-29 13:00:30,True,1.0,1.7838657407407408,True
PED001020,10,10,2026-02-24 09:56:28,2026-02-24 22:13:07,12.28,0,CEDI Bogotá,Bogotá D.C.,Inter Rapidísimo,KMS72169908,20790,2026-02-25 18:56:28,Entregado,2026-02-24 22:13:07,True,1.0,0.5115625,True
PED001021,10,10,2026-05-15 11:25:02,2026-05-17 02:54:39,39.49,0,CEDI Pereira,Pereira,Coordinadora,KMS67607747,13900,2026-05-17 06:25:02,Entregado,2026-05-17 02:54:39,True,1.0,1.6455671296296297,True
PED001022,10,10,2026-04-24 12:30:49,2026-04-26 04:02:48,39.54,0,CEDI Barranquilla,Barranquilla,TCC,KMS77005818,15900,2026-04-26 15:30:49,Entregado,2026-04-26 04:02:48,True,1.0,1.647210648148148,True
PED001023,10,10,2026-05-09 06:04:53,2026-05-10 10:40:21,28.6,0,CEDI Medellín,Medellín,Inter Rapidísimo,KMS66268095,13900,2026-05-11 04:04:53,Entregado,2026-05-10 10:40:21,True,1.0,1.1912962962962963,True
PED001024,10,10,2026-06-08 13:46:31,2026-06-10 15:34:43,49.81,0,CEDI Barranquilla,Barranquilla,Inter Rapidísimo,KMS11995347,13900,2026-06-10 23:46:31,Entregado,2026-06-10 15:34:43,True,1.0,2.075138888888889,True
PED001025,10,10,2026-04-17 01:51:03,2026-04-18 03:25:32,25.58,0,CEDI Bucaramanga,Bucaramanga,Servientrega,KMS89542185,8900,2026-04-19 05:51:03,Entregado,2026-04-18 03:25:32,True,1.0,1.065613425925926,True
PED001026,10,10,2026-02-05 12:30:58,2026-02-07 03:56:50,39.41,1,CEDI Bogotá,Bogotá D.C.,Envia,KMS42718281,11900,2026-02-07 04:30:58,Entregado,2026-02-07 03:56:50,True,1.0,1.642962962962963,True
PED001027,10,10,2026-02-22 12:58:44,2026-02-23 09:47:57,20.810000000000002,0,CEDI Medellín,Medellín,TCC,KMS48721490,13900,2026-02-24 10:58:44,Entregado,2026-02-23 09:47:57,True,1.0,0.8675115740740741,True
PED001028,10,10,2026-02-18 01:42:26,2026-02-19 13:12:00,35.49,1,CEDI Cali,Cali,TCC,KMS80014818,15290,2026-02-20 01:42:26,Entregado,2026-02-19 13:12:00,True,1.0,1.4788657407407408,True
PED001029,10,10,2026-02-12 05:16:47,2026-02-13 12:59:31,31.72,0,CEDI Medellín,Medellín,Coordinadora,KMS89441678,15900,2026-02-14 03:16:47,Entregado,2026-02-13 12:59:31,True,1.0,1.3213425925925926,True
PED001030,10,10,2026-04-14 17:50:31,2026-04-16 02:49:05,32.96,0,CEDI Cali,Cali,Servientrega,KMS87304925,13090,2026-04-16 17:50:31,Entregado,2026-04-16 02:49:05,True,1.0,1.3740046296296295,True
PED001031,10,10,2026-06-15 04:48:31,2026-06-17 10:06:02,53.29,0,CEDI Bogotá,Bogotá D.C.,Envia,KMS41606787,9790,2026-06-16 20:48:31,Entregado,2026-06-17 10:06:02,True,0.0,2.220497685185185,True
PED001032,10,10,2026-03-14 15:57:18,2026-03-17 10:59:16,67.03,0,CEDI Medellín,Medellín,TCC,KMS39084057,13090,2026-03-16 13:57:18,Entregado,2026-03-17 10:59:16,True,0.0,2.7930324074074075,True
PED001033,10,10,2026-06-22 04:58:33,2026-06-23 15:30:27,34.519999999999996,0,CEDI Medellín,Medellín,TCC,KMS22175466,18900,2026-06-24 02:58:33,Entregado,2026-06-23 15:30:27,True,1.0,1.4388194444444444,True
PED001034,10,10,2026-02-01 15:21:05,2026-02-02 21:25:03,30.06,0,CEDI Medellín,Medellín,TCC,KMS92624128,9900,2026-02-03 06:21:05,Entregado,2026-02-02 21:25:03,True,1.0,1.2527546296296297,True
PED001035,10,10,2026-05-21 01:47:10,2026-05-22 01:12:06,23.42,0,CEDI Medellín,Medellín,Coordinadora,KMS90671477,15290,2026-05-22 23:47:10,Entregado,2026-05-22 01:12:06,True,1.0,0.9756481481481482,True
PED001036,10,10,2026-02-12 02:56:57,2026-02-13 07:16:16,28.330000000000002,1,CEDI Bucaramanga,Bucaramanga,Envia,KMS76845844,18900,2026-02-13 23:56:57,Entregado,2026-02-13 07:16:16,True,1.0,1.1800810185185184,True
PED001037,10,10,2026-05-02 18:35:09,2026-05-03 21:14:06,26.66,0,CEDI Cali,Cali,Inter Rapidísimo,KMS37531066,18900,2026-05-04 18:35:09,Entregado,2026-05-03 21:14:06,True,1.0,1.1103819444444445,True
PED001038,10,10,2026-01-17 05:02:27,2026-01-18 17:48:24,36.77,0,CEDI Bogotá,Bogotá D.C.,Coordinadora,KMS61242521,9900,2026-01-18 14:02:27,Entregado,2026-01-18 17:48:24,True,0.0,1.5319097222222222,True
PED001039,10,10,2026-01-28 16:56:54,2026-01-29 14:45:33,21.810000000000002,0,CEDI Bogotá,Bogotá D.C.,Servientrega,KMS13334869,20790,2026-01-30 08:56:54,Entregado,2026-01-29 14:45:33,True,1.0,0.9087847222222222,True
PED001040,10,10,2026-05-06 06:23:23,2026-05-07 23:09:42,40.77,0,CEDI Bucaramanga,Bucaramanga,Servientrega,KMS49933079,18900,2026-05-08 10:23:23,Entregado,2026-05-07 23:09:42,True,1.0,1.6988310185185185,True
PED001041,10,10,2026-02-08 11:40:43,2026-02-09 17:27:55,29.78,0,CEDI Bogotá,Bogotá D.C.,Servientrega,KMS33048396,13900,2026-02-10 03:40:43,Entregado,2026-02-09 17:27:55,True,1.0,1.241111111111111,True
PED001042,10,10,2026-02-05 03:40:52,2026-02-06 13:48:33,34.13,0,CEDI Medellín,Medellín,Servientrega,KMS24353491,8900,2026-02-07 01:40:52,Entregado,2026-02-06 13:48:33,True,1.0,1.4220023148148149,True
PED001043,10,10,2026-05-26 10:00:04,2026-05-27 01:29:05,15.48,0,CEDI Bogotá,Bogotá D.C.,Coordinadora,KMS79687518,9900,2026-05-28 02:00:04,Entregado,2026-05-27 01:29:05,True,1.0,0.645150462962963,True
PED001044,10,10,2026-02-16 05:52:18,2026-02-18 02:55:57,45.05,0,CEDI Medellín,Medellín,Envia,KMS30685144,18900,2026-02-18 03:52:18,Entregado,2026-02-18 02:55:57,True,1.0,1.8775347222222223,True
PED001045,10,10,2026-06-25 14:23:44,2026-06-26 19:27:17,29.06,0,CEDI Cali,Cali,Inter Rapidísimo,KMS48297987,18900,2026-06-27 07:23:44,Entregado,2026-06-26 19:27:17,True,1.0,1.210798611111111,True
PED001046,10,10,2026-04-28 15:10:50,2026-04-30 13:25:25,46.25,0,CEDI Bucaramanga,Bucaramanga,Servientrega,KMS50237734,8900,2026-04-30 19:10:50,Entregado,2026-04-30 13:25:25,True,1.0,1.9267939814814814,True
PED001047,10,10,2026-03-03 03:15:14,2026-03-04 10:37:15,31.38,0,CEDI Cali,Cali,Coordinadora,KMS84185156,9900,2026-03-05 03:15:14,Entregado,2026-03-04 10:37:15,True,1.0,1.3069560185185185,True
PED001048,10,10,2026-06-07 10:32:50,2026-06-08 09:10:52,22.63,0,CEDI Bogotá,Bogotá D.C.,Servientrega,KMS63114849,9900,2026-06-09 02:32:50,Entregado,2026-06-08 09:10:52,True,1.0,0.9430787037037037,True
PED001049,10,10,2026-05-09 13:48:20,2026-05-10 21:26:20,31.62,0,CEDI Pereira,Pereira,TCC,KMS43163309,13900,2026-05-11 15:48:20,Entregado,2026-05-10 21:26:20,True,1.0,1.3180555555555555,True
PED001050,10,10,2026-05-24 14:08:27,2026-05-25 21:12:30,31.060000000000002,0,CEDI Medellín,Medellín,TCC,KMS88002679,13090,2026-05-26 12:08:27,Entregado,2026-05-25 21:12:30,True,1.0,1.2944791666666666,True
PED001051,10,10,2026-01-11 23:49:39,2026-01-13 15:16:42,39.46,0,CEDI Barranquilla,Barranquilla,Envia,KMS41342974,9790,2026-01-14 02:49:39,Entregado,2026-01-13 15:16:42,True,1.0,1.6437847222222222,True
PED001052,10,10,2026-01-27 22:16:58,2026-01-29 13:42:39,39.43,0,CEDI Cali,Cali,Envia,KMS34391278,11900,2026-01-29 22:16:58,Entregado,2026-01-29 13:42:39,True,1.0,1.642835648148148,True
PED001053,10,10,2026-01-20 23:43:13,2026-01-22 17:03:33,41.33,0,CEDI Bogotá,Bogotá D.C.,TCC,KMS50558690,13090,2026-01-22 15:43:13,Entregado,2026-01-22 17:03:33,True,0.0,1.7224537037037038,True
PED001054,10,10,2026-01-17 11:29:28,2026-01-19 02:40:59,39.2,1,CEDI Bogotá,Bogotá D.C.,TCC,KMS87590261,9790,2026-01-19 03:29:28,Entregado,2026-01-19 02:40:59,True,1.0,1.6329976851851853,True
PED001055,10,10,2026-06-25 04:06:46,2026-06-25 14:06:46,10.0,0,CEDI Bogotá,Bogotá D.C.,Servientrega,KMS37319099,10890,2026-06-26 13:06:46,Entregado,2026-06-25 14:06:46,True,1.0,0.4166666666666667,True
PED001056,10,10,2026-03-18 19:24:39,2026-03-21 01:56:23,54.54,0,CEDI Medellín,Medellín,Envia,KMS75676712,8900,2026-03-20 10:24:39,Entregado,2026-03-21 01:56:23,True,0.0,2.272037037037037,True
PED001057,10,10,2026-06-06 08:22:02,2026-06-07 17:14:14,32.86,0,CEDI Pereira,Pereira,Envia,KMS87485213,8900,2026-06-08 03:22:02,Entregado,2026-06-07 17:14:14,True,1.0,1.3695833333333334,True
PED001058,10,10,2026-02-28 03:11:15,2026-02-28 20:41:57,17.509999999999998,0,CEDI Bogotá,Bogotá D.C.,Servientrega,KMS88255782,18900,2026-03-01 19:11:15,Entregado,2026-02-28 20:41:57,True,1.0,0.7296527777777778,True
PED001059,10,10,2026-06-25 09:28:34,2026-06-26 11:37:48,26.14,1,CEDI Bogotá,Bogotá D.C.,TCC,KMS84955494,13900,2026-06-26 18:28:34,Entregado,2026-06-26 11:37:48,True,1.0,1.0897453703703703,True
PED001060,10,10,2026-06-20 15:09:30,2026-06-21 19:58:12,28.8,0,CEDI Bucaramanga,Bucaramanga,Inter Rapidísimo,KMS96023392,9900,2026-06-22 12:09:30,Entregado,2026-06-21 19:58:12,True,1.0,1.2004861111111111,True
PED001061,10,10,2026-04-26 13:30:21,2026-04-27 19:11:26,29.68,0,CEDI Bucaramanga,Bucaramanga,Envia,KMS11204911,8900,2026-04-28 10:30:21,Entregado,2026-04-27 19:11:26,True,1.0,1.236863425925926,True
PED001062,10,10,2026-03-28 15:42:25,2026-03-30 10:22:33,42.69,0,CEDI Medellín,Medellín,Servientrega,KMS35554202,13900,2026-03-30 13:42:25,Entregado,2026-03-30 10:22:33,True,1.0,1.7778703703703704,True
PED001063,10,10,2026-03-16 19:09:19,2026-03-18 19:35:22,48.43,0,CEDI Barranquilla,Barranquilla,Coordinadora,KMS13806070,13900,2026-03-19 05:09:19,Entregado,2026-03-18 19:35:22,True,1.0,2.0180902777777776,True
PED001064,10,10,2026-05-01 09:49:36,2026-05-02 19:34:51,33.75,0,CEDI Barranquilla,Barranquilla,Coordinadora,KMS20394119,18900,2026-05-03 12:49:36,Entregado,2026-05-02 19:34:51,True,1.0,1.406423611111111,True
PED001065,10,10,2026-01-16 12:45:30,2026-01-18 03:02:24,38.29,0,CEDI Bucaramanga,Bucaramanga,TCC,KMS43348680,15900,2026-01-18 16:45:30,Entregado,2026-01-18 03:02:24,True,1.0,1.5950694444444444,True
PED001066,10,10,2026-02-13 16:46:36,2026-02-16 17:14:42,72.49000000000001,0,CEDI Medellín,Medellín,Inter Rapidísimo,KMS88570933,9900,2026-02-15 14:46:36,Entregado,2026-02-16 17:14:42,True,0.0,3.019513888888889,True
PED001067,10,10,2026-04-22 08:34:46,2026-04-24 00:39:56,40.09,0,CEDI Barranquilla,Barranquilla,Coordinadora,KMS54294082,13090,2026-04-24 11:34:46,Entregado,2026-04-24 00:39:56,True,1.0,1.6702546296296297,True
PED001068,10,10,2026-05-06 18:12:04,2026-05-09 10:07:49,63.93,0,CEDI Medellín,Medellín,Coordinadora,KMS28598278,13900,2026-05-08 16:12:04,Entregado,2026-05-09 10:07:49,True,0.0,2.663715277777778,True
PED001069,10,10,2026-01-24 12:07:35,2026-01-26 09:50:33,45.73,0,CEDI Pereira,Pereira,Envia,KMS78681239,9900,2026-01-26 14:07:35,Entregado,2026-01-26 09:50:33,True,1.0,1.904837962962963,True
PED001070,10,10,2026-04-21 12:56:29,2026-04-23 06:33:54,41.63,0,CEDI Barranquilla,Barranquilla,Coordinadora,KMS75579755,8900,2026-04-23 15:56:29,Entregado,2026-04-23 06:33:54,True,1.0,1.7343171296296296,True
PED001071,10,10,2026-06-16 03:26:40,2026-06-18 13:36:23,58.16,1,CEDI Barranquilla,Barranquilla,TCC,KMS78072110,11900,2026-06-18 06:26:40,Entregado,2026-06-18 13:36:23,True,0.0,2.423414351851852,True
PED001072,10,10,2026-05-02 22:14:41,2026-05-04 12:35:21,38.35,0,CEDI Bucaramanga,Bucaramanga,Coordinadora,KMS76483863,18900,2026-05-05 02:14:41,Entregado,2026-05-04 12:35:21,True,1.0,1.5976851851851852,True
PED001073,10,10,2026-04-30 06:22:53,2026-05-01 19:12:16,36.83,0,CEDI Cali,Cali,Envia,KMS32734843,8900,2026-05-02 06:22:53,Entregado,2026-05-01 19:12:16,True,1.0,1.5342939814814816,True
PED001074,10,10,2026-02-05 17:47:24,2026-02-07 06:40:47,36.89,0,CEDI Barranquilla,Barranquilla,Coordinadora,KMS32404775,9790,2026-02-08 03:47:24,Entregado,2026-02-07 06:40:47,True,1.0,1.5370717592592593,True
PED001075,10,10,2026-03-16 06:09:14,2026-03-18 03:46:51,45.629999999999995,0,CEDI Medellín,Medellín,Servientrega,KMS76628927,18900,2026-03-18 04:09:14,Entregado,2026-03-18 03:46:51,True,1.0,1.9011226851851852,True
PED001076,10,10,2026-03-27 08:12:18,2026-03-27 22:22:54,14.17,0,CEDI Bogotá,Bogotá D.C.,Servientrega,KMS82771369,10890,2026-03-28 17:12:18,Entregado,2026-03-27 22:22:54,True,1.0,0.5906944444444444,True
PED001077,10,10,2026-03-16 02:23:40,2026-03-17 15:29:31,37.089999999999996,0,CEDI Bogotá,Bogotá D.C.,Coordinadora,KMS75329282,13900,2026-03-17 18:23:40,Entregado,2026-03-17 15:29:31,True,1.0,1.5457291666666666,True
PED001078,10,10,2026-05-03 01:25:56,2026-05-03 21:52:14,20.43,0,CEDI Bogotá,Bogotá D.C.,Envia,KMS27003812,17490,2026-05-04 17:25:56,Entregado,2026-05-03 21:52:14,True,1.0,0.8515972222222222,True
PED001079,10,10,2026-04-29 17:29:40,2026-05-01 21:31:09,52.019999999999996,1,CEDI Bogotá,Bogotá D.C.,Envia,KMS72114432,15900,2026-05-01 09:29:40,Entregado,2026-05-01 21:31:09,True,0.0,2.1676967592592593,True
PED001080,10,10,2026-05-14 13:15:39,2026-05-16 10:22:39,45.120000000000005,0,CEDI Medellín,Medellín,TCC,KMS53165477,20790,2026-05-16 11:15:39,Entregado,2026-05-16 10:22:39,True,1.0,1.8798611111111112,True
PED001081,10,10,2026-01-30 05:05:17,2026-02-01 02:30:15,45.410000000000004,0,CEDI Bucaramanga,Bucaramanga,TCC,KMS70636628,13900,2026-02-01 09:05:17,Entregado,2026-02-01 02:30:15,True,1.0,1.8923379629629629,True
PED001082,10,10,2026-02-01 16:18:43,2026-02-03 23:14:10,54.92,0,CEDI Bogotá,Bogotá D.C.,Coordinadora,KMS86859510,15900,2026-02-03 08:18:43,Entregado,2026-02-03 23:14:10,True,0.0,2.2885069444444444,True
PED001083,10,10,2026-06-24 10:04:18,2026-06-25 13:45:15,27.689999999999998,0,CEDI Bogotá,Bogotá D.C.,Envia,KMS75268141,8900,2026-06-25 19:04:18,Entregado,2026-06-25 13:45:15,True,1.0,1.1534375,True
PED001084,10,10,2026-02-13 07:11:22,2026-02-14 21:50:36,38.66,0,CEDI Pereira,Pereira,TCC,KMS80422104,18900,2026-02-15 09:11:22,Entregado,2026-02-14 21:50:36,True,1.0,1.6105787037037036,True
PED001085,10,10,2026-02-08 04:25:02,2026-02-10 11:52:07,55.46,0,CEDI Medellín,Medellín,Inter Rapidísimo,KMS48673196,11900,2026-02-09 19:25:02,Entregado,2026-02-10 11:52:07,True,0.0,2.310474537037037,True
PED001086,10,10,2026-01-06 21:47:57,2026-01-08 06:19:19,32.53,0,CEDI Bucaramanga,Bucaramanga,Inter Rapidísimo,KMS59346941,9900,2026-01-08 18:47:57,Entregado,2026-01-08 06:19:19,True,1.0,1.3551157407407408,True
PED001087,10,10,2026-05-01 16:23:44,2026-05-03 02:32:28,34.13,1,CEDI Bogotá,Bogotá D.C.,Servientrega,KMS64736946,9900,2026-05-03 08:23:44,Entregado,2026-05-03 02:32:28,True,1.0,1.4227314814814815,True
PED001088,10,10,2026-06-12 23:13:52,2026-06-14 03:21:34,28.12,0,CEDI Bogotá,Bogotá D.C.,Envia,KMS52805065,13900,2026-06-14 15:13:52,Entregado,2026-06-14 03:21:34,True,1.0,1.172013888888889,True
PED001089,10,10,2026-04-07 09:04:09,2026-04-09 03:52:37,42.82,0,CEDI Cali,Cali,TCC,KMS44936998,13090,2026-04-09 09:04:09,Entregado,2026-04-09 03:52:37,True,1.0,1.7836574074074074,True
PED001090,10,10,2026-02-03 23:47:54,2026-02-05 16:26:24,40.63,0,CEDI Medellín,Medellín,Envia,KMS88354436,9900,2026-02-05 21:47:54,Entregado,2026-02-05 16:26:24,True,1.0,1.6934027777777778,True
PED001091,10,10,2026-01-09 17:32:47,2026-01-10 14:36:37,21.07,0,CEDI Bogotá,Bogotá D.C.,TCC,KMS28986732,15900,2026-01-11 09:32:47,Entregado,2026-01-10 14:36:37,True,1.0,0.877662037037037,True
PED001092,10,10,2026-03-14 05:25:06,2026-03-16 02:51:35,45.44,0,CEDI Bogotá,Bogotá D.C.,Inter Rapidísimo,KMS37056082,11900,2026-03-15 21:25:06,Entregado,2026-03-16 02:51:35,True,0.0,1.8933912037037037,True
PED001093,10,10,2026-06-17 22:22:42,2026-06-18 20:28:05,22.1,0,CEDI Bogotá,Bogotá D.C.,Servientrega,KMS99838109,10890,2026-06-19 07:22:42,Entregado,2026-06-18 20:28:05,True,1.0,0.9204050925925926,True
PED001094,10,10,2026-06-04 12:08:53,2026-06-05 22:38:14,34.49,0,CEDI Cali,Cali,Servientrega,KMS19748213,8900,2026-06-06 05:08:53,Entregado,2026-06-05 22:38:14,True,1.0,1.4370486111111112,True
PED001095,10,10,2026-05-19 00:29:26,2026-05-20 19:10:53,42.68,0,CEDI Cali,Cali,Servientrega,KMS92370258,11900,2026-05-21 00:29:26,Entregado,2026-05-20 19:10:53,True,1.0,1.7787847222222222,True
PED001096,10,10,2026-03-18 23:38:19,2026-03-20 11:58:26,36.339999999999996,0,CEDI Bogotá,Bogotá D.C.,Coordinadora,KMS72339166,9900,2026-03-20 15:38:19,Entregado,2026-03-20 11:58:26,True,1.0,1.5139699074074073,True
PED001097,10,10,2026-05-02 23:17:05,2026-05-03 22:32:11,23.259999999999998,1,CEDI Medellín,Medellín,Coordinadora,KMS35582313,20790,2026-05-04 14:17:05,Entregado,2026-05-03 22:32:11,True,1.0,0.9688194444444445,True
PED001098,10,10,2026-03-04 23:04:27,2026-03-06 14:07:57,39.07,0,CEDI Cali,Cali,Coordinadora,KMS18896522,9900,2026-03-06 23:04:27,Entregado,2026-03-06 14:07:57,True,1.0,1.6274305555555555,True
PED001099,10,10,2026-03-03 10:03:26,2026-03-05 06:35:05,44.54,1,CEDI Medellín,Medellín,Envia,KMS86997996,15900,2026-03-05 08:03:26,Entregado,2026-03-05 06:35:05,True,1.0,1.8553125,True
PED001100,10,10,2026-02-19 08:40:54,2026-02-20 04:48:39,20.13,0,CEDI Bogotá,Bogotá D.C.,TCC,KMS59788985,18900,2026-02-21 00:40:54,Entregado,2026-02-20 04:48:39,True,1.0,0.8387152777777778,True
PED001101,10,10,2026-04-30 08:19:45,2026-05-01 09:55:54,25.599999999999998,0,CEDI Medellín,Medellín,TCC,KMS14359902,10890,2026-05-02 06:19:45,Entregado,2026-05-01 09:55:54,True,1.0,1.0667708333333332,True
PED001102,10,10,2026-05-20 20:33:45,2026-05-22 00:19:55,27.77,0,CEDI Bogotá,Bogotá D.C.,Envia,KMS59447584,15900,2026-05-22 05:33:45,Entregado,2026-05-22 00:19:55,True,1.0,1.1570601851851852,True
PED001103,10,10,2026-02-02 08:15:38,2026-02-03 11:38:41,27.39,0,CEDI Cali,Cali,TCC,KMS37115951,11900,2026-02-04 01:15:38,Entregado,2026-02-03 11:38:41,True,1.0,1.1410069444444444,True
PED001104,10,10,2026-06-16 08:09:13,2026-06-18 01:56:48,41.78,0,CEDI Bogotá,Bogotá D.C.,Servientrega,KMS15375856,15900,2026-06-18 00:09:13,Entregado,2026-06-18 01:56:48,True,0.0,1.7413773148148148,True
PED001105,10,10,2026-01-24 12:26:56,2026-01-25 16:34:27,28.12,1,CEDI Cali,Cali,Servientrega,KMS82130532,15900,2026-01-26 05:26:56,Entregado,2026-01-25 16:34:27,True,1.0,1.171886574074074,True
PED001106,10,10,2026-05-15 07:57:02,2026-05-16 21:17:19,37.35,0,CEDI Medellín,Medellín,Envia,KMS12590881,10890,2026-05-17 05:57:02,Entregado,2026-05-16 21:17:19,True,1.0,1.555752314814815,True
PED001107,10,10,2026-06-16 21:14:55,2026-06-18 04:40:47,31.43,0,CEDI Bucaramanga,Bucaramanga,TCC,KMS95471280,18900,2026-06-19 01:14:55,Entregado,2026-06-18 04:40:47,True,1.0,1.3096296296296297,True
PED001108,10,10,2026-05-10 04:44:16,2026-05-11 04:33:52,23.83,0,CEDI Medellín,Medellín,Servientrega,KMS74854429,20790,2026-05-12 02:44:16,Entregado,2026-05-11 04:33:52,True,1.0,0.9927777777777778,True
PED001109,10,10,2026-04-09 18:20:18,2026-04-11 11:27:23,41.13,0,CEDI Cali,Cali,Inter Rapidísimo,KMS57929691,17490,2026-04-11 18:20:18,Entregado,2026-04-11 11:27:23,True,1.0,1.7132523148148149,True
PED001110,10,10,2026-06-06 21:15:59,2026-06-07 10:49:45,13.57,0,CEDI Bogotá,Bogotá D.C.,Envia,KMS57319016,13900,2026-06-08 06:15:59,Entregado,2026-06-07 10:49:45,True,1.0,0.5651157407407408,True
PED001111,10,10,2026-01-01 18:58:45,2026-01-02 20:28:48,25.5,0,CEDI Bogotá,Bogotá D.C.,Inter Rapidísimo,KMS32406656,17490,2026-01-03 10:58:45,Entregado,2026-01-02 20:28:48,True,1.0,1.0625347222222221,True
PED001112,10,10,2026-05-10 02:45:43,2026-05-11 16:40:33,37.91,0,CEDI Cali,Cali,Envia,KMS46638277,15290,2026-05-12 02:45:43,Entregado,2026-05-11 16:40:33,True,1.0,1.5797453703703703,True
PED001113,10,10,2026-02-20 01:41:55,2026-02-21 05:36:12,27.9,0,CEDI Medellín,Medellín,Servientrega,KMS35210063,9900,2026-02-21 16:41:55,Entregado,2026-02-21 05:36:12,True,1.0,1.1626967592592592,True
PED001114,10,10,2026-05-16 13:25:36,2026-05-17 22:08:55,32.730000000000004,0,CEDI Pereira,Pereira,Coordinadora,KMS25175980,9900,2026-05-18 08:25:36,Entregado,2026-05-17 22:08:55,True,1.0,1.3634143518518518,True
PED001115,10,10,2026-01-07 01:55:37,2026-01-09 06:23:34,52.45,0,CEDI Barranquilla,Barranquilla,Servientrega,KMS70237909,18900,2026-01-09 04:55:37,Entregado,2026-01-09 06:23:34,True,0.0,2.186076388888889,True
PED001116,10,10,2026-02-03 07:15:14,2026-02-05 16:03:25,56.8,0,CEDI Bogotá,Bogotá D.C.,Coordinadora,KMS86481369,18900,2026-02-04 16:15:14,Entregado,2026-02-05 16:03:25,True,0.0,2.3667939814814813,True
PED001117,10,10,2026-04-23 00:28:17,2026-04-24 08:34:49,32.12,0,CEDI Pereira,Pereira,Coordinadora,KMS96372731,11900,2026-04-25 02:28:17,Entregado,2026-04-24 08:34:49,True,1.0,1.3378703703703703,True
PED001118,10,10,2026-02-09 06:36:07,2026-02-10 01:07:29,18.53,0,CEDI Bogotá,Bogotá D.C.,Inter Rapidísimo,KMS97509076,10890,2026-02-10 15:36:07,Entregado,2026-02-10 01:07:29,True,1.0,0.7717824074074074,True
PED001119,10,10,2026-01-03 17:55:53,2026-01-04 22:43:42,28.799999999999997,0,CEDI Barranquilla,Barranquilla,Inter Rapidísimo,KMS20993775,11900,2026-01-05 20:55:53,Entregado,2026-01-04 22:43:42,True,1.0,1.199872685185185,True
PED001120,10,10,2026-03-03 02:48:59,2026-03-04 03:25:49,24.61,0,CEDI Bogotá,Bogotá D.C.,Envia,KMS56756662,13900,2026-03-04 11:48:59,Entregado,2026-03-04 03:25:49,True,1.0,1.0255787037037036,True
PED001121,10,10,2026-01-15 08:09:34,2026-01-17 01:28:23,41.31,0,CEDI Medellín,Medellín,Coordinadora,KMS11075477,13900,2026-01-17 06:09:34,Entregado,2026-01-17 01:28:23,True,1.0,1.721400462962963,True
PED001122,10,10,2026-01-15 18:39:55,2026-01-16 19:40:58,25.02,0,CEDI Medellín,Medellín,Inter Rapidísimo,KMS70219781,8900,2026-01-17 16:39:55,Entregado,2026-01-16 19:40:58,True,1.0,1.0423958333333334,True
PED001123,10,10,2026-05-19 12:54:50,2026-05-20 12:21:02,23.43,1,CEDI Medellín,Medellín,Envia,KMS61556814,8900,2026-05-21 10:54:50,Entregado,2026-05-20 12:21:02,True,1.0,0.9765277777777778,True
PED001124,10,10,2026-06-07 06:49:38,2026-06-08 14:29:08,31.66,1,CEDI Cali,Cali,Coordinadora,KMS14046290,18900,2026-06-09 06:49:38,Entregado,2026-06-08 14:29:08,True,1.0,1.3190972222222221,True
PED001125,10,10,2026-04-06 04:37:11,2026-04-07 20:17:55,39.67,0,CEDI Bucaramanga,Bucaramanga,TCC,KMS33267249,13090,2026-04-08 08:37:11,Entregado,2026-04-07 20:17:55,True,1.0,1.653287037037037,True
PED001126,9,9,2026-06-30 00:39:52,2026-07-01 09:33:31,30.19,0,CEDI Cali,Cali,Inter Rapidísimo,KMS18518033,18900,2026-07-02 00:39:52,Entregado,2026-07-01 09:33:31,True,1.0,1.3705902777777779,False
PED001127,10,10,2026-03-12 08:51:46,2026-03-14 12:10:05,51.32,0,CEDI Bucaramanga,Bucaramanga,Coordinadora,KMS57112169,13900,2026-03-14 12:51:46,Entregado,2026-03-14 12:10:05,True,1.0,2.1377199074074076,True
PED001128,10,10,2026-04-02 05:55:42,2026-04-05 03:47:41,69.86,0,CEDI Cali,Cali,Inter Rapidísimo,KMS27341559,18900,2026-04-04 05:55:42,Entregado,2026-04-05 03:47:41,True,0.0,2.911099537037037,True
PED001129,10,10,2026-06-05 03:56:55,2026-06-06 01:20:54,21.39,0,CEDI Medellín,Medellín,Envia,KMS44982271,20790,2026-06-06 18:56:55,Entregado,2026-06-06 01:20:54,True,1.0,0.8916550925925926,True
PED001130,10,10,2026-01-14 22:43:26,2026-01-16 10:33:41,35.86,0,CEDI Pereira,Pereira,Coordinadora,KMS32217613,11900,2026-01-17 00:43:26,Entregado,2026-01-16 10:33:41,True,1.0,1.4932291666666666,True
PED001131,10,10,2026-01-12 09:09:14,2026-01-13 21:23:21,36.23,0,CEDI Medellín,Medellín,Coordinadora,KMS57566408,17490,2026-01-14 07:09:14,Entregado,2026-01-13 21:23:21,True,1.0,1.5098032407407407,True
PED001132,10,10,2026-05-25 12:18:52,2026-05-27 16:47:33,52.47,0,CEDI Bogotá,Bogotá D.C.,Servientrega,KMS78477820,13900,2026-05-27 04:18:52,Entregado,2026-05-27 16:47:33,True,0.0,2.186585648148148,True
PED001133,10,10,2026-05-22 16:06:35,2026-05-23 04:55:52,12.83,0,CEDI Bogotá,Bogotá D.C.,TCC,KMS45637572,15290,2026-05-24 08:06:35,Entregado,2026-05-23 04:55:52,True,1.0,0.534224537037037,True
PED001134,10,10,2026-06-25 05:39:25,2026-06-26 13:12:09,31.54,0,CEDI Barranquilla,Barranquilla,Inter Rapidísimo,KMS20892442,8900,2026-06-27 15:39:25,Entregado,2026-06-26 13:12:09,True,1.0,1.3143981481481481,True
PED001135,10,10,2026-03-06 04:00:21,2026-03-07 13:55:59,33.92,0,CEDI Bucaramanga,Bucaramanga,TCC,KMS51688918,11900,2026-03-08 01:00:21,Entregado,2026-03-07 13:55:59,True,1.0,1.4136342592592592,True
PED001136,10,10,2026-03-07 03:51:08,2026-03-08 01:00:05,21.15,0,CEDI Medellín,Medellín,Coordinadora,KMS23378538,9900,2026-03-09 01:51:08,Entregado,2026-03-08 01:00:05,True,1.0,0.8812152777777778,True
PED001137,10,10,2026-01-29 20:37:59,2026-01-31 08:23:29,35.76,0,CEDI Bogotá,Bogotá D.C.,Servientrega,KMS98111363,15900,2026-01-31 12:37:59,Entregado,2026-01-31 08:23:29,True,1.0,1.4899305555555555,True
PED001138,10,10,2026-03-26 13:23:26,2026-03-27 19:33:16,30.16,0,CEDI Medellín,Medellín,Coordinadora,KMS14011822,15290,2026-03-28 04:23:26,Entregado,2026-03-27 19:33:16,True,1.0,1.2568287037037038,True
PED001139,10,10,2026-02-19 21:42:59,2026-02-21 10:44:26,37.03,0,CEDI Barranquilla,Barranquilla,Servientrega,KMS13528573,9900,2026-02-22 07:42:59,Entregado,2026-02-21 10:44:26,True,1.0,1.542673611111111,True
PED001140,10,10,2026-02-01 16:42:48,2026-02-02 22:26:33,29.73,1,CEDI Medellín,Medellín,Envia,KMS70038243,13090,2026-02-03 07:42:48,Entregado,2026-02-02 22:26:33,True,1.0,1.2387152777777777,True
PED001141,10,10,2026-01-31 13:51:30,2026-02-02 19:22:18,53.519999999999996,1,CEDI Bogotá,Bogotá D.C.,Inter Rapidísimo,KMS86056800,15290,2026-02-02 05:51:30,Entregado,2026-02-02 19:22:18,True,0.0,2.229722222222222,True
PED001142,10,10,2026-06-07 08:26:26,2026-06-09 00:22:16,39.93,0,CEDI Cali,Cali,TCC,KMS54614459,8900,2026-06-09 08:26:26,Entregado,2026-06-09 00:22:16,True,1.0,1.6637731481481481,True
PED001143,10,10,2026-04-21 19:26:42,2026-04-22 21:43:33,26.28,0,CEDI Cali,Cali,Servientrega,KMS67676321,11900,2026-04-23 12:26:42,Entregado,2026-04-22 21:43:33,True,1.0,1.0950347222222223,True
PED001144,10,10,2026-03-18 21:26:31,2026-03-19 19:01:14,21.59,0,CEDI Bogotá,Bogotá D.C.,Envia,KMS27906391,15900,2026-03-20 06:26:31,Entregado,2026-03-19 19:01:14,True,1.0,0.8991087962962963,True
PED001145,10,10,2026-05-30 02:20:21,2026-05-31 09:36:56,31.29,0,CEDI Barranquilla,Barranquilla,Inter Rapidísimo,KMS74935921,17490,2026-06-01 05:20:21,Entregado,2026-05-31 09:36:56,True,1.0,1.3031828703703703,True
PED001146,9,9,2026-06-15 08:19:33,2026-06-17 01:44:18,31.060000000000002,0,CEDI Cali,Cali,Coordinadora,KMS43078881,9790,2026-06-17 08:19:33,Entregado,2026-06-17 01:44:18,True,1.0,1.7255208333333334,False
PED001147,10,10,2026-06-22 13:47:03,2026-06-24 03:55:26,38.13,0,CEDI Bucaramanga,Bucaramanga,Coordinadora,KMS24682036,15900,2026-06-24 10:47:03,Entregado,2026-06-24 03:55:26,True,1.0,1.5891550925925926,True
PED001148,9,9,2026-06-28 17:31:56,2026-06-30 08:32:46,38.39,0,CEDI Barranquilla,Barranquilla,Coordinadora,KMS42807923,11900,2026-06-30 20:31:56,Entregado,2026-06-30 08:32:46,True,1.0,1.6255787037037037,False
PED001149,10,10,2026-06-29 00:20:22,2026-06-30 02:59:29,26.659999999999997,0,CEDI Cali,Cali,Coordinadora,KMS30398128,15900,2026-07-01 00:20:22,Entregado,2026-06-30 02:59:29,True,1.0,1.110497685185185,True
PED001150,10,10,2026-01-07 01:06:18,2026-01-07 23:24:31,22.29,0,CEDI Bogotá,Bogotá D.C.,Servientrega,KMS70418624,13900,2026-01-08 17:06:18,Entregado,2026-01-07 23:24:31,True,1.0,0.9293171296296296,True
PED001151,10,10,2026-01-10 16:03:25,2026-01-12 05:45:57,37.71,0,CEDI Bogotá,Bogotá D.C.,Servientrega,KMS93054287,9900,2026-01-12 01:03:25,Entregado,2026-01-12 05:45:57,True,0.0,1.5712037037037037,True
PED001152,10,10,2026-06-05 20:50:47,2026-06-07 01:08:31,28.3,0,CEDI Bogotá,Bogotá D.C.,Coordinadora,KMS31900252,15900,2026-06-07 05:50:47,Entregado,2026-06-07 01:08:31,True,1.0,1.1789814814814814,True
PED001153,10,10,2026-05-10 09:53:50,2026-05-11 13:39:29,27.759999999999998,0,CEDI Cali,Cali,TCC,KMS15220938,15900,2026-05-12 09:53:50,Entregado,2026-05-11 13:39:29,True,1.0,1.1567013888888888,True
PED001154,10,10,2026-02-15 19:29:02,2026-02-17 02:01:31,30.55,0,CEDI Medellín,Medellín,TCC,KMS93799668,17490,2026-02-17 10:29:02,Entregado,2026-02-17 02:01:31,True,1.0,1.2725578703703704,True
PED001155,10,10,2026-04-20 14:50:49,2026-04-21 11:09:07,20.3,1,CEDI Medellín,Medellín,Coordinadora,KMS27642917,20790,2026-04-22 05:50:49,Entregado,2026-04-21 11:09:07,True,1.0,0.8460416666666667,True
PED001156,10,10,2026-05-20 20:37:38,2026-05-22 09:59:46,37.37,0,CEDI Pereira,Pereira,Envia,KMS94618266,11900,2026-05-22 22:37:38,Entregado,2026-05-22 09:59:46,True,1.0,1.557037037037037,True
PED001157,10,10,2026-03-23 03:25:13,2026-03-24 15:25:58,36.0,0,CEDI Bucaramanga,Bucaramanga,Servientrega,KMS24996966,9790,2026-03-25 07:25:13,Entregado,2026-03-24 15:25:58,True,1.0,1.5005208333333333,True
PED001158,10,10,2026-02-17 02:30:13,2026-02-18 18:04:37,39.57,0,CEDI Bucaramanga,Bucaramanga,Coordinadora,KMS71401717,17490,2026-02-19 06:30:13,Entregado,2026-02-18 18:04:37,True,1.0,1.6488888888888888,True
PED001159,10,10,2026-05-31 07:19:45,2026-06-02 00:43:35,41.4,0,CEDI Bucaramanga,Bucaramanga,Envia,KMS84704108,13900,2026-06-02 11:19:45,Entregado,2026-06-02 00:43:35,True,1.0,1.7248842592592593,True
PED001160,10,10,2026-01-10 12:48:17,2026-01-11 22:01:10,33.2,1,CEDI Cali,Cali,Envia,KMS39620783,18900,2026-01-12 05:48:17,Entregado,2026-01-11 22:01:10,True,1.0,1.3839467592592594,True
PED001161,10,10,2026-01-15 17:32:09,2026-01-16 09:02:27,15.51,0,CEDI Medellín,Medellín,Envia,KMS14136745,8900,2026-01-17 08:32:09,Entregado,2026-01-16 09:02:27,True,1.0,0.6460416666666666,True
PED001162,10,10,2026-03-14 14:27:41,2026-03-16 10:57:22,44.5,0,CEDI Bucaramanga,Bucaramanga,TCC,KMS28237826,13900,2026-03-16 18:27:41,Entregado,2026-03-16 10:57:22,True,1.0,1.8539467592592593,True
PED001163,10,10,2026-01-09 12:05:07,2026-01-10 16:15:12,28.15,0,CEDI Medellín,Medellín,Envia,KMS68374397,13900,2026-01-11 10:05:07,Entregado,2026-01-10 16:15:12,True,1.0,1.1736689814814816,True
PED001164,10,10,2026-05-16 00:26:28,2026-05-17 09:16:07,32.83,0,CEDI Cali,Cali,Servientrega,KMS30978272,13900,2026-05-17 17:26:28,Entregado,2026-05-17 09:16:07,True,1.0,1.3678125,True
PED001165,10,10,2026-04-23 10:48:04,2026-04-24 04:14:13,17.43,0,CEDI Bogotá,Bogotá D.C.,Envia,KMS45294531,8900,2026-04-24 19:48:04,Entregado,2026-04-24 04:14:13,True,1.0,0.7264930555555555,True
PED001166,10,10,2026-02-12 08:16:11,2026-02-13 09:09:16,24.89,0,CEDI Bogotá,Bogotá D.C.,Envia,KMS98110300,9900,2026-02-13 17:16:11,Entregado,2026-02-13 09:09:16,True,1.0,1.036863425925926,True
PED001167,10,10,2026-04-04 09:17:48,2026-04-05 22:25:32,37.120000000000005,0,CEDI Medellín,Medellín,Inter Rapidísimo,KMS65197109,11900,2026-04-06 07:17:48,Entregado,2026-04-05 22:25:32,True,1.0,1.547037037037037,True
PED001168,10,10,2026-06-05 05:50:21,2026-06-06 19:11:32,37.36,0,CEDI Barranquilla,Barranquilla,Envia,KMS29392572,10890,2026-06-07 08:50:21,Entregado,2026-06-06 19:11:32,True,1.0,1.5563773148148148,True
PED001169,10,10,2026-02-24 19:22:26,2026-02-26 16:43:17,45.34,0,CEDI Cali,Cali,Servientrega,KMS30544455,8900,2026-02-26 12:22:26,Entregado,2026-02-26 16:43:17,True,0.0,1.8894791666666666,True
PED001170,10,10,2026-05-25 17:52:25,2026-05-27 00:03:46,30.169999999999998,0,CEDI Bogotá,Bogotá D.C.,Envia,KMS28826345,8900,2026-05-27 02:52:25,Entregado,2026-05-27 00:03:46,True,1.0,1.2578819444444445,True
PED001171,10,10,2026-05-09 18:40:24,2026-05-11 17:43:54,47.06,0,CEDI Cali,Cali,Servientrega,KMS87611416,10890,2026-05-11 18:40:24,Entregado,2026-05-11 17:43:54,True,1.0,1.960763888888889,True
PED001172,10,10,2026-02-28 10:43:24,2026-03-02 00:18:20,37.589999999999996,0,CEDI Bogotá,Bogotá D.C.,Servientrega,KMS32256100,13900,2026-03-02 02:43:24,Entregado,2026-03-02 00:18:20,True,1.0,1.565925925925926,True
PED001173,10,10,2026-06-20 06:03:25,2026-06-21 09:00:05,26.95,0,CEDI Bogotá,Bogotá D.C.,Coordinadora,KMS46401252,20790,2026-06-21 15:03:25,Entregado,2026-06-21 09:00:05,True,1.0,1.1226851851851851,True
PED001174,10,10,2026-02-05 23:05:22,2026-02-06 18:53:27,19.82,0,CEDI Bogotá,Bogotá D.C.,Envia,KMS51702859,18900,2026-02-07 15:05:22,Entregado,2026-02-06 18:53:27,True,1.0,0.8250578703703704,True
PED001175,10,10,2026-04-22 15:58:20,2026-04-24 12:12:18,44.230000000000004,0,CEDI Barranquilla,Barranquilla,Envia,KMS19483466,15290,2026-04-25 01:58:20,Entregado,2026-04-24 12:12:18,True,1.0,1.8430324074074074,True
PED001176,10,10,2026-01-13 02:11:58,2026-01-14 16:10:23,37.98,0,CEDI Cali,Cali,TCC,KMS16852131,15900,2026-01-15 02:11:58,Entregado,2026-01-14 16:10:23,True,1.0,1.5822337962962962,True
PED001177,10,10,2026-01-04 14:06:33,2026-01-05 21:46:29,31.67,0,CEDI Bogotá,Bogotá D.C.,Coordinadora,KMS30389361,18900,2026-01-06 06:06:33,Entregado,2026-01-05 21:46:29,True,1.0,1.319398148148148,True
PED001178,10,10,2026-03-08 21:40:27,2026-03-09 14:04:40,16.41,0,CEDI Bogotá,Bogotá D.C.,Servientrega,KMS80925855,9900,2026-03-10 06:40:27,Entregado,2026-03-09 14:04:40,True,1.0,0.6834837962962963,True
PED001179,10,10,2026-06-06 10:05:36,2026-06-08 03:58:45,41.91,1,CEDI Bucaramanga,Bucaramanga,Envia,KMS14736894,9900,2026-06-08 14:05:36,Entregado,2026-06-08 03:58:45,True,1.0,1.7452430555555556,True
PED001180,10,10,2026-01-20 12:25:42,2026-01-22 22:54:37,58.48,0,CEDI Barranquilla,Barranquilla,TCC,KMS33543494,11900,2026-01-22 22:25:42,Entregado,2026-01-22 22:54:37,True,0.0,2.436747685185185,True
PED001181,10,10,2026-06-29 14:28:04,2026-06-30 23:14:56,32.78,0,CEDI Pereira,Pereira,Envia,KMS42972314,15900,2026-07-01 09:28:04,Entregado,2026-06-30 23:14:56,True,1.0,1.3658796296296296,True
PED001182,10,10,2026-06-17 02:31:14,2026-06-18 15:57:09,37.43,0,CEDI Bogotá,Bogotá D.C.,TCC,KMS26345316,9900,2026-06-18 11:31:14,Entregado,2026-06-18 15:57:09,True,0.0,1.5596643518518518,True
PED001183,10,10,2026-05-20 18:44:35,2026-05-22 05:24:24,34.68,0,CEDI Cali,Cali,Servientrega,KMS60614944,17490,2026-05-22 11:44:35,Entregado,2026-05-22 05:24:24,True,1.0,1.4443171296296295,True
PED001184,10,10,2026-03-12 16:27:59,2026-03-13 15:42:22,23.23,0,CEDI Pereira,Pereira,TCC,KMS73134821,15900,2026-03-14 11:27:59,Entregado,2026-03-13 15:42:22,True,1.0,0.9683217592592592,True
PED001185,10,10,2026-02-23 16:23:55,2026-02-24 09:27:52,17.05,0,CEDI Bogotá,Bogotá D.C.,TCC,KMS72278893,13900,2026-02-25 01:23:55,Entregado,2026-02-24 09:27:52,True,1.0,0.7110763888888889,True
PED001186,10,10,2026-05-26 17:37:18,2026-05-27 15:48:11,22.19,0,CEDI Bogotá,Bogotá D.C.,TCC,KMS82490522,13090,2026-05-28 09:37:18,Entregado,2026-05-27 15:48:11,True,1.0,0.924224537037037,True
PED001187,10,10,2026-04-28 18:52:41,2026-04-30 03:56:06,33.07,0,CEDI Medellín,Medellín,Inter Rapidísimo,KMS25696301,18900,2026-04-30 16:52:41,Entregado,2026-04-30 03:56:06,True,1.0,1.377372685185185,True
PED001188,10,10,2026-05-17 21:10:37,2026-05-19 17:41:25,44.510000000000005,0,CEDI Bogotá,Bogotá D.C.,Servientrega,KMS57578598,9900,2026-05-19 13:10:37,Entregado,2026-05-19 17:41:25,True,0.0,1.8547222222222222,True
PED001189,10,10,2026-06-30 08:30:20,2026-07-01 12:17:28,27.77,0,CEDI Cali,Cali,Inter Rapidísimo,KMS38819795,8900,2026-07-02 08:30:20,Entregado,2026-07-01 12:17:28,True,1.0,1.1577314814814814,True
PED001190,10,10,2026-05-30 22:59:38,2026-06-01 05:07:59,30.16,0,CEDI Bogotá,Bogotá D.C.,TCC,KMS35676358,9790,2026-06-01 07:59:38,Entregado,2026-06-01 05:07:59,True,1.0,1.255798611111111,True
PED001191,10,10,2026-04-20 16:39:41,2026-04-21 23:10:05,30.52,0,CEDI Bogotá,Bogotá D.C.,Envia,KMS92713915,13900,2026-04-22 08:39:41,Entregado,2026-04-21 23:10:05,True,1.0,1.271111111111111,True
PED001192,10,10,2026-03-15 06:57:45,2026-03-16 10:26:38,27.48,0,CEDI Bogotá,Bogotá D.C.,TCC,KMS85258891,17490,2026-03-16 22:57:45,Entregado,2026-03-16 10:26:38,True,1.0,1.1450578703703704,True
PED001193,10,10,2026-02-03 14:34:53,2026-02-05 22:42:39,56.129999999999995,0,CEDI Medellín,Medellín,Inter Rapidísimo,KMS33218959,13090,2026-02-05 12:34:53,Entregado,2026-02-05 22:42:39,True,0.0,2.338726851851852,True
PED001194,10,10,2026-03-18 14:43:42,2026-03-19 14:20:31,23.61,0,CEDI Bogotá,Bogotá D.C.,Inter Rapidísimo,KMS85583187,18900,2026-03-20 06:43:42,Entregado,2026-03-19 14:20:31,True,1.0,0.983900462962963,True
PED001195,10,10,2026-06-18 23:01:43,2026-06-21 00:58:52,49.95,0,CEDI Medellín,Medellín,Servientrega,KMS16602460,18900,2026-06-20 21:01:43,Entregado,2026-06-21 00:58:52,True,0.0,2.081354166666667,True
PED001196,10,10,2026-06-02 12:53:29,2026-06-03 06:57:52,18.09,0,CEDI Bogotá,Bogotá D.C.,Coordinadora,KMS75747328,9900,2026-06-04 04:53:29,Entregado,2026-06-03 06:57:52,True,1.0,0.7530439814814814,True
PED001197,10,10,2026-04-03 05:01:05,2026-04-04 20:16:46,39.25,0,CEDI Medellín,Medellín,Coordinadora,KMS25216565,9900,2026-04-05 03:01:05,Entregado,2026-04-04 20:16:46,True,1.0,1.6358912037037037,True
PED001198,10,10,2026-02-01 06:56:36,2026-02-02 04:46:55,21.84,0,CEDI Bogotá,Bogotá D.C.,Envia,KMS36695113,18900,2026-02-02 22:56:36,Entregado,2026-02-02 04:46:55,True,1.0,0.9099421296296296,True
PED001199,10,10,2026-04-02 02:11:50,2026-04-03 17:17:51,39.11,1,CEDI Pereira,Pereira,Inter Rapidísimo,KMS53786072,18900,2026-04-04 04:11:50,Entregado,2026-04-03 17:17:51,True,1.0,1.6291782407407407,True
PED001200,10,10,2026-02-02 18:51:19,2026-02-03 22:57:23,28.11,0,CEDI Bogotá,Bogotá D.C.,Inter Rapidísimo,KMS94295521,13900,2026-02-04 10:51:19,Entregado,2026-02-03 22:57:23,True,1.0,1.1708796296296295,True
PED001201,10,10,2026-03-30 14:11:15,2026-03-31 19:55:06,29.72,0,CEDI Pereira,Pereira,TCC,KMS58943831,15900,2026-04-01 16:11:15,Entregado,2026-03-31 19:55:06,True,1.0,1.2387847222222221,True
PED001202,10,10,2026-02-07 22:15:03,2026-02-08 14:42:20,16.45,0,CEDI Bogotá,Bogotá D.C.,TCC,KMS24873084,13900,2026-02-09 07:15:03,Entregado,2026-02-08 14:42:20,True,1.0,0.6856134259259259,True
PED001203,10,10,2026-03-26 08:57:02,2026-03-27 18:03:43,33.11,0,CEDI Medellín,Medellín,Inter Rapidísimo,KMS68888698,9790,2026-03-28 06:57:02,Entregado,2026-03-27 18:03:43,True,1.0,1.3796412037037038,True
PED001204,10,10,2026-04-26 06:45:57,2026-04-27 19:10:00,36.41,0,CEDI Barranquilla,Barranquilla,Inter Rapidísimo,KMS49686607,9900,2026-04-28 09:45:57,Entregado,2026-04-27 19:10:00,True,1.0,1.516701388888889,True
PED001205,10,10,2026-06-25 20:11:16,2026-06-27 18:14:07,46.04,0,CEDI Medellín,Medellín,Coordinadora,KMS32042534,11900,2026-06-27 18:11:16,Entregado,2026-06-27 18:14:07,True,0.0,1.9186458333333334,True
PED001206,10,10,2026-05-08 06:32:24,2026-05-10 20:40:23,62.129999999999995,0,CEDI Barranquilla,Barranquilla,Envia,KMS96620432,20790,2026-05-10 16:32:24,Entregado,2026-05-10 20:40:23,True,0.0,2.5888773148148148,True
PED001207,10,10,2026-04-20 01:20:31,2026-04-21 01:45:12,24.41,0,CEDI Bogotá,Bogotá D.C.,TCC,KMS36038801,18900,2026-04-21 10:20:31,Entregado,2026-04-21 01:45:12,True,1.0,1.0171412037037038,True
PED001208,10,10,2026-01-05 01:43:18,2026-01-07 04:40:15,50.96,0,CEDI Bogotá,Bogotá D.C.,TCC,KMS84744751,18900,2026-01-06 17:43:18,Entregado,2026-01-07 04:40:15,True,0.0,2.1228819444444444,True
PED001209,10,10,2026-04-08 06:34:49,2026-04-09 23:49:25,41.230000000000004,0,CEDI Medellín,Medellín,Inter Rapidísimo,KMS40369279,18900,2026-04-09 21:34:49,Entregado,2026-04-09 23:49:25,True,0.0,1.7184722222222222,True
PED001210,10,10,2026-02-20 07:48:12,2026-02-22 15:30:45,55.7,0,CEDI Barranquilla,Barranquilla,Inter Rapidísimo,KMS48230888,18900,2026-02-22 17:48:12,Entregado,2026-02-22 15:30:45,True,1.0,2.3212152777777777,True
PED001211,10,10,2026-06-15 00:03:58,2026-06-16 14:33:10,38.480000000000004,0,CEDI Medellín,Medellín,TCC,KMS59042745,15900,2026-06-16 15:03:58,Entregado,2026-06-16 14:33:10,True,1.0,1.603611111111111,True
PED001212,10,10,2026-03-08 07:41:56,2026-03-09 16:19:15,32.620000000000005,0,CEDI Bogotá,Bogotá D.C.,TCC,KMS27432867,15900,2026-03-09 23:41:56,Entregado,2026-03-09 16:19:15,True,1.0,1.3592476851851851,True
PED001213,10,10,2026-02-13 10:12:52,2026-02-14 16:23:54,30.18,0,CEDI Pereira,Pereira,Envia,KMS68872334,11900,2026-02-15 12:12:52,Entregado,2026-02-14 16:23:54,True,1.0,1.257662037037037,True
PED001214,10,10,2026-05-12 15:26:38,2026-05-13 19:35:35,28.15,0,CEDI Bogotá,Bogotá D.C.,Servientrega,KMS39405796,8900,2026-05-14 07:26:38,Entregado,2026-05-13 19:35:35,True,1.0,1.1728819444444445,True
PED001215,9,9,2026-01-23 14:35:44,2026-01-24 15:31:34,25.25,0,CEDI Bogotá,Bogotá D.C.,Coordinadora,KMS31390576,15900,2026-01-24 23:16:42,Entregado,2026-01-24 15:31:34,True,1.0,1.0387731481481481,False
PED001216,10,10,2026-01-07 16:26:00,2026-01-10 12:59:24,68.56,1,CEDI Barranquilla,Barranquilla,Coordinadora,KMS74954575,18900,2026-01-10 02:26:00,Entregado,2026-01-10 12:59:24,True,0.0,2.856527777777778,True
PED001217,10,10,2026-06-19 07:14:49,2026-06-20 04:35:26,21.35,0,CEDI Cali,Cali,Coordinadora,KMS13318213,8900,2026-06-21 00:14:49,Entregado,2026-06-20 04:35:26,True,1.0,0.8893171296296296,True
PED001218,10,10,2026-06-03 10:46:26,2026-06-05 04:54:19,42.129999999999995,0,CEDI Cali,Cali,Envia,KMS70344892,13900,2026-06-05 03:46:26,Entregado,2026-06-05 04:54:19,True,0.0,1.755474537037037,True
PED001219,10,10,2026-06-29 15:14:41,2026-06-30 11:23:03,20.13,0,CEDI Bogotá,Bogotá D.C.,TCC,KMS96501091,15900,2026-07-01 00:14:41,Entregado,2026-06-30 11:23:03,True,1.0,0.8391435185185185,True
PED001220,10,10,2026-05-28 12:44:40,2026-05-30 13:01:04,48.26,0,CEDI Bogotá,Bogotá D.C.,Coordinadora,KMS45065586,10890,2026-05-30 04:44:40,Entregado,2026-05-30 13:01:04,True,0.0,2.011388888888889,True
PED001221,10,10,2026-02-15 12:14:59,2026-02-17 04:13:43,39.980000000000004,0,CEDI Pereira,Pereira,Envia,KMS40940583,20790,2026-02-17 14:14:59,Entregado,2026-02-17 04:13:43,True,1.0,1.6657870370370371,True
PED001222,10,10,2026-05-16 10:52:53,2026-05-17 15:28:05,28.59,1,CEDI Pereira,Pereira,Inter Rapidísimo,KMS28861228,8900,2026-05-18 12:52:53,Entregado,2026-05-17 15:28:05,True,1.0,1.191111111111111,True
PED001223,10,10,2026-01-02 14:44:29,2026-01-03 14:05:55,23.37,0,CEDI Bogotá,Bogotá D.C.,Coordinadora,KMS41859577,9900,2026-01-03 23:44:29,Entregado,2026-01-03 14:05:55,True,1.0,0.9732175925925926,True
PED001224,10,10,2026-01-16 20:25:38,2026-01-18 20:58:41,48.56,0,CEDI Medellín,Medellín,TCC,KMS63434599,20790,2026-01-18 18:25:38,Entregado,2026-01-18 20:58:41,True,0.0,2.022951388888889,True
PED001225,10,10,2026-06-12 13:15:58,2026-06-13 18:30:33,29.240000000000002,0,CEDI Bogotá,Bogotá D.C.,Coordinadora,KMS27176950,13090,2026-06-13 22:15:58,Entregado,2026-06-13 18:30:33,True,1.0,1.2184606481481481,True
PED001226,10,10,2026-02-15 18:10:14,2026-02-17 08:30:54,38.35,0,CEDI Barranquilla,Barranquilla,Servientrega,KMS77189921,18900,2026-02-18 04:10:14,Entregado,2026-02-17 08:30:54,True,1.0,1.5976851851851852,True
PED001227,10,10,2026-03-12 17:49:46,2026-03-14 17:44:52,47.93,0,CEDI Pereira,Pereira,TCC,KMS50677158,15900,2026-03-14 19:49:46,Entregado,2026-03-14 17:44:52,True,1.0,1.9965972222222221,True
PED001228,10,10,2026-01-29 06:34:03,2026-01-29 16:34:03,9.99,1,CEDI Bogotá,Bogotá D.C.,TCC,KMS87307901,15900,2026-01-30 15:34:03,Entregado,2026-01-29 16:34:03,True,1.0,0.4166666666666667,True
PED001229,10,10,2026-03-04 07:41:22,2026-03-05 18:42:55,35.019999999999996,0,CEDI Pereira,Pereira,Inter Rapidísimo,KMS77038486,13900,2026-03-06 09:41:22,Entregado,2026-03-05 18:42:55,True,1.0,1.4594097222222222,True
PED001230,10,10,2026-02-15 03:55:17,2026-02-16 17:13:47,37.3,0,CEDI Bogotá,Bogotá D.C.,Envia,KMS90248963,13900,2026-02-16 19:55:17,Entregado,2026-02-16 17:13:47,True,1.0,1.554513888888889,True
PED001231,10,10,2026-05-11 15:48:33,2026-05-13 03:21:42,35.56,0,CEDI Barranquilla,Barranquilla,Inter Rapidísimo,KMS54330693,9900,2026-05-13 18:48:33,Entregado,2026-05-13 03:21:42,True,1.0,1.4813541666666667,True
PED001232,10,10,2026-02-10 01:03:58,2026-02-11 22:07:16,45.05,0,CEDI Pereira,Pereira,Servientrega,KMS33001164,9790,2026-02-11 20:03:58,Entregado,2026-02-11 22:07:16,True,0.0,1.8772916666666666,True
PED001233,10,10,2026-03-30 13:47:49,2026-04-01 09:26:04,43.63,0,CEDI Cali,Cali,TCC,KMS35768575,15900,2026-04-01 13:47:49,Entregado,2026-04-01 09:26:04,True,1.0,1.8182291666666666,True
PED001234,10,10,2026-02-04 05:28:35,2026-02-04 21:10:22,15.7,0,CEDI Bogotá,Bogotá D.C.,Envia,KMS29831254,13900,2026-02-05 14:28:35,Entregado,2026-02-04 21:10:22,True,1.0,0.6540162037037037,True
PED001235,10,10,2026-05-02 15:44:09,2026-05-03 18:28:03,26.73,1,CEDI Bucaramanga,Bucaramanga,Envia,KMS64949577,9790,2026-05-04 19:44:09,Entregado,2026-05-03 18:28:03,True,1.0,1.1138194444444445,True
PED001236,10,10,2026-05-10 05:22:32,2026-05-11 15:17:10,33.9,0,CEDI Barranquilla,Barranquilla,Envia,KMS87889789,9900,2026-05-12 15:22:32,Entregado,2026-05-11 15:17:10,True,1.0,1.412939814814815,True
PED001237,10,10,2026-03-27 06:05:15,2026-03-28 10:39:13,28.57,0,CEDI Bucaramanga,Bucaramanga,TCC,KMS18106466,9900,2026-03-29 03:05:15,Entregado,2026-03-28 10:39:13,True,1.0,1.1902546296296297,True
PED001238,10,10,2026-05-15 16:52:31,2026-05-16 19:16:37,26.4,0,CEDI Bogotá,Bogotá D.C.,TCC,KMS88171517,10890,2026-05-17 01:52:31,Entregado,2026-05-16 19:16:37,True,1.0,1.1000694444444445,True
PED001239,10,10,2026-01-02 12:04:10,2026-01-03 12:20:58,24.29,0,CEDI Bucaramanga,Bucaramanga,TCC,KMS80990341,8900,2026-01-04 16:04:10,Entregado,2026-01-03 12:20:58,True,1.0,1.0116666666666667,True
PED001240,10,10,2026-06-02 22:45:25,2026-06-04 17:55:53,43.17,0,CEDI Medellín,Medellín,Inter Rapidísimo,KMS73472841,15900,2026-06-04 20:45:25,Entregado,2026-06-04 17:55:53,True,1.0,1.7989351851851851,True
PED001241,10,10,2026-06-28 04:09:05,2026-06-29 11:15:55,31.1,0,CEDI Bogotá,Bogotá D.C.,TCC,KMS99765465,9900,2026-06-29 20:09:05,Entregado,2026-06-29 11:15:55,True,1.0,1.2964120370370371,True
PED001242,10,10,2026-04-29 03:47:47,2026-05-01 09:29:58,53.69,1,CEDI Bucaramanga,Bucaramanga,Inter Rapidísimo,KMS23155120,17490,2026-05-01 00:47:47,Entregado,2026-05-01 09:29:58,True,0.0,2.237627314814815,True
PED001243,10,10,2026-05-20 21:56:08,2026-05-22 05:52:52,31.950000000000003,0,CEDI Medellín,Medellín,Servientrega,KMS70251717,10890,2026-05-22 19:56:08,Entregado,2026-05-22 05:52:52,True,1.0,1.3310648148148148,True
PED001244,10,10,2026-01-20 22:31:43,2026-01-22 04:35:53,30.060000000000002,0,CEDI Medellín,Medellín,Coordinadora,KMS35830826,9900,2026-01-22 20:31:43,Entregado,2026-01-22 04:35:53,True,1.0,1.2528935185185186,True
PED001245,10,10,2026-05-01 00:03:57,2026-05-02 16:48:29,40.730000000000004,0,CEDI Cali,Cali,Inter Rapidísimo,KMS96024511,15900,2026-05-03 00:03:57,Entregado,2026-05-02 16:48:29,True,1.0,1.6975925925925925,True
PED001246,10,10,2026-05-09 08:24:30,2026-05-11 23:35:58,63.18,0,CEDI Barranquilla,Barranquilla,Inter Rapidísimo,KMS63371068,15900,2026-05-11 11:24:30,Entregado,2026-05-11 23:35:58,True,0.0,2.632962962962963,True
PED001247,10,10,2026-06-08 13:47:39,2026-06-09 18:29:42,28.7,0,CEDI Bogotá,Bogotá D.C.,Inter Rapidísimo,KMS13336796,8900,2026-06-10 05:47:39,Entregado,2026-06-09 18:29:42,True,1.0,1.1958680555555556,True
PED001248,10,10,2026-05-19 12:22:32,2026-05-20 18:35:09,30.22,0,CEDI Cali,Cali,TCC,KMS15381022,18900,2026-05-21 05:22:32,Entregado,2026-05-20 18:35:09,True,1.0,1.258761574074074,True
PED001249,10,10,2026-03-11 08:22:42,2026-03-13 03:25:03,43.050000000000004,0,CEDI Medellín,Medellín,Envia,KMS92676904,15900,2026-03-13 06:22:42,Entregado,2026-03-13 03:25:03,True,1.0,1.793298611111111,True
PED001250,10,10,2026-02-17 14:43:59,2026-02-19 13:57:52,47.23,0,CEDI Bucaramanga,Bucaramanga,Envia,KMS85886904,20790,2026-02-19 18:43:59,Entregado,2026-02-19 13:57:52,True,1.0,1.967974537037037,True
PED001251,10,10,2026-02-15 08:42:19,2026-02-16 12:46:38,28.07,0,CEDI Bogotá,Bogotá D.C.,Coordinadora,KMS11191787,8900,2026-02-17 00:42:19,Entregado,2026-02-16 12:46:38,True,1.0,1.169664351851852,True
PED001252,10,10,2026-03-09 08:13:26,2026-03-11 02:31:18,42.3,1,CEDI Medellín,Medellín,TCC,KMS80366862,10890,2026-03-10 23:13:26,Entregado,2026-03-11 02:31:18,True,0.0,1.7624074074074074,True
PED001253,10,10,2026-05-22 06:17:24,2026-05-24 04:02:21,45.76,0,CEDI Medellín,Medellín,TCC,KMS22241188,9790,2026-05-24 04:17:24,Entregado,2026-05-24 04:02:21,True,1.0,1.9062152777777779,True
PED001254,10,10,2026-05-03 00:15:26,2026-05-04 11:22:51,35.11,0,CEDI Cali,Cali,Servientrega,KMS53406937,15290,2026-05-05 00:15:26,Entregado,2026-05-04 11:22:51,True,1.0,1.4634837962962963,True
PED001255,10,10,2026-02-17 07:46:57,2026-02-18 14:27:28,30.69,0,CEDI Bogotá,Bogotá D.C.,Coordinadora,KMS92563848,8900,2026-02-18 23:46:57,Entregado,2026-02-18 14:27:28,True,1.0,1.278136574074074,True
PED001256,10,10,2026-02-12 02:43:17,2026-02-13 15:24:35,36.69,0,CEDI Cali,Cali,Coordinadora,KMS78314916,8900,2026-02-14 02:43:17,Entregado,2026-02-13 15:24:35,True,1.0,1.5286805555555556,True
PED001257,10,10,2026-06-11 12:58:35,2026-06-13 14:54:07,49.92,0,CEDI Pereira,Pereira,Servientrega,KMS34348442,11900,2026-06-13 14:58:35,Entregado,2026-06-13 14:54:07,True,1.0,2.0802314814814813,True
PED001258,10,10,2026-03-10 21:55:46,2026-03-12 21:13:16,47.29,0,CEDI Cali,Cali,TCC,KMS19577128,13900,2026-03-12 14:55:46,Entregado,2026-03-12 21:13:16,True,0.0,1.9704861111111112,True
PED001259,10,10,2026-04-18 22:40:41,2026-04-20 20:54:33,46.24,1,CEDI Cali,Cali,Servientrega,KMS20548331,18900,2026-04-20 22:40:41,Entregado,2026-04-20 20:54:33,True,1.0,1.9262962962962964,True
PED001260,10,10,2026-06-02 06:32:21,2026-06-03 18:13:37,35.68,1,CEDI Medellín,Medellín,Inter Rapidísimo,KMS94471047,18900,2026-06-04 04:32:21,Entregado,2026-06-03 18:13:37,True,1.0,1.4869907407407408,True
PED001261,10,10,2026-03-02 23:20:48,2026-03-04 00:15:21,24.92,0,CEDI Pereira,Pereira,Inter Rapidísimo,KMS65884394,17490,2026-03-04 18:20:48,Entregado,2026-03-04 00:15:21,True,1.0,1.0378819444444445,True
PED001262,10,10,2026-02-25 23:49:53,2026-02-27 02:11:56,26.37,0,CEDI Bogotá,Bogotá D.C.,Coordinadora,KMS91148929,13900,2026-02-27 15:49:53,Entregado,2026-02-27 02:11:56,True,1.0,1.0986458333333333,True
PED001263,10,10,2026-01-07 08:01:21,2026-01-08 06:55:06,22.89,0,CEDI Bogotá,Bogotá D.C.,Servientrega,KMS56791397,11900,2026-01-08 17:01:21,Entregado,2026-01-08 06:55:06,True,1.0,0.9539930555555556,True
PED001264,10,10,2026-03-22 09:31:26,2026-03-23 22:11:10,36.67,0,CEDI Barranquilla,Barranquilla,Inter Rapidísimo,KMS28634932,11900,2026-03-24 12:31:26,Entregado,2026-03-23 22:11:10,True,1.0,1.5275925925925926,True
PED001265,10,10,2026-06-20 13:47:00,2026-06-21 13:56:22,24.15,1,CEDI Bogotá,Bogotá D.C.,Envia,KMS81328129,9790,2026-06-21 22:47:00,Entregado,2026-06-21 13:56:22,True,1.0,1.0065046296296296,True
PED001266,10,10,2026-03-17 02:59:21,2026-03-18 23:31:25,44.52,0,CEDI Bogotá,Bogotá D.C.,Coordinadora,KMS51873980,9900,2026-03-18 11:59:21,Entregado,2026-03-18 23:31:25,True,0.0,1.8556018518518518,True
PED001267,10,10,2026-06-03 13:11:38,2026-06-05 22:18:57,57.129999999999995,0,CEDI Pereira,Pereira,TCC,KMS19670074,9900,2026-06-05 15:11:38,Entregado,2026-06-05 22:18:57,True,0.0,2.3800810185185184,True
PED001268,10,10,2026-06-11 04:21:38,2026-06-12 12:02:45,31.68,0,CEDI Cali,Cali,TCC,KMS36657676,9900,2026-06-13 04:21:38,Entregado,2026-06-12 12:02:45,True,1.0,1.3202199074074075,True
PED001269,10,10,2026-05-01 21:34:32,2026-05-03 04:58:32,31.4,0,CEDI Bogotá,Bogotá D.C.,Envia,KMS68299416,8900,2026-05-03 06:34:32,Entregado,2026-05-03 04:58:32,True,1.0,1.3083333333333333,True
PED001270,10,10,2026-04-23 03:39:03,2026-04-24 09:32:05,29.9,0,CEDI Cali,Cali,Inter Rapidísimo,KMS51935063,8900,2026-04-25 03:39:03,Entregado,2026-04-24 09:32:05,True,1.0,1.245162037037037,True
PED001271,10,10,2026-01-23 01:05:05,2026-01-24 04:44:09,27.65,0,CEDI Bogotá,Bogotá D.C.,Coordinadora,KMS15503903,15900,2026-01-24 17:05:05,Entregado,2026-01-24 04:44:09,True,1.0,1.1521296296296297,True
PED001272,10,10,2026-06-13 12:44:29,2026-06-15 01:45:34,37.019999999999996,0,CEDI Pereira,Pereira,Coordinadora,KMS25988558,13900,2026-06-15 14:44:29,Entregado,2026-06-15 01:45:34,True,1.0,1.5424189814814815,True
PED001273,10,10,2026-03-01 13:29:29,2026-03-02 09:18:17,19.82,0,CEDI Bogotá,Bogotá D.C.,Envia,KMS37057680,15900,2026-03-03 05:29:29,Entregado,2026-03-02 09:18:17,True,1.0,0.8255555555555556,True
PED001274,10,10,2026-02-13 15:12:16,2026-02-16 04:48:23,61.6,0,CEDI Pereira,Pereira,Envia,KMS14439993,13900,2026-02-15 17:12:16,Entregado,2026-02-16 04:48:23,True,0.0,2.5667476851851854,True
PED001275,10,10,2026-06-04 22:36:11,2026-06-07 04:23:57,53.79,0,CEDI Medellín,Medellín,Inter Rapidísimo,KMS59851043,8900,2026-06-06 20:36:11,Entregado,2026-06-07 04:23:57,True,0.0,2.2415046296296297,True
PED001276,10,10,2026-03-08 15:56:33,2026-03-09 22:53:14,30.95,0,CEDI Bucaramanga,Bucaramanga,Coordinadora,KMS37487874,15900,2026-03-10 19:56:33,Entregado,2026-03-09 22:53:14,True,1.0,1.289363425925926,True
PED001277,10,10,2026-02-15 14:50:18,2026-02-16 20:44:59,29.91,0,CEDI Bogotá,Bogotá D.C.,Servientrega,KMS95721761,15900,2026-02-16 23:50:18,Entregado,2026-02-16 20:44:59,True,1.0,1.2463078703703703,True
PED001278,10,10,2026-06-21 02:39:54,2026-06-23 02:53:17,48.21,1,CEDI Medellín,Medellín,TCC,KMS64645339,15900,2026-06-23 00:39:54,Entregado,2026-06-23 02:53:17,True,0.0,2.0092939814814814,True
PED001279,10,10,2026-03-24 18:26:21,2026-03-25 18:24:47,23.98,0,CEDI Bogotá,Bogotá D.C.,TCC,KMS50323946,8900,2026-03-26 03:26:21,Entregado,2026-03-25 18:24:47,True,1.0,0.998912037037037,True
PED001280,10,10,2026-01-26 08:21:03,2026-01-27 10:30:25,26.15,0,CEDI Pereira,Pereira,Envia,KMS21399765,8900,2026-01-28 10:21:03,Entregado,2026-01-27 10:30:25,True,1.0,1.0898379629629629,True
PED001281,10,10,2026-06-13 02:38:49,2026-06-14 22:51:44,44.21,0,CEDI Medellín,Medellín,Coordinadora,KMS30809326,13090,2026-06-15 00:38:49,Entregado,2026-06-14 22:51:44,True,1.0,1.8423032407407407,True
PED001282,10,10,2026-04-01 08:28:27,2026-04-03 07:06:40,46.63,0,CEDI Barranquilla,Barranquilla,Servientrega,KMS79046849,15900,2026-04-03 11:28:27,Entregado,2026-04-03 07:06:40,True,1.0,1.9432060185185185,True
PED001283,10,10,2026-04-17 17:53:41,2026-04-18 23:08:47,29.259999999999998,0,CEDI Cali,Cali,TCC,KMS83939775,18900,2026-04-19 17:53:41,Entregado,2026-04-18 23:08:47,True,1.0,1.2188194444444445,True
PED001284,10,10,2026-06-15 01:47:09,2026-06-15 18:52:59,17.1,0,CEDI Bogotá,Bogotá D.C.,Coordinadora,KMS82236045,9900,2026-06-16 10:47:09,Entregado,2026-06-15 18:52:59,True,1.0,0.7123842592592593,True
PED001285,10,10,2026-04-11 13:38:25,2026-04-13 08:56:12,43.28,0,CEDI Barranquilla,Barranquilla,TCC,KMS45180847,13900,2026-04-13 16:38:25,Entregado,2026-04-13 08:56:12,True,1.0,1.8040162037037037,True
PED001286,10,10,2026-06-02 06:35:16,2026-06-03 07:26:04,24.84,0,CEDI Bogotá,Bogotá D.C.,Coordinadora,KMS64850179,13900,2026-06-03 22:35:16,Entregado,2026-06-03 07:26:04,True,1.0,1.0352777777777777,True
PED001287,10,10,2026-05-21 22:04:20,2026-05-22 15:05:29,17.03,0,CEDI Bogotá,Bogotá D.C.,Servientrega,KMS42010564,8900,2026-05-23 14:04:20,Entregado,2026-05-22 15:05:29,True,1.0,0.7091319444444445,True
PED001288,10,10,2026-05-02 14:36:04,2026-05-03 23:53:19,33.29,0,CEDI Pereira,Pereira,TCC,KMS51712283,18900,2026-05-04 16:36:04,Entregado,2026-05-03 23:53:19,True,1.0,1.3869791666666667,True
PED001289,10,10,2026-03-31 18:22:28,2026-04-01 15:08:37,20.77,0,CEDI Bogotá,Bogotá D.C.,Coordinadora,KMS41244756,20790,2026-04-02 10:22:28,Entregado,2026-04-01 15:08:37,True,1.0,0.8653819444444445,True
PED001290,10,10,2026-04-03 15:29:32,2026-04-05 01:10:54,33.69,0,CEDI Cali,Cali,Coordinadora,KMS34966748,13090,2026-04-05 15:29:32,Entregado,2026-04-05 01:10:54,True,1.0,1.4037268518518518,True
PED001291,10,10,2026-03-22 19:26:26,2026-03-23 17:42:05,22.259999999999998,0,CEDI Bogotá,Bogotá D.C.,Coordinadora,KMS87785104,11900,2026-03-24 11:26:26,Entregado,2026-03-23 17:42:05,True,1.0,0.9275347222222222,True
PED001292,10,10,2026-06-10 13:05:32,2026-06-12 04:10:10,39.07,0,CEDI Barranquilla,Barranquilla,Servientrega,KMS59546956,15900,2026-06-12 16:05:32,Entregado,2026-06-12 04:10:10,True,1.0,1.6282175925925926,True
PED001293,10,10,2026-05-07 02:06:04,2026-05-09 18:20:29,64.24,0,CEDI Bogotá,Bogotá D.C.,TCC,KMS43564240,15900,2026-05-08 11:06:04,Entregado,2026-05-09 18:20:29,True,0.0,2.6766782407407406,True
PED001294,10,10,2026-03-13 21:04:31,2026-03-15 20:46:59,47.71,0,CEDI Barranquilla,Barranquilla,Inter Rapidísimo,KMS27803836,8900,2026-03-16 07:04:31,Entregado,2026-03-15 20:46:59,True,1.0,1.987824074074074,True
PED001295,10,10,2026-06-21 13:38:49,2026-06-22 20:23:04,30.73,1,CEDI Bucaramanga,Bucaramanga,TCC,KMS71595955,18900,2026-06-23 17:38:49,Entregado,2026-06-22 20:23:04,True,1.0,1.2807291666666667,True
PED001296,10,10,2026-04-24 09:40:13,2026-04-26 09:33:01,47.89,1,CEDI Barranquilla,Barranquilla,Inter Rapidísimo,KMS54696573,9900,2026-04-26 12:40:13,Entregado,2026-04-26 09:33:01,True,1.0,1.995,True
PED001297,10,10,2026-06-01 05:18:21,2026-06-02 08:08:28,26.83,0,CEDI Bucaramanga,Bucaramanga,TCC,KMS62443498,15900,2026-06-03 09:18:21,Entregado,2026-06-02 08:08:28,True,1.0,1.118136574074074,True
PED001298,10,10,2026-05-26 23:33:21,2026-05-29 03:10:03,51.620000000000005,0,CEDI Cali,Cali,Envia,KMS51412738,13900,2026-05-28 23:33:21,Entregado,2026-05-29 03:10:03,True,0.0,2.1504861111111113,True
PED001299,9,9,2026-01-12 12:16:32,2026-01-12 23:52:25,10.67,0,CEDI Bogotá,Bogotá D.C.,Coordinadora,KMS55662459,20790,2026-01-13 21:16:32,Entregado,2026-01-12 23:52:25,True,1.0,0.4832523148148148,False
PED001300,10,10,2026-03-18 08:22:58,2026-03-19 14:33:42,30.18,0,CEDI Medellín,Medellín,TCC,KMS15754470,18900,2026-03-19 23:22:58,Entregado,2026-03-19 14:33:42,True,1.0,1.2574537037037037,True
PED001301,10,10,2026-04-30 04:57:57,2026-05-01 10:02:54,29.08,0,CEDI Bogotá,Bogotá D.C.,TCC,KMS26647293,13900,2026-05-01 13:57:57,Entregado,2026-05-01 10:02:54,True,1.0,1.2117708333333332,True
PED001302,10,10,2026-01-29 04:42:37,2026-01-30 09:12:22,28.5,0,CEDI Medellín,Medellín,Inter Rapidísimo,KMS80887845,8900,2026-01-30 19:42:37,Entregado,2026-01-30 09:12:22,True,1.0,1.187326388888889,True
PED001303,10,10,2026-01-05 10:38:24,2026-01-07 13:21:30,50.73,0,CEDI Pereira,Pereira,Inter Rapidísimo,KMS32510187,9900,2026-01-07 12:38:24,Entregado,2026-01-07 13:21:30,True,0.0,2.113263888888889,True
PED001304,10,10,2026-06-28 18:53:03,2026-06-30 19:30:12,48.62,0,CEDI Pereira,Pereira,Inter Rapidísimo,KMS88715078,18900,2026-06-30 20:53:03,Entregado,2026-06-30 19:30:12,True,1.0,2.025798611111111,True
PED001305,10,10,2026-06-25 01:58:08,2026-06-26 20:54:39,42.94,0,CEDI Pereira,Pereira,Inter Rapidísimo,KMS81347230,8900,2026-06-27 03:58:08,Entregado,2026-06-26 20:54:39,True,1.0,1.7892476851851853,True
PED001306,10,10,2026-01-15 20:02:05,2026-01-16 22:08:25,26.11,0,CEDI Medellín,Medellín,Servientrega,KMS65392044,8900,2026-01-17 18:02:05,Entregado,2026-01-16 22:08:25,True,1.0,1.0877314814814816,True
PED001307,10,10,2026-01-30 00:04:13,2026-01-31 09:39:56,33.6,0,CEDI Bogotá,Bogotá D.C.,Envia,KMS40354873,13900,2026-01-31 09:04:13,Entregado,2026-01-31 09:39:56,True,0.0,1.3998032407407408,True
PED001308,10,10,2026-06-27 18:27:21,2026-06-29 19:10:11,48.71,0,CEDI Barranquilla,Barranquilla,Servientrega,KMS40537938,18900,2026-06-30 04:27:21,Entregado,2026-06-29 19:10:11,True,1.0,2.0297453703703705,True
PED001309,10,10,2026-06-24 20:53:43,2026-06-26 06:41:24,33.8,0,CEDI Cali,Cali,TCC,KMS45572732,17490,2026-06-26 13:53:43,Entregado,2026-06-26 06:41:24,True,1.0,1.408113425925926,True
PED001310,10,10,2026-04-17 16:48:45,2026-04-19 00:28:23,31.67,0,CEDI Pereira,Pereira,Inter Rapidísimo,KMS15074611,20790,2026-04-19 11:48:45,Entregado,2026-04-19 00:28:23,True,1.0,1.319189814814815,True
PED001311,10,10,2026-04-17 05:54:17,2026-04-18 17:42:17,35.82,0,CEDI Medellín,Medellín,Envia,KMS11849042,15900,2026-04-19 03:54:17,Entregado,2026-04-18 17:42:17,True,1.0,1.4916666666666667,True
PED001312,10,10,2026-03-24 22:21:55,2026-03-26 10:04:14,35.69,0,CEDI Bogotá,Bogotá D.C.,TCC,KMS36974915,15900,2026-03-26 14:21:55,Entregado,2026-03-26 10:04:14,True,1.0,1.4877199074074074,True
PED001313,10,10,2026-03-14 10:44:11,2026-03-15 13:20:14,26.599999999999998,0,CEDI Medellín,Medellín,Inter Rapidísimo,KMS54014425,8900,2026-03-16 01:44:11,Entregado,2026-03-15 13:20:14,True,1.0,1.1083680555555555,True
PED001314,10,10,2026-04-15 15:45:19,2026-04-18 03:52:41,60.120000000000005,0,CEDI Bogotá,Bogotá D.C.,Servientrega,KMS47443505,15290,2026-04-17 07:45:19,Entregado,2026-04-18 03:52:41,True,0.0,2.5051157407407407,True
PED001315,10,10,2026-03-08 05:00:19,2026-03-09 19:39:50,38.65,1,CEDI Medellín,Medellín,Coordinadora,KMS18098125,15900,2026-03-10 03:00:19,Entregado,2026-03-09 19:39:50,True,1.0,1.610775462962963,True
PED001316,10,10,2026-03-16 19:17:46,2026-03-17 21:36:08,26.3,0,CEDI Medellín,Medellín,Coordinadora,KMS91394645,18900,2026-03-18 10:17:46,Entregado,2026-03-17 21:36:08,True,1.0,1.096087962962963,True
PED001317,10,10,2026-04-16 18:24:27,2026-04-18 00:34:54,30.19,0,CEDI Medellín,Medellín,Envia,KMS57025244,15900,2026-04-18 16:24:27,Entregado,2026-04-18 00:34:54,True,1.0,1.2572569444444444,True
PED001318,10,10,2026-04-10 09:35:35,2026-04-11 12:54:25,27.310000000000002,0,CEDI Bogotá,Bogotá D.C.,Inter Rapidísimo,KMS42356442,8900,2026-04-12 01:35:35,Entregado,2026-04-11 12:54:25,True,1.0,1.1380787037037037,True
PED001319,10,10,2026-02-01 15:51:16,2026-02-02 19:57:09,28.09,0,CEDI Cali,Cali,Inter Rapidísimo,KMS57435770,13900,2026-02-03 15:51:16,Entregado,2026-02-02 19:57:09,True,1.0,1.170752314814815,True
PED001320,10,10,2026-06-20 21:57:44,2026-06-21 19:22:57,21.419999999999998,0,CEDI Bogotá,Bogotá D.C.,Coordinadora,KMS33330946,8900,2026-06-22 06:57:44,Entregado,2026-06-21 19:22:57,True,1.0,0.8925115740740741,True
PED001321,10,10,2026-04-24 03:20:33,2026-04-25 15:36:51,36.28,0,CEDI Cali,Cali,Servientrega,KMS37716003,11900,2026-04-25 20:20:33,Entregado,2026-04-25 15:36:51,True,1.0,1.5113194444444444,True
PED001322,10,10,2026-06-16 03:01:07,2026-06-18 10:30:50,55.5,0,CEDI Barranquilla,Barranquilla,Envia,KMS16299445,8900,2026-06-18 06:01:07,Entregado,2026-06-18 10:30:50,True,0.0,2.3123032407407407,True
PED001323,10,10,2026-04-27 06:20:19,2026-04-28 04:09:21,21.84,0,CEDI Bogotá,Bogotá D.C.,TCC,KMS46934428,8900,2026-04-28 22:20:19,Entregado,2026-04-28 04:09:21,True,1.0,0.909050925925926,True
PED001324,10,10,2026-06-12 13:22:33,2026-06-14 14:12:24,48.83,0,CEDI Cali,Cali,Inter Rapidísimo,KMS31783675,17490,2026-06-14 06:22:33,Entregado,2026-06-14 14:12:24,True,0.0,2.0346180555555557,True
PED001325,10,10,2026-02-11 13:59:35,2026-02-12 19:06:21,29.11,0,CEDI Bogotá,Bogotá D.C.,TCC,KMS27230075,13900,2026-02-13 05:59:35,Entregado,2026-02-12 19:06:21,True,1.0,1.2130324074074075,True
PED001326,10,10,2026-01-28 07:08:25,2026-01-31 05:40:51,70.53999999999999,0,CEDI Barranquilla,Barranquilla,Coordinadora,KMS21766650,18900,2026-01-30 10:08:25,Entregado,2026-01-31 05:40:51,True,0.0,2.939189814814815,True
PED001327,10,10,2026-02-13 20:09:10,2026-02-15 03:32:10,31.380000000000003,0,CEDI Bogotá,Bogotá D.C.,Envia,KMS75604099,11900,2026-02-15 05:09:10,Entregado,2026-02-15 03:32:10,True,1.0,1.3076388888888888,True
PED001328,10,10,2026-02-14 19:11:58,2026-02-15 17:30:02,22.3,0,CEDI Bogotá,Bogotá D.C.,Inter Rapidísimo,KMS39230973,13090,2026-02-16 04:11:58,Entregado,2026-02-15 17:30:02,True,1.0,0.929212962962963,True
PED001329,10,10,2026-01-23 08:17:37,2026-01-25 11:05:39,50.81,0,CEDI Barranquilla,Barranquilla,Inter Rapidísimo,KMS47758389,18900,2026-01-25 18:17:37,Entregado,2026-01-25 11:05:39,True,1.0,2.1166898148148148,True
PED001330,10,10,2026-02-15 05:44:49,2026-02-17 20:20:06,62.589999999999996,0,CEDI Bucaramanga,Bucaramanga,Envia,KMS68926628,13900,2026-02-17 02:44:49,Entregado,2026-02-17 20:20:06,True,0.0,2.607835648148148,True
PED001331,10,10,2026-04-18 03:05:38,2026-04-19 12:39:30,33.57,0,CEDI Bogotá,Bogotá D.C.,Envia,KMS83370144,8900,2026-04-19 19:05:38,Entregado,2026-04-19 12:39:30,True,1.0,1.3985185185185185,True
PED001332,10,10,2026-05-01 23:06:26,2026-05-02 23:37:26,24.52,0,CEDI Barranquilla,Barranquilla,Envia,KMS58224479,8900,2026-05-04 09:06:26,Entregado,2026-05-02 23:37:26,True,1.0,1.0215277777777778,True
PED001333,10,10,2026-06-16 01:34:14,2026-06-16 21:30:04,19.919999999999998,0,CEDI Bogotá,Bogotá D.C.,Envia,KMS18965182,8900,2026-06-17 10:34:14,Entregado,2026-06-16 21:30:04,True,1.0,0.8304398148148148,True
PED001334,10,10,2026-03-25 19:16:43,2026-03-27 00:00:00,28.73,0,CEDI Pereira,Pereira,Envia,KMS24580966,9900,2026-03-27 14:16:43,Entregado,2026-03-27 00:00:00,True,1.0,1.196724537037037,True
PED001335,10,10,2026-02-18 05:11:33,2026-02-19 03:37:50,22.439999999999998,0,CEDI Bogotá,Bogotá D.C.,Servientrega,KMS27653904,15290,2026-02-19 21:11:33,Entregado,2026-02-19 03:37:50,True,1.0,0.9349189814814814,True
PED001336,10,10,2026-05-02 05:08:01,2026-05-04 09:54:21,52.77,0,CEDI Cali,Cali,Coordinadora,KMS57362907,15290,2026-05-04 05:08:01,Entregado,2026-05-04 09:54:21,True,0.0,2.1988425925925927,True
PED001337,10,10,2026-02-28 11:46:03,2026-03-01 15:37:38,27.85,0,CEDI Bogotá,Bogotá D.C.,Inter Rapidísimo,KMS58230874,18900,2026-03-02 03:46:03,Entregado,2026-03-01 15:37:38,True,1.0,1.1608217592592593,True
PED001338,10,10,2026-03-30 13:29:14,2026-04-01 00:32:49,35.06,0,CEDI Bucaramanga,Bucaramanga,Coordinadora,KMS42460785,8900,2026-04-01 17:29:14,Entregado,2026-04-01 00:32:49,True,1.0,1.4608217592592592,True
PED001339,10,10,2026-04-07 08:23:31,2026-04-08 08:53:18,24.48,0,CEDI Bogotá,Bogotá D.C.,Inter Rapidísimo,KMS20960635,9790,2026-04-08 17:23:31,Entregado,2026-04-08 08:53:18,True,1.0,1.0206828703703703,True
PED001340,10,10,2026-01-29 15:32:02,2026-01-30 09:56:51,18.4,0,CEDI Medellín,Medellín,Servientrega,KMS61641933,15900,2026-01-31 06:32:02,Entregado,2026-01-30 09:56:51,True,1.0,0.7672337962962963,True
PED001341,10,10,2026-06-27 13:53:08,2026-06-29 09:00:00,43.120000000000005,0,CEDI Cali,Cali,TCC,KMS30732555,20790,2026-06-29 13:53:08,Entregado,2026-06-29 09:00:00,True,1.0,1.7964351851851852,True
PED001342,10,10,2026-01-03 18:29:31,2026-01-04 16:29:32,22.02,0,CEDI Medellín,Medellín,Coordinadora,KMS83770522,20790,2026-01-05 09:29:31,Entregado,2026-01-04 16:29:32,True,1.0,0.9166782407407408,True
PED001343,10,10,2026-01-13 09:03:27,2026-01-14 09:15:39,24.21,0,CEDI Bogotá,Bogotá D.C.,Envia,KMS38845563,17490,2026-01-15 01:03:27,Entregado,2026-01-14 09:15:39,True,1.0,1.0084722222222222,True
PED001344,10,10,2026-03-15 15:44:09,2026-03-17 13:50:35,46.11,0,CEDI Bogotá,Bogotá D.C.,Coordinadora,KMS77708032,11900,2026-03-17 00:44:09,Entregado,2026-03-17 13:50:35,True,0.0,1.9211342592592593,True
PED001345,10,10,2026-03-10 21:55:32,2026-03-12 05:05:44,31.16,0,CEDI Bogotá,Bogotá D.C.,TCC,KMS25796820,18900,2026-03-12 13:55:32,Entregado,2026-03-12 05:05:44,True,1.0,1.29875,True
PED001346,10,10,2026-05-09 17:04:24,2026-05-11 02:33:08,33.48,0,CEDI Medellín,Medellín,Coordinadora,KMS51427649,17490,2026-05-11 15:04:24,Entregado,2026-05-11 02:33:08,True,1.0,1.3949537037037036,True
PED001347,10,10,2026-01-19 23:06:19,2026-01-21 16:13:21,41.12,0,CEDI Barranquilla,Barranquilla,Coordinadora,KMS91106431,11900,2026-01-22 09:06:19,Entregado,2026-01-21 16:13:21,True,1.0,1.7132175925925925,True
PED001348,10,10,2026-02-14 19:30:07,2026-02-16 19:54:01,48.39,0,CEDI Pereira,Pereira,Envia,KMS39342445,11900,2026-02-16 21:30:07,Entregado,2026-02-16 19:54:01,True,1.0,2.0165972222222224,True
PED001349,10,10,2026-04-11 19:27:50,2026-04-12 13:14:09,17.77,0,CEDI Bogotá,Bogotá D.C.,TCC,KMS61837313,8900,2026-04-13 04:27:50,Entregado,2026-04-12 13:14:09,True,1.0,0.7404976851851852,True
PED001350,10,10,2026-05-26 09:28:22,2026-05-27 18:08:24,32.65,1,CEDI Medellín,Medellín,Inter Rapidísimo,KMS62758868,13900,2026-05-28 07:28:22,Entregado,2026-05-27 18:08:24,True,1.0,1.3611342592592592,True
PED001351,10,10,2026-03-07 00:28:59,2026-03-08 14:34:44,38.11,1,CEDI Barranquilla,Barranquilla,Inter Rapidísimo,KMS48442398,11900,2026-03-09 03:28:59,Entregado,2026-03-08 14:34:44,True,1.0,1.5873263888888889,True
PED001352,10,10,2026-02-06 08:15:06,2026-02-08 12:55:57,52.68,0,CEDI Bucaramanga,Bucaramanga,Coordinadora,KMS94793964,11900,2026-02-08 12:15:06,Entregado,2026-02-08 12:55:57,True,0.0,2.195034722222222,True
PED001353,10,10,2026-05-20 04:19:00,2026-05-21 10:43:39,30.41,0,CEDI Medellín,Medellín,Envia,KMS20215702,8900,2026-05-21 19:19:00,Entregado,2026-05-21 10:43:39,True,1.0,1.2671180555555555,True
PED001354,10,10,2026-02-23 17:44:55,2026-02-25 01:39:40,31.89,0,CEDI Bucaramanga,Bucaramanga,Inter Rapidísimo,KMS67847392,9900,2026-02-25 14:44:55,Entregado,2026-02-25 01:39:40,True,1.0,1.3296875,True
PED001355,10,10,2026-06-03 22:08:29,2026-06-04 15:39:47,17.54,0,CEDI Bogotá,Bogotá D.C.,TCC,KMS23439857,10890,2026-06-05 14:08:29,Entregado,2026-06-04 15:39:47,True,1.0,0.7300694444444444,True
PED001356,10,10,2026-01-03 22:22:19,2026-01-05 00:35:11,26.21,0,CEDI Bogotá,Bogotá D.C.,Coordinadora,KMS83812448,8900,2026-01-05 14:22:19,Entregado,2026-01-05 00:35:11,True,1.0,1.0922685185185186,True
PED001357,10,10,2026-05-14 16:11:34,2026-05-16 05:06:12,36.91,0,CEDI Bogotá,Bogotá D.C.,Coordinadora,KMS57500529,20790,2026-05-16 08:11:34,Entregado,2026-05-16 05:06:12,True,1.0,1.537939814814815,True
PED001358,10,10,2026-06-22 23:21:05,2026-06-24 00:21:42,25.01,0,CEDI Cali,Cali,Inter Rapidísimo,KMS60728377,8900,2026-06-24 23:21:05,Entregado,2026-06-24 00:21:42,True,1.0,1.0420949074074075,True
PED001359,10,10,2026-05-07 04:42:05,2026-05-08 17:36:13,36.9,0,CEDI Cali,Cali,Envia,KMS37262745,13900,2026-05-08 21:42:05,Entregado,2026-05-08 17:36:13,True,1.0,1.5375925925925926,True
PED001360,10,10,2026-04-18 06:06:52,2026-04-19 11:42:54,29.61,0,CEDI Medellín,Medellín,Envia,KMS60930114,13900,2026-04-20 04:06:52,Entregado,2026-04-19 11:42:54,True,1.0,1.2333564814814815,True
PED001361,10,10,2026-05-25 15:47:16,2026-05-26 23:09:16,31.36,0,CEDI Bogotá,Bogotá D.C.,Envia,KMS25068508,8900,2026-05-27 07:47:16,Entregado,2026-05-26 23:09:16,True,1.0,1.3069444444444445,True
PED001362,10,10,2026-03-22 22:05:35,2026-03-23 14:40:18,16.58,0,CEDI Bogotá,Bogotá D.C.,Envia,KMS71203397,8900,2026-03-24 07:05:35,Entregado,2026-03-23 14:40:18,True,1.0,0.690775462962963,True
PED001363,10,10,2026-04-09 22:51:51,2026-04-13 00:03:15,73.17,0,CEDI Bucaramanga,Bucaramanga,Inter Rapidísimo,KMS10544761,9900,2026-04-11 19:51:51,Entregado,2026-04-13 00:03:15,True,0.0,3.0495833333333335,True
PED001364,10,10,2026-04-29 18:22:34,2026-04-30 17:00:54,22.63,0,CEDI Medellín,Medellín,Servientrega,KMS94914640,13090,2026-05-01 09:22:34,Entregado,2026-04-30 17:00:54,True,1.0,0.9432870370370371,True
PED001365,10,10,2026-03-05 10:44:25,2026-03-07 02:38:25,39.89,0,CEDI Medellín,Medellín,Coordinadora,KMS83582961,17490,2026-03-07 08:44:25,Entregado,2026-03-07 02:38:25,True,1.0,1.6625,True
PED001366,10,10,2026-01-25 03:26:28,2026-01-26 13:05:31,33.67,0,CEDI Bogotá,Bogotá D.C.,Coordinadora,KMS58280068,9790,2026-01-26 19:26:28,Entregado,2026-01-26 13:05:31,True,1.0,1.4021180555555555,True
PED001367,10,10,2026-01-23 05:07:22,2026-01-24 07:23:21,26.27,0,CEDI Bogotá,Bogotá D.C.,TCC,KMS11053719,20790,2026-01-24 21:07:22,Entregado,2026-01-24 07:23:21,True,1.0,1.0944328703703703,True
PED001368,10,10,2026-02-28 02:23:19,2026-03-01 08:56:23,30.53,0,CEDI Bogotá,Bogotá D.C.,Coordinadora,KMS66966306,9900,2026-03-01 18:23:19,Entregado,2026-03-01 08:56:23,True,1.0,1.272962962962963,True
PED001369,10,10,2026-05-21 02:38:35,2026-05-22 05:01:20,26.38,0,CEDI Bogotá,Bogotá D.C.,Servientrega,KMS98287825,15900,2026-05-22 18:38:35,Entregado,2026-05-22 05:01:20,True,1.0,1.0991319444444445,True
PED001370,10,10,2026-03-13 01:05:53,2026-03-15 01:20:30,48.25,0,CEDI Bucaramanga,Bucaramanga,TCC,KMS57151097,15900,2026-03-15 05:05:53,Entregado,2026-03-15 01:20:30,True,1.0,2.010150462962963,True
PED001371,10,10,2026-06-15 11:57:21,2026-06-16 13:11:52,25.229999999999997,0,CEDI Cali,Cali,Envia,KMS10485024,11900,2026-06-17 11:57:21,Entregado,2026-06-16 13:11:52,True,1.0,1.0517476851851852,True
PED001372,10,10,2026-06-11 15:38:24,2026-06-13 09:43:51,42.09,0,CEDI Bucaramanga,Bucaramanga,Envia,KMS19682781,18900,2026-06-13 19:38:24,Entregado,2026-06-13 09:43:51,True,1.0,1.7537847222222223,True
PED001373,10,10,2026-04-18 05:27:36,2026-04-19 21:00:31,39.56,0,CEDI Bucaramanga,Bucaramanga,TCC,KMS15020018,13900,2026-04-20 09:27:36,Entregado,2026-04-19 21:00:31,True,1.0,1.6478587962962963,True
PED001374,10,10,2026-02-19 18:10:35,2026-02-20 18:39:34,24.490000000000002,1,CEDI Bogotá,Bogotá D.C.,TCC,KMS83650121,9900,2026-02-21 10:10:35,Entregado,2026-02-20 18:39:34,True,1.0,1.020127314814815,True
PED001375,10,10,2026-04-26 05:05:53,2026-04-27 23:41:02,42.59,0,CEDI Bucaramanga,Bucaramanga,Coordinadora,KMS75039127,8900,2026-04-28 02:05:53,Entregado,2026-04-27 23:41:02,True,1.0,1.7744097222222222,True
PED001376,10,10,2026-05-21 18:09:12,2026-05-23 04:22:44,34.23,0,CEDI Cali,Cali,Inter Rapidísimo,KMS53071713,10890,2026-05-23 18:09:12,Entregado,2026-05-23 04:22:44,True,1.0,1.4260648148148147,True
PED001377,10,10,2026-06-07 00:04:57,2026-06-09 17:00:56,64.93,1,CEDI Medellín,Medellín,Coordinadora,KMS82162117,8900,2026-06-08 22:04:57,Entregado,2026-06-09 17:00:56,True,0.0,2.7055439814814815,True
PED001378,10,10,2026-06-11 13:08:25,2026-06-13 16:44:50,51.620000000000005,0,CEDI Bucaramanga,Bucaramanga,Envia,KMS80542714,15900,2026-06-13 17:08:25,Entregado,2026-06-13 16:44:50,True,1.0,2.150289351851852,True
PED001379,10,10,2026-02-11 05:46:58,2026-02-12 20:03:23,38.28,0,CEDI Barranquilla,Barranquilla,Servientrega,KMS47727556,15900,2026-02-13 08:46:58,Entregado,2026-02-12 20:03:23,True,1.0,1.5947337962962962,True
PED001380,10,10,2026-04-26 06:02:19,2026-04-27 20:47:44,38.76,0,CEDI Cali,Cali,Coordinadora,KMS78341541,15290,2026-04-28 06:02:19,Entregado,2026-04-27 20:47:44,True,1.0,1.6148726851851851,True
PED001381,10,10,2026-05-21 14:18:27,2026-05-23 04:59:06,38.68,1,CEDI Bogotá,Bogotá D.C.,TCC,KMS99162177,9900,2026-05-23 06:18:27,Entregado,2026-05-23 04:59:06,True,1.0,1.6115625,True
PED001382,10,10,2026-06-03 03:34:57,2026-06-04 00:41:19,21.11,0,CEDI Bogotá,Bogotá D.C.,Servientrega,KMS18598136,11900,2026-06-04 12:34:57,Entregado,2026-06-04 00:41:19,True,1.0,0.8794212962962963,True
PED001383,10,10,2026-04-22 05:00:20,2026-04-24 09:18:39,52.31,0,CEDI Cali,Cali,Coordinadora,KMS83722815,13900,2026-04-24 05:00:20,Entregado,2026-04-24 09:18:39,True,0.0,2.179386574074074,True
PED001384,10,10,2026-06-14 23:07:43,2026-06-16 12:23:18,37.26,0,CEDI Cali,Cali,Servientrega,KMS52679534,15290,2026-06-16 16:07:43,Entregado,2026-06-16 12:23:18,True,1.0,1.552488425925926,True
PED001385,10,10,2026-05-27 07:45:12,2026-05-28 14:08:37,30.39,0,CEDI Bogotá,Bogotá D.C.,Servientrega,KMS98440654,9900,2026-05-28 16:45:12,Entregado,2026-05-28 14:08:37,True,1.0,1.2662615740740741,True
PED001386,10,10,2026-03-23 05:28:46,2026-03-24 08:05:48,26.619999999999997,0,CEDI Bogotá,Bogotá D.C.,Coordinadora,KMS64635474,18900,2026-03-24 14:28:46,Entregado,2026-03-24 08:05:48,True,1.0,1.109050925925926,True
PED001387,10,10,2026-01-21 20:41:07,2026-01-23 01:00:01,28.32,0,CEDI Bogotá,Bogotá D.C.,TCC,KMS45763920,15290,2026-01-23 12:41:07,Entregado,2026-01-23 01:00:01,True,1.0,1.1797916666666666,True
PED001388,10,10,2026-03-26 00:56:44,2026-03-27 17:50:32,40.89,0,CEDI Barranquilla,Barranquilla,Inter Rapidísimo,KMS46895327,18900,2026-03-28 03:56:44,Entregado,2026-03-27 17:50:32,True,1.0,1.7040277777777777,True
PED001389,10,10,2026-03-28 16:37:47,2026-03-30 10:35:14,41.95,0,CEDI Cali,Cali,Envia,KMS27653446,8900,2026-03-30 09:37:47,Entregado,2026-03-30 10:35:14,True,0.0,1.7482291666666667,True
PED001390,10,10,2026-02-15 21:49:11,2026-02-17 19:58:19,46.16,0,CEDI Bucaramanga,Bucaramanga,Servientrega,KMS82482000,13090,2026-02-18 01:49:11,Entregado,2026-02-17 19:58:19,True,1.0,1.9230092592592594,True
PED001391,10,10,2026-02-17 21:49:06,2026-02-18 17:47:00,19.939999999999998,0,CEDI Bogotá,Bogotá D.C.,Envia,KMS29050314,13900,2026-02-19 06:49:06,Entregado,2026-02-18 17:47:00,True,1.0,0.831875,True
PED001392,10,10,2026-06-05 04:46:03,2026-06-06 16:57:59,36.19,0,CEDI Bucaramanga,Bucaramanga,Servientrega,KMS74056717,13090,2026-06-07 01:46:03,Entregado,2026-06-06 16:57:59,True,1.0,1.508287037037037,True
PED001393,10,10,2026-02-25 02:16:24,2026-02-27 00:37:24,46.36,0,CEDI Pereira,Pereira,Inter Rapidísimo,KMS89672007,8900,2026-02-27 04:16:24,Entregado,2026-02-27 00:37:24,True,1.0,1.93125,True
PED001394,10,10,2026-02-01 22:04:42,2026-02-03 12:25:29,38.339999999999996,0,CEDI Cali,Cali,Envia,KMS51692643,13900,2026-02-03 22:04:42,Entregado,2026-02-03 12:25:29,True,1.0,1.5977662037037037,True
PED001395,10,10,2026-06-06 06:49:34,2026-06-08 05:13:47,46.41,0,CEDI Barranquilla,Barranquilla,TCC,KMS12879062,9900,2026-06-08 16:49:34,Entregado,2026-06-08 05:13:47,True,1.0,1.9334837962962963,True
PED001396,10,10,2026-06-04 09:33:53,2026-06-07 06:28:46,68.91,0,CEDI Barranquilla,Barranquilla,Servientrega,KMS61868066,11900,2026-06-06 19:33:53,Entregado,2026-06-07 06:28:46,True,0.0,2.871446759259259,True
PED001397,10,10,2026-06-19 22:05:10,2026-06-20 22:19:01,24.22,0,CEDI Bogotá,Bogotá D.C.,Inter Rapidísimo,KMS59827198,13900,2026-06-21 14:05:10,Entregado,2026-06-20 22:19:01,True,1.0,1.0096180555555556,True
PED001398,10,10,2026-05-18 20:40:58,2026-05-20 02:01:16,29.34,0,CEDI Cali,Cali,Coordinadora,KMS64857872,20790,2026-05-20 20:40:58,Entregado,2026-05-20 02:01:16,True,1.0,1.2224305555555555,True
PED001399,10,10,2026-03-03 11:37:29,2026-03-05 03:09:20,39.53,0,CEDI Bogotá,Bogotá D.C.,TCC,KMS24057366,9900,2026-03-05 03:37:29,Entregado,2026-03-05 03:09:20,True,1.0,1.6471180555555556,True
PED001400,10,10,2026-02-12 13:10:40,2026-02-14 08:59:29,43.82,0,CEDI Medellín,Medellín,Inter Rapidísimo,KMS28653005,9900,2026-02-14 04:10:40,Entregado,2026-02-14 08:59:29,True,0.0,1.8255671296296296,True
PED001401,10,10,2026-03-15 00:05:57,2026-03-15 19:14:13,19.14,0,CEDI Cali,Cali,Servientrega,KMS79096136,15900,2026-03-16 17:05:57,Entregado,2026-03-15 19:14:13,True,1.0,0.7974074074074075,True
PED001402,9,9,2026-06-26 05:56:28,2026-06-28 08:00:13,50.620000000000005,0,CEDI Bogotá,Bogotá D.C.,Inter Rapidísimo,KMS52148966,18900,2026-06-27 21:22:08,Entregado,2026-06-28 08:00:13,True,0.0,2.0859375,False
PED001403,10,10,2026-05-06 03:36:47,2026-05-07 15:24:11,35.79,0,CEDI Bucaramanga,Bucaramanga,TCC,KMS47813982,18900,2026-05-08 07:36:47,Entregado,2026-05-07 15:24:11,True,1.0,1.49125,True
PED001404,10,10,2026-05-12 21:06:03,2026-05-14 06:49:00,33.72,1,CEDI Medellín,Medellín,Inter Rapidísimo,KMS85333130,9790,2026-05-14 19:06:03,Entregado,2026-05-14 06:49:00,True,1.0,1.404826388888889,True
PED001405,10,10,2026-05-08 05:03:11,2026-05-08 23:39:03,18.6,0,CEDI Bogotá,Bogotá D.C.,TCC,KMS11179060,15290,2026-05-09 14:03:11,Entregado,2026-05-08 23:39:03,True,1.0,0.7749074074074074,True
PED001406,10,10,2026-01-08 22:47:05,2026-01-09 17:30:22,18.71,0,CEDI Bogotá,Bogotá D.C.,Servientrega,KMS59882604,8900,2026-01-10 14:47:05,Entregado,2026-01-09 17:30:22,True,1.0,0.7800578703703703,True
PED001407,10,10,2026-03-12 23:12:53,2026-03-14 01:54:08,26.68,0,CEDI Medellín,Medellín,Envia,KMS88298032,13090,2026-03-14 21:12:53,Entregado,2026-03-14 01:54:08,True,1.0,1.1119791666666667,True
PED001408,10,10,2026-02-16 12:04:03,2026-02-17 21:58:00,33.89,0,CEDI Medellín,Medellín,TCC,KMS95772371,15290,2026-02-18 10:04:03,Entregado,2026-02-17 21:58:00,True,1.0,1.4124652777777778,True
PED001409,10,10,2026-04-14 22:42:13,2026-04-15 22:38:50,23.96,0,CEDI Bogotá,Bogotá D.C.,Inter Rapidísimo,KMS75603045,15900,2026-04-16 07:42:13,Entregado,2026-04-15 22:38:50,True,1.0,0.997650462962963,True
PED001410,10,10,2026-03-16 12:08:55,2026-03-18 03:35:57,39.45,0,CEDI Cali,Cali,Envia,KMS30884463,17490,2026-03-18 12:08:55,Entregado,2026-03-18 03:35:57,True,1.0,1.6437731481481481,True
PED001411,10,10,2026-01-21 02:09:39,2026-01-22 19:39:21,41.49,0,CEDI Pereira,Pereira,Servientrega,KMS42160233,9900,2026-01-23 04:09:39,Entregado,2026-01-22 19:39:21,True,1.0,1.7289583333333334,True
PED001412,10,10,2026-05-04 11:20:01,2026-05-07 01:47:45,62.459999999999994,0,CEDI Medellín,Medellín,Servientrega,KMS84619428,15900,2026-05-06 09:20:01,Entregado,2026-05-07 01:47:45,True,0.0,2.602592592592593,True
PED001413,10,10,2026-03-06 23:08:46,2026-03-08 15:43:50,40.6,0,CEDI Cali,Cali,Coordinadora,KMS71415254,18900,2026-03-08 23:08:46,Entregado,2026-03-08 15:43:50,True,1.0,1.6910185185185185,True
PED001414,10,10,2026-01-08 19:21:38,2026-01-10 08:11:52,36.83,0,CEDI Bogotá,Bogotá D.C.,Envia,KMS45962196,15900,2026-01-10 11:21:38,Entregado,2026-01-10 08:11:52,True,1.0,1.5348842592592593,True
PED001415,10,10,2026-02-20 04:46:48,2026-02-20 22:10:54,17.41,0,CEDI Cali,Cali,Envia,KMS77036415,13900,2026-02-22 04:46:48,Entregado,2026-02-20 22:10:54,True,1.0,0.7250694444444444,True
PED001416,10,10,2026-03-27 08:38:07,2026-03-30 00:07:48,63.5,0,CEDI Cali,Cali,TCC,KMS49790744,15900,2026-03-29 01:38:07,Entregado,2026-03-30 00:07:48,True,0.0,2.645613425925926,True
PED001417,10,10,2026-02-21 01:01:47,2026-02-23 19:41:25,66.67,0,CEDI Pereira,Pereira,Coordinadora,KMS29441920,15900,2026-02-23 03:01:47,Entregado,2026-02-23 19:41:25,True,0.0,2.777523148148148,True
PED001418,10,10,2026-04-30 06:48:01,2026-05-01 05:43:41,22.92,0,CEDI Cali,Cali,Envia,KMS29373816,13900,2026-05-01 23:48:01,Entregado,2026-05-01 05:43:41,True,1.0,0.955324074074074,True
PED001419,10,10,2026-06-01 18:43:07,2026-06-03 15:38:58,44.94,0,CEDI Bucaramanga,Bucaramanga,Envia,KMS81924689,9900,2026-06-03 22:43:07,Entregado,2026-06-03 15:38:58,True,1.0,1.8721180555555557,True
PED001420,10,10,2026-04-21 04:38:29,2026-04-22 14:33:27,33.92,1,CEDI Cali,Cali,Coordinadora,KMS62308553,17490,2026-04-22 21:38:29,Entregado,2026-04-22 14:33:27,True,1.0,1.4131712962962963,True
PED001421,10,10,2026-06-09 10:43:53,2026-06-11 11:40:16,48.92,0,CEDI Barranquilla,Barranquilla,TCC,KMS91383254,15900,2026-06-11 20:43:53,Entregado,2026-06-11 11:40:16,True,1.0,2.0391550925925928,True
PED001422,10,10,2026-01-14 11:29:23,2026-01-15 15:01:08,27.53,0,CEDI Bucaramanga,Bucaramanga,Envia,KMS63291392,9790,2026-01-16 08:29:23,Entregado,2026-01-15 15:01:08,True,1.0,1.1470486111111111,True
PED001423,10,10,2026-04-16 19:45:09,2026-04-18 13:16:57,41.54,0,CEDI Cali,Cali,TCC,KMS98943225,9900,2026-04-18 19:45:09,Entregado,2026-04-18 13:16:57,True,1.0,1.7304166666666667,True
PED001424,10,10,2026-06-15 19:00:10,2026-06-16 23:20:56,28.36,0,CEDI Pereira,Pereira,TCC,KMS26887093,9900,2026-06-17 14:00:10,Entregado,2026-06-16 23:20:56,True,1.0,1.181087962962963,True
PED001425,10,10,2026-05-16 06:42:59,2026-05-17 21:02:48,38.32,0,CEDI Bogotá,Bogotá D.C.,Envia,KMS47678073,10890,2026-05-17 22:42:59,Entregado,2026-05-17 21:02:48,True,1.0,1.5970949074074074,True
PED001426,10,10,2026-05-19 20:59:52,2026-05-21 12:07:15,39.12,0,CEDI Pereira,Pereira,Servientrega,KMS60397680,9900,2026-05-21 22:59:52,Entregado,2026-05-21 12:07:15,True,1.0,1.6301273148148148,True
PED001427,10,10,2026-01-09 23:52:30,2026-01-11 11:00:43,35.14,0,CEDI Bogotá,Bogotá D.C.,Envia,KMS74643123,15900,2026-01-11 15:52:30,Entregado,2026-01-11 11:00:43,True,1.0,1.4640393518518517,True
PED001428,10,10,2026-06-22 16:14:59,2026-06-23 20:03:10,27.79,0,CEDI Bogotá,Bogotá D.C.,Coordinadora,KMS57561558,9900,2026-06-24 08:14:59,Entregado,2026-06-23 20:03:10,True,1.0,1.158460648148148,True
PED001429,10,10,2026-03-28 21:40:33,2026-03-29 12:21:49,14.68,0,CEDI Bogotá,Bogotá D.C.,Servientrega,KMS49221356,20790,2026-03-30 06:40:33,Entregado,2026-03-29 12:21:49,True,1.0,0.6119907407407408,True
PED001430,10,10,2026-06-20 06:29:11,2026-06-21 14:15:31,31.759999999999998,1,CEDI Medellín,Medellín,Envia,KMS25854827,11900,2026-06-22 04:29:11,Entregado,2026-06-21 14:15:31,True,1.0,1.3238425925925925,True
PED001431,10,10,2026-03-26 17:56:40,2026-03-28 15:17:11,45.33,0,CEDI Bogotá,Bogotá D.C.,Coordinadora,KMS20135528,15290,2026-03-28 09:56:40,Entregado,2026-03-28 15:17:11,True,0.0,1.8892476851851852,True
PED001432,10,10,2026-06-05 00:46:16,2026-06-06 22:33:41,45.78,0,CEDI Pereira,Pereira,Envia,KMS56765640,11900,2026-06-07 02:46:16,Entregado,2026-06-06 22:33:41,True,1.0,1.9079282407407407,True
PED001433,10,10,2026-02-11 11:43:02,2026-02-13 07:46:58,44.06,1,CEDI Cali,Cali,TCC,KMS10738857,18900,2026-02-13 11:43:02,Entregado,2026-02-13 07:46:58,True,1.0,1.8360648148148149,True
PED001434,10,10,2026-01-20 20:43:11,2026-01-22 03:40:34,30.96,0,CEDI Bogotá,Bogotá D.C.,Servientrega,KMS68169937,9790,2026-01-22 12:43:11,Entregado,2026-01-22 03:40:34,True,1.0,1.289849537037037,True
PED001435,10,10,2026-05-05 01:38:22,2026-05-06 10:48:10,33.16,0,CEDI Cali,Cali,Envia,KMS10819572,8900,2026-05-07 01:38:22,Entregado,2026-05-06 10:48:10,True,1.0,1.3818055555555555,True
PED001436,10,10,2026-03-08 21:27:58,2026-03-09 17:51:00,20.39,0,CEDI Bogotá,Bogotá D.C.,Inter Rapidísimo,KMS85568977,11900,2026-03-10 06:27:58,Entregado,2026-03-09 17:51:00,True,1.0,0.8493287037037037,True
PED001437,10,10,2026-01-04 16:29:50,2026-01-06 01:11:27,32.7,0,CEDI Bogotá,Bogotá D.C.,Coordinadora,KMS93062202,13090,2026-01-06 08:29:50,Entregado,2026-01-06 01:11:27,True,1.0,1.3622337962962963,True
PED001438,10,10,2026-03-04 22:12:34,2026-03-05 21:51:54,23.66,0,CEDI Bogotá,Bogotá D.C.,Servientrega,KMS50468283,11900,2026-03-06 07:12:34,Entregado,2026-03-05 21:51:54,True,1.0,0.9856481481481482,True
PED001439,10,10,2026-06-24 23:24:25,2026-06-27 00:02:21,48.63,0,CEDI Cali,Cali,Inter Rapidísimo,KMS64091113,8900,2026-06-26 23:24:25,Entregado,2026-06-27 00:02:21,True,0.0,2.0263425925925924,True
PED001440,10,10,2026-04-12 14:36:37,2026-04-13 14:50:12,24.21,0,CEDI Medellín,Medellín,TCC,KMS75356509,9790,2026-04-14 12:36:37,Entregado,2026-04-13 14:50:12,True,1.0,1.0094328703703703,True
PED001441,10,10,2026-02-18 07:43:44,2026-02-19 08:23:50,24.67,0,CEDI Bogotá,Bogotá D.C.,Inter Rapidísimo,KMS61098759,15900,2026-02-19 16:43:44,Entregado,2026-02-19 08:23:50,True,1.0,1.0278472222222221,True
PED001442,10,10,2026-02-15 14:56:18,2026-02-17 00:25:07,33.48,0,CEDI Pereira,Pereira,Coordinadora,KMS83426656,13900,2026-02-17 16:56:18,Entregado,2026-02-17 00:25:07,True,1.0,1.395011574074074,True
PED001443,10,10,2026-05-03 12:48:07,2026-05-05 01:28:34,36.67,0,CEDI Bucaramanga,Bucaramanga,TCC,KMS71872807,13900,2026-05-05 16:48:07,Entregado,2026-05-05 01:28:34,True,1.0,1.5280902777777778,True
PED001444,10,10,2026-06-06 23:29:08,2026-06-09 10:12:21,58.73,0,CEDI Barranquilla,Barranquilla,TCC,KMS31296076,11900,2026-06-09 09:29:08,Entregado,2026-06-09 10:12:21,True,0.0,2.4466782407407406,True
PED001445,10,10,2026-05-11 01:08:42,2026-05-12 23:43:50,46.58,0,CEDI Pereira,Pereira,Coordinadora,KMS84809585,11900,2026-05-13 03:08:42,Entregado,2026-05-12 23:43:50,True,1.0,1.9410648148148149,True
PED001446,10,10,2026-03-16 16:08:32,2026-03-18 03:09:12,35.01,1,CEDI Pereira,Pereira,Servientrega,KMS71513518,11900,2026-03-18 18:08:32,Entregado,2026-03-18 03:09:12,True,1.0,1.4587962962962964,True
PED001447,10,10,2026-01-01 17:51:00,2026-01-02 18:23:16,24.54,0,CEDI Bogotá,Bogotá D.C.,Envia,KMS51748519,17490,2026-01-03 09:51:00,Entregado,2026-01-02 18:23:16,True,1.0,1.0224074074074074,True
PED001448,10,10,2026-01-27 13:24:23,2026-01-29 21:38:16,56.23,0,CEDI Medellín,Medellín,Servientrega,KMS85932011,11900,2026-01-29 11:24:23,Entregado,2026-01-29 21:38:16,True,0.0,2.342974537037037,True
PED001449,10,10,2026-02-17 09:48:07,2026-02-18 10:26:25,24.64,0,CEDI Bogotá,Bogotá D.C.,Envia,KMS40973876,13900,2026-02-19 01:48:07,Entregado,2026-02-18 10:26:25,True,1.0,1.0265972222222222,True
PED001450,10,10,2026-02-13 23:39:33,2026-02-15 09:12:15,33.55,0,CEDI Pereira,Pereira,Envia,KMS84609774,8900,2026-02-16 01:39:33,Entregado,2026-02-15 09:12:15,True,1.0,1.3977083333333333,True
PED001451,10,10,2026-05-27 12:54:58,2026-05-29 12:04:51,47.16,1,CEDI Bogotá,Bogotá D.C.,Servientrega,KMS17389380,8900,2026-05-29 04:54:58,Entregado,2026-05-29 12:04:51,True,0.0,1.9651967592592592,True
PED001452,10,10,2026-02-14 12:56:46,2026-02-16 04:32:37,39.61,0,CEDI Cali,Cali,TCC,KMS84599457,13900,2026-02-16 12:56:46,Entregado,2026-02-16 04:32:37,True,1.0,1.6498958333333333,True
PED001453,10,10,2026-01-25 16:07:46,2026-01-26 17:20:49,25.22,0,CEDI Cali,Cali,Servientrega,KMS73472972,10890,2026-01-27 16:07:46,Entregado,2026-01-26 17:20:49,True,1.0,1.0507291666666667,True
PED001454,10,10,2026-02-21 00:58:37,2026-02-22 12:42:15,35.73,0,CEDI Barranquilla,Barranquilla,Servientrega,KMS21614695,11900,2026-02-23 03:58:37,Entregado,2026-02-22 12:42:15,True,1.0,1.4886342592592592,True
PED001455,10,10,2026-05-07 06:29:55,2026-05-08 12:46:12,30.279999999999998,0,CEDI Bogotá,Bogotá D.C.,Servientrega,KMS22394108,15290,2026-05-08 22:29:55,Entregado,2026-05-08 12:46:12,True,1.0,1.2613078703703704,True
PED001456,9,9,2026-06-18 03:46:02,2026-06-19 14:07:18,33.66,0,CEDI Bogotá,Bogotá D.C.,TCC,KMS27844748,13900,2026-06-19 19:46:02,Entregado,2026-06-19 14:07:18,True,1.0,1.4314351851851852,False
PED001457,10,10,2026-02-11 13:05:32,2026-02-13 05:29:59,40.41,0,CEDI Bucaramanga,Bucaramanga,Inter Rapidísimo,KMS19807483,18900,2026-02-13 17:05:32,Entregado,2026-02-13 05:29:59,True,1.0,1.6836458333333333,True
PED001458,10,10,2026-02-27 11:27:13,2026-03-01 05:20:24,41.89,0,CEDI Cali,Cali,Envia,KMS29342924,13900,2026-03-01 11:27:13,Entregado,2026-03-01 05:20:24,True,1.0,1.7452662037037037,True
PED001459,10,10,2026-06-14 01:31:29,2026-06-15 04:19:53,26.810000000000002,0,CEDI Pereira,Pereira,Coordinadora,KMS93707237,8900,2026-06-16 03:31:29,Entregado,2026-06-15 04:19:53,True,1.0,1.1169444444444445,True
PED001460,10,10,2026-04-10 01:36:11,2026-04-11 15:52:29,38.28,0,CEDI Cali,Cali,TCC,KMS67974308,8900,2026-04-12 01:36:11,Entregado,2026-04-11 15:52:29,True,1.0,1.5946527777777777,True
PED001461,10,10,2026-01-05 05:21:25,2026-01-06 05:41:22,24.34,0,CEDI Bogotá,Bogotá D.C.,Coordinadora,KMS69486361,11900,2026-01-06 14:21:25,Entregado,2026-01-06 05:41:22,True,1.0,1.0138541666666667,True
PED001462,10,10,2026-06-05 08:32:04,2026-06-06 17:19:30,32.8,0,CEDI Bucaramanga,Bucaramanga,Envia,KMS25775832,18900,2026-06-07 05:32:04,Entregado,2026-06-06 17:19:30,True,1.0,1.366273148148148,True
PED001463,10,10,2026-03-08 15:04:17,2026-03-09 21:16:04,30.189999999999998,0,CEDI Bogotá,Bogotá D.C.,Servientrega,KMS97876007,13900,2026-03-10 07:04:17,Entregado,2026-03-09 21:16:04,True,1.0,1.2581828703703704,True
PED001464,10,10,2026-01-24 01:59:55,2026-01-25 12:05:22,34.08,0,CEDI Medellín,Medellín,Envia,KMS82460507,11900,2026-01-25 23:59:55,Entregado,2026-01-25 12:05:22,True,1.0,1.420451388888889,True
PED001465,10,10,2026-03-10 03:09:01,2026-03-11 22:38:42,43.48,0,CEDI Bogotá,Bogotá D.C.,TCC,KMS71561589,15900,2026-03-11 19:09:01,Entregado,2026-03-11 22:38:42,True,0.0,1.8122800925925926,True
PED001466,10,10,2026-02-26 08:46:24,2026-02-28 15:21:18,54.59,0,CEDI Medellín,Medellín,Inter Rapidísimo,KMS77173714,9790,2026-02-28 06:46:24,Entregado,2026-02-28 15:21:18,True,0.0,2.274236111111111,True
PED001467,10,10,2026-04-15 17:59:55,2026-04-17 08:30:22,38.51,0,CEDI Bucaramanga,Bucaramanga,Coordinadora,KMS59172845,11900,2026-04-17 21:59:55,Entregado,2026-04-17 08:30:22,True,1.0,1.6044791666666667,True
PED001468,10,10,2026-04-18 21:22:05,2026-04-19 07:23:32,10.02,0,CEDI Bogotá,Bogotá D.C.,Servientrega,KMS30278355,18900,2026-04-20 06:22:05,Entregado,2026-04-19 07:23:32,True,1.0,0.4176736111111111,True
PED001469,10,10,2026-01-04 20:34:50,2026-01-05 20:01:22,23.45,0,CEDI Cali,Cali,Coordinadora,KMS85055887,15900,2026-01-06 20:34:50,Entregado,2026-01-05 20:01:22,True,1.0,0.9767592592592592,True
PED001470,10,10,2026-01-24 11:22:03,2026-01-26 08:49:40,45.45,0,CEDI Barranquilla,Barranquilla,Envia,KMS12874238,9900,2026-01-26 21:22:03,Entregado,2026-01-26 08:49:40,True,1.0,1.8941782407407408,True
PED001471,10,10,2026-04-01 19:16:54,2026-04-04 03:34:42,56.3,0,CEDI Bucaramanga,Bucaramanga,TCC,KMS20002865,11900,2026-04-03 23:16:54,Entregado,2026-04-04 03:34:42,True,0.0,2.3456944444444443,True
PED001472,10,10,2026-03-13 22:02:15,2026-03-16 15:52:10,65.83,0,CEDI Bucaramanga,Bucaramanga,Envia,KMS34121021,9900,2026-03-15 19:02:15,Entregado,2026-03-16 15:52:10,True,0.0,2.7429976851851854,True
PED001473,10,10,2026-06-28 16:18:44,2026-06-30 17:46:20,49.45,1,CEDI Barranquilla,Barranquilla,TCC,KMS39380563,13900,2026-07-01 02:18:44,Entregado,2026-06-30 17:46:20,True,1.0,2.0608333333333335,True
PED001474,10,10,2026-05-01 02:22:50,2026-05-03 01:46:52,47.4,0,CEDI Cali,Cali,Envia,KMS96268525,10890,2026-05-03 02:22:50,Entregado,2026-05-03 01:46:52,True,1.0,1.9750231481481482,True
PED001475,10,10,2026-03-01 00:46:33,2026-03-02 08:37:11,31.85,0,CEDI Bogotá,Bogotá D.C.,Servientrega,KMS76065460,8900,2026-03-02 16:46:33,Entregado,2026-03-02 08:37:11,True,1.0,1.3268287037037036,True
PED001476,10,10,2026-06-04 23:50:58,2026-06-05 20:47:17,20.95,0,CEDI Cali,Cali,Inter Rapidísimo,KMS35136968,15900,2026-06-06 16:50:58,Entregado,2026-06-05 20:47:17,True,1.0,0.8724421296296296,True
PED001477,10,10,2026-03-22 04:44:58,2026-03-23 12:05:35,31.330000000000002,0,CEDI Bucaramanga,Bucaramanga,Inter Rapidísimo,KMS50225402,13900,2026-03-24 08:44:58,Entregado,2026-03-23 12:05:35,True,1.0,1.3059837962962964,True
PED001478,10,10,2026-03-14 04:18:16,2026-03-16 01:31:30,45.22,0,CEDI Bogotá,Bogotá D.C.,Inter Rapidísimo,KMS68147692,15290,2026-03-15 20:18:16,Entregado,2026-03-16 01:31:30,True,0.0,1.8841898148148148,True
PED001479,10,10,2026-03-02 14:25:27,2026-03-03 12:59:29,22.560000000000002,0,CEDI Bogotá,Bogotá D.C.,TCC,KMS60755269,18900,2026-03-04 06:25:27,Entregado,2026-03-03 12:59:29,True,1.0,0.940300925925926,True
PED001480,10,10,2026-05-02 11:49:06,2026-05-04 01:41:53,37.88,0,CEDI Cali,Cali,Servientrega,KMS41898862,11900,2026-05-04 11:49:06,Entregado,2026-05-04 01:41:53,True,1.0,1.5783217592592593,True
PED001481,10,10,2026-03-04 10:54:18,2026-03-06 06:42:48,43.82,0,CEDI Barranquilla,Barranquilla,Envia,KMS83848595,18900,2026-03-06 13:54:18,Entregado,2026-03-06 06:42:48,True,1.0,1.8253472222222222,True
PED001482,10,10,2026-06-03 06:06:35,2026-06-05 03:47:06,45.67,1,CEDI Bucaramanga,Bucaramanga,Envia,KMS96112808,15900,2026-06-05 10:06:35,Entregado,2026-06-05 03:47:06,True,1.0,1.903136574074074,True
PED001483,10,10,2026-05-09 23:52:05,2026-05-11 01:59:41,26.130000000000003,0,CEDI Bogotá,Bogotá D.C.,Envia,KMS66939135,15900,2026-05-11 15:52:05,Entregado,2026-05-11 01:59:41,True,1.0,1.0886111111111112,True
PED001484,10,10,2026-05-26 08:26:09,2026-05-28 17:18:42,56.879999999999995,0,CEDI Cali,Cali,TCC,KMS78583631,13900,2026-05-28 01:26:09,Entregado,2026-05-28 17:18:42,True,0.0,2.369826388888889,True
PED001485,10,10,2026-05-06 12:11:08,2026-05-07 21:10:14,32.98,0,CEDI Bogotá,Bogotá D.C.,Coordinadora,KMS46958073,17490,2026-05-08 04:11:08,Entregado,2026-05-07 21:10:14,True,1.0,1.374375,True
PED001486,10,10,2026-01-24 05:11:26,2026-01-25 10:16:17,29.080000000000002,0,CEDI Bogotá,Bogotá D.C.,Inter Rapidísimo,KMS16970768,18900,2026-01-25 21:11:26,Entregado,2026-01-25 10:16:17,True,1.0,1.2117013888888888,True
PED001487,9,9,2026-01-01 12:30:46,2026-01-02 21:34:31,33.07,0,CEDI Pereira,Pereira,Inter Rapidísimo,KMS16293542,11900,2026-01-03 14:30:46,En ruta de entrega,,False,,,False
PED001488,10,10,2026-02-27 04:04:42,2026-02-28 09:12:05,29.13,0,CEDI Bogotá,Bogotá D.C.,Servientrega,KMS15699736,9790,2026-02-28 20:04:42,Entregado,2026-02-28 09:12:05,True,1.0,1.2134606481481482,True
PED001489,10,10,2026-05-18 10:22:41,2026-05-19 23:51:26,37.48,0,CEDI Medellín,Medellín,Servientrega,KMS77612602,15900,2026-05-20 08:22:41,Entregado,2026-05-19 23:51:26,True,1.0,1.5616319444444444,True
PED001490,10,10,2026-01-18 06:03:28,2026-01-19 03:22:29,21.3,0,CEDI Medellín,Medellín,Inter Rapidísimo,KMS68713689,9790,2026-01-19 21:03:28,Entregado,2026-01-19 03:22:29,True,1.0,0.8882060185185185,True
PED001491,10,10,2026-06-30 12:13:36,2026-07-01 16:44:46,28.53,0,CEDI Medellín,Medellín,Servientrega,KMS49031085,17490,2026-07-02 10:13:36,Entregado,2026-07-01 16:44:46,True,1.0,1.1883101851851852,True
PED001492,10,10,2026-04-24 21:09:35,2026-04-26 05:33:31,32.41,0,CEDI Medellín,Medellín,TCC,KMS60973953,18900,2026-04-26 12:09:35,Entregado,2026-04-26 05:33:31,True,1.0,1.3499537037037037,True
PED001493,10,10,2026-03-12 22:30:24,2026-03-15 00:51:07,50.33,0,CEDI Medellín,Medellín,Inter Rapidísimo,KMS51194574,20790,2026-03-14 13:30:24,Entregado,2026-03-15 00:51:07,True,0.0,2.0977199074074075,True
PED001494,10,10,2026-02-21 14:10:32,2026-02-24 00:07:10,57.93,0,CEDI Bucaramanga,Bucaramanga,Coordinadora,KMS76689810,9900,2026-02-23 18:10:32,Entregado,2026-02-24 00:07:10,True,0.0,2.4143287037037036,True
PED001495,10,10,2026-06-09 20:42:14,2026-06-11 03:27:47,30.77,0,CEDI Bogotá,Bogotá D.C.,Envia,KMS89219744,8900,2026-06-11 12:42:14,Entregado,2026-06-11 03:27:47,True,1.0,1.2816319444444444,True
PED001496,10,10,2026-06-19 20:26:00,2026-06-20 23:44:47,27.3,0,CEDI Barranquilla,Barranquilla,Coordinadora,KMS14798404,15900,2026-06-21 23:26:00,Entregado,2026-06-20 23:44:47,True,1.0,1.1380439814814816,True
PED001497,10,10,2026-06-09 00:04:09,2026-06-11 15:46:20,63.71,0,CEDI Cali,Cali,Servientrega,KMS75582925,17490,2026-06-11 00:04:09,Entregado,2026-06-11 15:46:20,True,0.0,2.6542939814814814,True
PED001498,10,10,2026-05-19 22:14:24,2026-05-21 04:28:24,30.22,0,CEDI Bogotá,Bogotá D.C.,Servientrega,KMS49795199,9790,2026-05-21 14:14:24,Entregado,2026-05-21 04:28:24,True,1.0,1.2597222222222222,True
PED001499,10,10,2026-02-27 03:02:39,2026-02-28 04:06:37,25.07,0,CEDI Cali,Cali,TCC,KMS41329421,15900,2026-02-28 20:02:39,Entregado,2026-02-28 04:06:37,True,1.0,1.0444212962962962,True
PED001500,10,10,2026-05-14 12:10:43,2026-05-15 23:44:40,35.59,0,CEDI Cali,Cali,Servientrega,KMS11773710,9900,2026-05-16 12:10:43,Entregado,2026-05-15 23:44:40,True,1.0,1.4819097222222222,True
PED001501,10,10,2026-04-02 22:23:40,2026-04-04 03:35:54,29.2,0,CEDI Medellín,Medellín,Servientrega,KMS58340166,15900,2026-04-04 20:23:40,Entregado,2026-04-04 03:35:54,True,1.0,1.2168287037037038,True
PED001502,10,10,2026-06-10 08:36:33,2026-06-11 16:17:03,31.68,0,CEDI Bucaramanga,Bucaramanga,Coordinadora,KMS84007526,15290,2026-06-12 05:36:33,Entregado,2026-06-11 16:17:03,True,1.0,1.3197916666666667,True
PED001503,10,10,2026-04-08 07:45:14,2026-04-10 23:31:45,63.78,0,CEDI Cali,Cali,TCC,KMS74632973,20790,2026-04-10 07:45:14,Entregado,2026-04-10 23:31:45,True,0.0,2.657303240740741,True
PED001504,10,10,2026-02-09 20:12:34,2026-02-10 08:45:01,12.55,0,CEDI Medellín,Medellín,Coordinadora,KMS54835092,9900,2026-02-11 11:12:34,Entregado,2026-02-10 08:45:01,True,1.0,0.5225347222222222,True
PED001505,10,10,2026-06-05 13:52:21,2026-06-07 05:18:43,39.44,0,CEDI Bogotá,Bogotá D.C.,Coordinadora,KMS88755851,18900,2026-06-07 05:52:21,Entregado,2026-06-07 05:18:43,True,1.0,1.6433101851851852,True
PED001506,10,10,2026-03-23 18:24:31,2026-03-26 05:20:31,58.92,0,CEDI Cali,Cali,Envia,KMS10488096,20790,2026-03-25 11:24:31,Entregado,2026-03-26 05:20:31,True,0.0,2.4555555555555557,True
PED001507,10,10,2026-04-19 09:05:51,2026-04-20 23:13:37,38.120000000000005,0,CEDI Barranquilla,Barranquilla,Inter Rapidísimo,KMS67180105,18900,2026-04-21 19:05:51,Entregado,2026-04-20 23:13:37,True,1.0,1.5887268518518518,True
PED001508,10,10,2026-06-28 15:03:35,2026-06-30 02:48:04,35.730000000000004,0,CEDI Medellín,Medellín,Servientrega,KMS14460194,11900,2026-06-30 06:03:35,Entregado,2026-06-30 02:48:04,True,1.0,1.489224537037037,True
PED001509,10,10,2026-03-02 07:15:22,2026-03-04 02:19:48,43.07,0,CEDI Cali,Cali,Coordinadora,KMS71779193,18900,2026-03-04 07:15:22,Entregado,2026-03-04 02:19:48,True,1.0,1.7947453703703704,True
PED001510,10,10,2026-04-29 13:38:05,2026-05-02 05:29:38,63.839999999999996,0,CEDI Pereira,Pereira,TCC,KMS76056443,18900,2026-05-01 15:38:05,Entregado,2026-05-02 05:29:38,True,0.0,2.6607986111111113,True
PED001511,10,10,2026-04-02 04:17:37,2026-04-03 12:30:47,32.24,0,CEDI Bogotá,Bogotá D.C.,Inter Rapidísimo,KMS79548051,11900,2026-04-03 20:17:37,Entregado,2026-04-03 12:30:47,True,1.0,1.342476851851852,True
PED001512,10,10,2026-06-17 19:52:09,2026-06-18 23:56:22,28.06,0,CEDI Bucaramanga,Bucaramanga,TCC,KMS48416842,9900,2026-06-19 23:52:09,Entregado,2026-06-18 23:56:22,True,1.0,1.1695949074074075,True
PED001513,10,10,2026-05-10 01:16:36,2026-05-10 22:34:30,21.29,0,CEDI Bogotá,Bogotá D.C.,Envia,KMS59267526,11900,2026-05-11 17:16:36,Entregado,2026-05-10 22:34:30,True,1.0,0.8874305555555555,True
PED001514,10,10,2026-03-30 12:20:56,2026-04-01 06:38:00,42.3,0,CEDI Cali,Cali,Inter Rapidísimo,KMS67604802,11900,2026-04-01 05:20:56,Entregado,2026-04-01 06:38:00,True,0.0,1.7618518518518518,True
PED001515,10,10,2026-04-13 17:39:43,2026-04-15 16:00:56,46.370000000000005,0,CEDI Cali,Cali,Envia,KMS60386962,9900,2026-04-15 10:39:43,Entregado,2026-04-15 16:00:56,True,0.0,1.9314004629629629,True
PED001516,10,10,2026-02-07 22:38:55,2026-02-08 23:05:22,24.44,0,CEDI Bogotá,Bogotá D.C.,TCC,KMS93513210,17490,2026-02-09 14:38:55,Entregado,2026-02-08 23:05:22,True,1.0,1.0183680555555557,True
PED001517,10,10,2026-01-31 09:34:02,2026-02-01 16:01:22,30.439999999999998,0,CEDI Bogotá,Bogotá D.C.,Coordinadora,KMS60517729,11900,2026-02-02 01:34:02,Entregado,2026-02-01 16:01:22,True,1.0,1.2689814814814815,True
PED001518,10,10,2026-05-30 02:07:19,2026-05-31 05:58:53,27.86,0,CEDI Medellín,Medellín,TCC,KMS28864612,13090,2026-05-31 17:07:19,Entregado,2026-05-31 05:58:53,True,1.0,1.160810185185185,True
PED001519,10,10,2026-04-05 00:17:22,2026-04-06 05:38:33,29.36,0,CEDI Bogotá,Bogotá D.C.,Servientrega,KMS26084314,8900,2026-04-06 09:17:22,Entregado,2026-04-06 05:38:33,True,1.0,1.2230439814814815,True
PED001520,10,10,2026-06-27 13:35:49,2026-06-28 06:25:03,16.82,0,CEDI Bogotá,Bogotá D.C.,Envia,KMS76779138,15900,2026-06-29 05:35:49,Entregado,2026-06-28 06:25:03,True,1.0,0.7008564814814815,True
PED001521,10,10,2026-04-07 22:43:42,2026-04-09 23:46:34,49.04,0,CEDI Medellín,Medellín,Coordinadora,KMS46057276,18900,2026-04-09 20:43:42,Entregado,2026-04-09 23:46:34,True,0.0,2.0436574074074074,True
PED001522,10,10,2026-04-05 04:44:53,2026-04-06 23:44:12,42.99,0,CEDI Bucaramanga,Bucaramanga,Coordinadora,KMS53793651,8900,2026-04-07 08:44:53,Entregado,2026-04-06 23:44:12,True,1.0,1.7911921296296296,True
PED001523,10,10,2026-01-22 05:39:43,2026-01-23 04:31:35,22.86,0,CEDI Bogotá,Bogotá D.C.,TCC,KMS74992612,8900,2026-01-23 21:39:43,Entregado,2026-01-23 04:31:35,True,1.0,0.9526851851851852,True
PED001524,10,10,2026-05-12 07:27:24,2026-05-13 23:21:07,39.9,1,CEDI Cali,Cali,Servientrega,KMS28591916,15900,2026-05-14 07:27:24,Entregado,2026-05-13 23:21:07,True,1.0,1.6623032407407408,True
PED001525,10,10,2026-06-02 13:40:33,2026-06-03 11:56:02,22.27,0,CEDI Cali,Cali,Inter Rapidísimo,KMS86067032,11900,2026-06-04 06:40:33,Entregado,2026-06-03 11:56:02,True,1.0,0.9274189814814815,True
PED001526,10,10,2026-06-21 11:13:34,2026-06-23 10:37:23,47.41,0,CEDI Bogotá,Bogotá D.C.,Coordinadora,KMS46586273,9900,2026-06-22 20:13:34,Entregado,2026-06-23 10:37:23,True,0.0,1.9748726851851852,True
PED001527,10,10,2026-06-18 01:37:48,2026-06-19 12:54:47,35.28,0,CEDI Bogotá,Bogotá D.C.,Envia,KMS99868414,17490,2026-06-19 17:37:48,Entregado,2026-06-19 12:54:47,True,1.0,1.4701273148148148,True
PED001528,10,10,2026-05-03 04:08:24,2026-05-04 09:01:42,28.880000000000003,0,CEDI Bogotá,Bogotá D.C.,Coordinadora,KMS86497511,15290,2026-05-04 20:08:24,Entregado,2026-05-04 09:01:42,True,1.0,1.2036805555555556,True
PED001529,10,10,2026-03-02 19:11:56,2026-03-04 09:08:45,37.94,0,CEDI Pereira,Pereira,TCC,KMS21877335,9900,2026-03-04 14:11:56,Entregado,2026-03-04 09:08:45,True,1.0,1.5811226851851852,True
PED001530,10,10,2026-06-20 01:53:33,2026-06-21 19:27:41,41.57,0,CEDI Cali,Cali,Inter Rapidísimo,KMS16121094,18900,2026-06-22 01:53:33,Entregado,2026-06-21 19:27:41,True,1.0,1.732037037037037,True
PED001531,10,10,2026-01-20 03:58:18,2026-01-21 11:51:50,31.89,0,CEDI Bogotá,Bogotá D.C.,Coordinadora,KMS63126839,13900,2026-01-21 19:58:18,Entregado,2026-01-21 11:51:50,True,1.0,1.3288425925925926,True
PED001532,10,10,2026-01-23 10:53:12,2026-01-24 12:32:50,25.66,0,CEDI Bucaramanga,Bucaramanga,Coordinadora,KMS61569143,10890,2026-01-25 07:53:12,Entregado,2026-01-24 12:32:50,True,1.0,1.069189814814815,True
PED001533,10,10,2026-04-12 22:46:19,2026-04-14 02:56:12,28.16,0,CEDI Bogotá,Bogotá D.C.,Inter Rapidísimo,KMS78688376,11900,2026-04-14 14:46:19,Entregado,2026-04-14 02:56:12,True,1.0,1.1735300925925927,True
PED001534,10,10,2026-04-10 10:09:30,2026-04-12 02:14:46,40.09,0,CEDI Cali,Cali,Coordinadora,KMS31359260,11900,2026-04-12 10:09:30,Entregado,2026-04-12 02:14:46,True,1.0,1.6703240740740741,True
PED001535,10,10,2026-02-14 02:05:21,2026-02-14 18:31:30,16.43,0,CEDI Bogotá,Bogotá D.C.,Inter Rapidísimo,KMS15751073,11900,2026-02-15 18:05:21,Entregado,2026-02-14 18:31:30,True,1.0,0.6848263888888889,True
PED001536,10,10,2026-04-22 05:50:20,2026-04-23 15:02:13,33.2,1,CEDI Bucaramanga,Bucaramanga,Servientrega,KMS27525109,9900,2026-04-24 02:50:20,Entregado,2026-04-23 15:02:13,True,1.0,1.3832523148148148,True
PED001537,10,10,2026-01-29 04:06:32,2026-01-29 22:38:58,18.55,0,CEDI Bogotá,Bogotá D.C.,Servientrega,KMS72062431,9900,2026-01-30 13:06:32,Entregado,2026-01-29 22:38:58,True,1.0,0.7725231481481482,True
PED001538,10,10,2026-05-23 17:57:18,2026-05-25 02:51:11,32.89,0,CEDI Bogotá,Bogotá D.C.,TCC,KMS21851494,8900,2026-05-25 09:57:18,Entregado,2026-05-25 02:51:11,True,1.0,1.3707523148148149,True
PED001539,10,10,2026-01-28 04:33:05,2026-01-29 23:09:20,42.6,0,CEDI Barranquilla,Barranquilla,TCC,KMS13154116,18900,2026-01-30 07:33:05,Entregado,2026-01-29 23:09:20,True,1.0,1.7751736111111112,True
PED001540,10,10,2026-05-18 15:49:46,2026-05-19 07:31:46,15.7,0,CEDI Bogotá,Bogotá D.C.,Envia,KMS71310527,9900,2026-05-20 07:49:46,Entregado,2026-05-19 07:31:46,True,1.0,0.6541666666666667,True
PED001541,10,10,2026-03-28 03:21:53,2026-03-29 18:50:53,39.49,0,CEDI Medellín,Medellín,Coordinadora,KMS53118531,8900,2026-03-30 01:21:53,Entregado,2026-03-29 18:50:53,True,1.0,1.645138888888889,True
PED001542,10,10,2026-03-03 08:21:00,2026-03-04 17:00:37,32.65,1,CEDI Bogotá,Bogotá D.C.,TCC,KMS75125123,13900,2026-03-05 00:21:00,Entregado,2026-03-04 17:00:37,True,1.0,1.3608449074074074,True
PED001543,10,10,2026-05-04 11:32:11,2026-05-06 03:35:52,40.06,0,CEDI Medellín,Medellín,Servientrega,KMS11942960,11900,2026-05-06 09:32:11,Entregado,2026-05-06 03:35:52,True,1.0,1.669224537037037,True
PED001544,10,10,2026-06-30 01:55:14,2026-07-02 04:35:10,50.66,0,CEDI Bucaramanga,Bucaramanga,Servientrega,KMS54179289,15900,2026-07-01 22:55:14,Entregado,2026-07-02 04:35:10,True,0.0,2.111064814814815,True
PED001545,10,10,2026-01-06 18:29:31,2026-01-07 13:59:55,19.509999999999998,1,CEDI Bogotá,Bogotá D.C.,Coordinadora,KMS32323063,15900,2026-01-08 10:29:31,Entregado,2026-01-07 13:59:55,True,1.0,0.8127777777777778,True
PED001546,10,10,2026-01-15 01:31:14,2026-01-16 19:53:20,42.36,0,CEDI Bucaramanga,Bucaramanga,Servientrega,KMS91062600,11900,2026-01-17 05:31:14,Entregado,2026-01-16 19:53:20,True,1.0,1.7653472222222222,True
PED001547,10,10,2026-06-04 17:01:42,2026-06-05 22:41:28,29.669999999999998,0,CEDI Bogotá,Bogotá D.C.,Inter Rapidísimo,KMS12501368,10890,2026-06-06 09:01:42,Entregado,2026-06-05 22:41:28,True,1.0,1.2359490740740742,True
PED001548,10,10,2026-01-28 16:12:36,2026-01-29 17:12:31,24.990000000000002,0,CEDI Bucaramanga,Bucaramanga,Servientrega,KMS30900899,10890,2026-01-30 13:12:36,Entregado,2026-01-29 17:12:31,True,1.0,1.0416087962962963,True
PED001549,10,10,2026-01-12 07:53:33,2026-01-14 17:37:47,57.74,1,CEDI Medellín,Medellín,Envia,KMS94619071,9900,2026-01-13 22:53:33,Entregado,2026-01-14 17:37:47,True,0.0,2.4057175925925924,True
PED001550,10,10,2026-02-04 10:42:06,2026-02-05 14:34:22,27.88,0,CEDI Bogotá,Bogotá D.C.,Inter Rapidísimo,KMS56722174,11900,2026-02-06 02:42:06,Entregado,2026-02-05 14:34:22,True,1.0,1.1612962962962963,True
PED001551,10,10,2026-03-30 10:07:51,2026-03-31 13:34:00,27.439999999999998,0,CEDI Pereira,Pereira,Envia,KMS41354685,13090,2026-04-01 12:07:51,Entregado,2026-03-31 13:34:00,True,1.0,1.1431597222222223,True
PED001552,10,10,2026-05-18 22:52:41,2026-05-19 14:58:36,16.1,0,CEDI Bogotá,Bogotá D.C.,Envia,KMS30939544,17490,2026-05-20 07:52:41,Entregado,2026-05-19 14:58:36,True,1.0,0.670775462962963,True
PED001553,10,10,2026-02-11 18:51:31,2026-02-12 20:35:44,25.73,0,CEDI Cali,Cali,Servientrega,KMS72474003,8900,2026-02-13 18:51:31,Entregado,2026-02-12 20:35:44,True,1.0,1.0723726851851851,True
PED001554,10,10,2026-04-02 16:46:41,2026-04-03 09:08:07,16.36,0,CEDI Bogotá,Bogotá D.C.,TCC,KMS21895522,11900,2026-04-04 01:46:41,Entregado,2026-04-03 09:08:07,True,1.0,0.6815509259259259,True
PED001555,10,10,2026-06-18 12:39:37,2026-06-20 21:02:54,56.39,0,CEDI Barranquilla,Barranquilla,Servientrega,KMS34583125,11900,2026-06-20 15:39:37,Entregado,2026-06-20 21:02:54,True,0.0,2.349502314814815,True
PED001556,10,10,2026-02-18 19:22:26,2026-02-21 21:44:30,74.37,0,CEDI Medellín,Medellín,Envia,KMS86077600,10890,2026-02-20 17:22:26,Entregado,2026-02-21 21:44:30,True,0.0,3.0986574074074076,True
PED001557,10,10,2026-06-30 00:33:10,2026-06-30 23:23:14,22.83,0,CEDI Bogotá,Bogotá D.C.,Envia,KMS76388874,13090,2026-07-01 16:33:10,Entregado,2026-06-30 23:23:14,True,1.0,0.9514351851851852,True
PED001558,10,10,2026-01-24 04:36:43,2026-01-26 05:43:36,49.11,0,CEDI Bucaramanga,Bucaramanga,Envia,KMS88824317,15900,2026-01-26 08:36:43,Entregado,2026-01-26 05:43:36,True,1.0,2.0464467592592595,True
PED001559,10,10,2026-02-03 03:52:39,2026-02-05 00:26:03,44.54,0,CEDI Barranquilla,Barranquilla,Inter Rapidísimo,KMS36510557,15900,2026-02-05 13:52:39,Entregado,2026-02-05 00:26:03,True,1.0,1.8565277777777778,True
PED001560,10,10,2026-04-13 16:46:41,2026-04-15 07:56:56,39.18,0,CEDI Medellín,Medellín,Coordinadora,KMS21898696,13090,2026-04-15 14:46:41,Entregado,2026-04-15 07:56:56,True,1.0,1.6321180555555554,True
PED001561,10,10,2026-01-02 23:28:59,2026-01-05 08:38:46,57.17,0,CEDI Cali,Cali,TCC,KMS16841768,15290,2026-01-04 16:28:59,Entregado,2026-01-05 08:38:46,True,0.0,2.3817939814814815,True
PED001562,10,10,2026-04-02 09:18:03,2026-04-04 01:12:29,39.9,0,CEDI Bucaramanga,Bucaramanga,Envia,KMS21186439,18900,2026-04-04 13:18:03,Entregado,2026-04-04 01:12:29,True,1.0,1.662800925925926,True
PED001563,10,10,2026-03-24 00:45:00,2026-03-25 03:59:35,27.25,0,CEDI Cali,Cali,TCC,KMS48346441,15900,2026-03-25 17:45:00,Entregado,2026-03-25 03:59:35,True,1.0,1.1351273148148149,True
PED001564,10,10,2026-03-10 19:41:34,2026-03-11 21:40:43,25.98,0,CEDI Bogotá,Bogotá D.C.,Servientrega,KMS60722251,9900,2026-03-12 11:41:34,Entregado,2026-03-11 21:40:43,True,1.0,1.0827430555555555,True
PED001565,10,10,2026-04-12 03:21:28,2026-04-13 04:25:04,25.06,0,CEDI Cali,Cali,Coordinadora,KMS11461927,8900,2026-04-14 03:21:28,Entregado,2026-04-13 04:25:04,True,1.0,1.0441666666666667,True
PED001566,10,10,2026-06-16 19:06:19,2026-06-18 16:52:18,45.769999999999996,0,CEDI Barranquilla,Barranquilla,Envia,KMS33661354,10890,2026-06-19 05:06:19,Entregado,2026-06-18 16:52:18,True,1.0,1.9069328703703703,True
PED001567,10,10,2026-06-07 07:47:51,2026-06-08 04:09:48,20.36,0,CEDI Medellín,Medellín,TCC,KMS14730719,13900,2026-06-09 05:47:51,Entregado,2026-06-08 04:09:48,True,1.0,0.8485763888888889,True
PED001568,10,10,2026-03-21 11:11:10,2026-03-23 04:17:14,41.1,0,CEDI Cali,Cali,Servientrega,KMS11819727,17490,2026-03-23 11:11:10,Entregado,2026-03-23 04:17:14,True,1.0,1.7125462962962963,True
PED001569,10,10,2026-02-04 23:56:59,2026-02-05 23:06:15,23.16,0,CEDI Cali,Cali,Coordinadora,KMS85404410,9900,2026-02-06 16:56:59,Entregado,2026-02-05 23:06:15,True,1.0,0.9647685185185185,True
PED001570,10,10,2026-06-07 12:02:24,2026-06-08 21:16:14,33.22,0,CEDI Medellín,Medellín,Inter Rapidísimo,KMS99644382,11900,2026-06-09 10:02:24,Entregado,2026-06-08 21:16:14,True,1.0,1.3846064814814816,True
PED001571,10,10,2026-02-06 05:30:24,2026-02-07 19:26:18,37.93,0,CEDI Medellín,Medellín,Envia,KMS38184873,15900,2026-02-08 03:30:24,Entregado,2026-02-07 19:26:18,True,1.0,1.580486111111111,True
PED001572,10,10,2026-03-26 00:28:44,2026-03-26 20:07:39,19.66,0,CEDI Bogotá,Bogotá D.C.,TCC,KMS13805925,18900,2026-03-27 16:28:44,Entregado,2026-03-26 20:07:39,True,1.0,0.8186921296296297,True
PED001573,10,10,2026-05-13 04:49:00,2026-05-15 01:43:16,44.9,0,CEDI Bucaramanga,Bucaramanga,Coordinadora,KMS83918935,9900,2026-05-15 08:49:00,Entregado,2026-05-15 01:43:16,True,1.0,1.8710185185185184,True
PED001574,10,10,2026-06-23 23:22:53,2026-06-25 13:46:28,38.38,0,CEDI Barranquilla,Barranquilla,Inter Rapidísimo,KMS23614848,17490,2026-06-26 09:22:53,Entregado,2026-06-25 13:46:28,True,1.0,1.5997106481481482,True
PED001575,10,10,2026-03-24 18:10:18,2026-03-25 13:32:52,19.38,0,CEDI Bogotá,Bogotá D.C.,TCC,KMS71950923,20790,2026-03-26 03:10:18,Entregado,2026-03-25 13:32:52,True,1.0,0.807337962962963,True
PED001576,10,10,2026-01-02 18:49:57,2026-01-04 01:43:21,30.91,1,CEDI Medellín,Medellín,Servientrega,KMS14082606,8900,2026-01-04 09:49:57,Entregado,2026-01-04 01:43:21,True,1.0,1.2870833333333334,True
PED001577,10,10,2026-05-20 03:06:47,2026-05-21 11:51:15,32.74,0,CEDI Bogotá,Bogotá D.C.,Inter Rapidísimo,KMS21891561,13090,2026-05-21 19:06:47,Entregado,2026-05-21 11:51:15,True,1.0,1.364212962962963,True
PED001578,10,10,2026-05-12 21:49:31,2026-05-13 17:37:29,19.8,0,CEDI Bogotá,Bogotá D.C.,Coordinadora,KMS75398060,11900,2026-05-14 13:49:31,Entregado,2026-05-13 17:37:29,True,1.0,0.8249768518518519,True
PED001579,10,10,2026-04-28 12:39:01,2026-04-30 04:45:40,40.12,0,CEDI Cali,Cali,Inter Rapidísimo,KMS20156741,10890,2026-04-30 12:39:01,Entregado,2026-04-30 04:45:40,True,1.0,1.6712847222222222,True
PED001580,10,10,2026-03-27 00:15:31,2026-03-28 18:34:39,42.32,0,CEDI Bogotá,Bogotá D.C.,Coordinadora,KMS35445157,9900,2026-03-28 16:15:31,Entregado,2026-03-28 18:34:39,True,0.0,1.763287037037037,True
PED001581,10,10,2026-03-09 11:42:48,2026-03-10 23:12:21,35.49,1,CEDI Barranquilla,Barranquilla,Servientrega,KMS64282323,8900,2026-03-11 21:42:48,Entregado,2026-03-10 23:12:21,True,1.0,1.4788541666666666,True
PED001582,10,10,2026-04-12 00:39:57,2026-04-13 16:23:45,39.74,0,CEDI Cali,Cali,Coordinadora,KMS48257605,15900,2026-04-14 00:39:57,Entregado,2026-04-13 16:23:45,True,1.0,1.6554166666666668,True
PED001583,10,10,2026-03-05 12:53:52,2026-03-06 14:46:58,25.88,0,CEDI Cali,Cali,TCC,KMS59473241,13900,2026-03-07 12:53:52,Entregado,2026-03-06 14:46:58,True,1.0,1.0785416666666667,True
PED001584,10,10,2026-02-06 16:02:11,2026-02-07 08:24:21,16.380000000000003,0,CEDI Bogotá,Bogotá D.C.,Servientrega,KMS53783277,10890,2026-02-08 01:02:11,Entregado,2026-02-07 08:24:21,True,1.0,0.6820601851851852,True
PED001585,10,10,2026-02-08 20:35:28,2026-02-09 18:33:45,21.98,0,CEDI Bogotá,Bogotá D.C.,TCC,KMS84473966,18900,2026-02-10 12:35:28,Entregado,2026-02-09 18:33:45,True,1.0,0.9154745370370371,True
PED001586,10,10,2026-05-28 11:43:55,2026-05-29 05:58:19,18.240000000000002,0,CEDI Bogotá,Bogotá D.C.,Envia,KMS20315547,15900,2026-05-29 20:43:55,Entregado,2026-05-29 05:58:19,True,1.0,0.76,True
PED001587,10,10,2026-02-21 02:53:50,2026-02-22 06:42:38,27.83,0,CEDI Bogotá,Bogotá D.C.,Inter Rapidísimo,KMS61062305,11900,2026-02-22 11:53:50,Entregado,2026-02-22 06:42:38,True,1.0,1.1588888888888889,True
PED001588,10,10,2026-04-06 20:24:39,2026-04-09 03:40:10,55.269999999999996,0,CEDI Cali,Cali,Inter Rapidísimo,KMS92216912,20790,2026-04-08 20:24:39,Entregado,2026-04-09 03:40:10,True,0.0,2.30244212962963,True
PED001589,10,10,2026-04-11 02:36:01,2026-04-12 09:41:17,31.1,0,CEDI Bogotá,Bogotá D.C.,Coordinadora,KMS48691840,13900,2026-04-12 18:36:01,Entregado,2026-04-12 09:41:17,True,1.0,1.2953240740740741,True
PED001590,10,10,2026-03-15 17:49:40,2026-03-16 14:35:52,20.76,0,CEDI Bogotá,Bogotá D.C.,Servientrega,KMS69147923,13900,2026-03-17 09:49:40,Entregado,2026-03-16 14:35:52,True,1.0,0.8654166666666666,True
PED001591,10,10,2026-02-12 06:39:50,2026-02-14 06:46:12,48.099999999999994,1,CEDI Medellín,Medellín,Coordinadora,KMS75808245,15290,2026-02-14 04:39:50,Entregado,2026-02-14 06:46:12,True,0.0,2.004421296296296,True
PED001592,10,10,2026-05-05 06:34:56,2026-05-07 09:03:47,50.47,0,CEDI Cali,Cali,Envia,KMS49109929,18900,2026-05-06 23:34:56,Entregado,2026-05-07 09:03:47,True,0.0,2.1033680555555554,True
PED001593,10,10,2026-01-15 23:53:16,2026-01-17 20:46:30,44.89,0,CEDI Cali,Cali,Envia,KMS77873015,10890,2026-01-17 23:53:16,Entregado,2026-01-17 20:46:30,True,1.0,1.870300925925926,True
PED001594,10,10,2026-01-19 06:11:07,2026-01-20 08:20:35,26.16,0,CEDI Bucaramanga,Bucaramanga,Servientrega,KMS83768693,15900,2026-01-21 03:11:07,Entregado,2026-01-20 08:20:35,True,1.0,1.0899074074074073,True
PED001595,10,10,2026-05-13 22:50:26,2026-05-14 21:44:13,22.89,0,CEDI Pereira,Pereira,Envia,KMS93777179,20790,2026-05-15 17:50:26,Entregado,2026-05-14 21:44:13,True,1.0,0.9540162037037037,True
PED001596,10,10,2026-01-10 14:09:29,2026-01-12 11:07:59,44.96,0,CEDI Pereira,Pereira,Inter Rapidísimo,KMS42743543,9900,2026-01-12 16:09:29,Entregado,2026-01-12 11:07:59,True,1.0,1.8739583333333334,True
PED001597,10,10,2026-05-07 13:03:20,2026-05-09 00:07:50,35.07,0,CEDI Barranquilla,Barranquilla,Servientrega,KMS94863074,18900,2026-05-09 23:03:20,Entregado,2026-05-09 00:07:50,True,1.0,1.4614583333333333,True
PED001598,9,9,2026-06-22 23:56:36,2026-06-24 03:55:02,24.689999999999998,0,CEDI Bucaramanga,Bucaramanga,Servientrega,KMS52611753,9790,2026-06-24 20:56:36,Entregado,2026-06-24 03:55:02,True,1.0,1.1655787037037038,False
PED001599,10,10,2026-02-22 15:18:25,2026-02-23 19:34:35,28.259999999999998,0,CEDI Bogotá,Bogotá D.C.,Coordinadora,KMS84938023,10890,2026-02-24 07:18:25,Entregado,2026-02-23 19:34:35,True,1.0,1.1778935185185184,True
PED001600,10,10,2026-01-20 00:38:59,2026-01-21 16:18:01,39.65,0,CEDI Bogotá,Bogotá D.C.,Envia,KMS58627840,9790,2026-01-21 16:38:59,Entregado,2026-01-21 16:18:01,True,1.0,1.6521064814814814,True
PED001601,10,10,2026-02-05 15:37:36,2026-02-07 17:36:41,50.0,0,CEDI Bucaramanga,Bucaramanga,Coordinadora,KMS50484781,15900,2026-02-07 19:37:36,Entregado,2026-02-07 17:36:41,True,1.0,2.0826967592592593,True
PED001602,10,10,2026-02-24 14:55:22,2026-02-25 15:52:23,24.95,0,CEDI Bogotá,Bogotá D.C.,Inter Rapidísimo,KMS79619411,18900,2026-02-26 06:55:22,Entregado,2026-02-25 15:52:23,True,1.0,1.0395949074074073,True
PED001603,10,10,2026-06-29 15:09:35,2026-06-30 20:57:19,29.79,0,CEDI Bogotá,Bogotá D.C.,Servientrega,KMS17662120,20790,2026-07-01 00:09:35,Entregado,2026-06-30 20:57:19,True,1.0,1.2414814814814814,True
PED001604,10,10,2026-03-07 09:39:52,2026-03-08 08:32:52,22.89,0,CEDI Bogotá,Bogotá D.C.,TCC,KMS56051996,17490,2026-03-09 01:39:52,Entregado,2026-03-08 08:32:52,True,1.0,0.9534722222222223,True
PED001605,10,10,2026-01-05 15:09:09,2026-01-06 09:17:05,18.13,0,CEDI Bogotá,Bogotá D.C.,Servientrega,KMS76654996,15900,2026-01-07 00:09:09,Entregado,2026-01-06 09:17:05,True,1.0,0.7555092592592593,True
PED001606,10,10,2026-04-04 15:30:37,2026-04-06 01:01:25,33.49,0,CEDI Cali,Cali,Coordinadora,KMS87712105,15900,2026-04-06 15:30:37,Entregado,2026-04-06 01:01:25,True,1.0,1.396388888888889,True
PED001607,10,10,2026-01-03 19:24:14,2026-01-05 04:27:26,33.06,0,CEDI Medellín,Medellín,Servientrega,KMS12962531,17490,2026-01-05 17:24:14,Entregado,2026-01-05 04:27:26,True,1.0,1.3772222222222221,True
PED001608,10,10,2026-02-22 09:53:46,2026-02-23 13:52:13,27.97,0,CEDI Medellín,Medellín,Inter Rapidísimo,KMS33230444,13900,2026-02-24 00:53:46,Entregado,2026-02-23 13:52:13,True,1.0,1.1655902777777778,True
PED001609,10,10,2026-06-10 07:22:24,2026-06-11 16:25:12,33.04,0,CEDI Bucaramanga,Bucaramanga,Envia,KMS44034996,15900,2026-06-12 11:22:24,Entregado,2026-06-11 16:25:12,True,1.0,1.3769444444444445,True
PED001610,10,10,2026-01-15 06:27:45,2026-01-16 14:41:54,32.24,0,CEDI Bogotá,Bogotá D.C.,Inter Rapidísimo,KMS45983330,15900,2026-01-16 15:27:45,Entregado,2026-01-16 14:41:54,True,1.0,1.3431597222222222,True
PED001611,10,10,2026-02-07 23:34:06,2026-02-09 17:27:00,41.88,1,CEDI Barranquilla,Barranquilla,Inter Rapidísimo,KMS46409724,11900,2026-02-10 09:34:06,Entregado,2026-02-09 17:27:00,True,1.0,1.7450694444444443,True
PED001612,10,10,2026-02-23 03:58:24,2026-02-24 04:32:29,24.57,0,CEDI Medellín,Medellín,TCC,KMS29915772,10890,2026-02-25 01:58:24,Entregado,2026-02-24 04:32:29,True,1.0,1.0236689814814814,True
PED001613,10,10,2026-02-15 09:07:16,2026-02-15 23:24:56,14.3,0,CEDI Bogotá,Bogotá D.C.,Coordinadora,KMS54198676,18900,2026-02-16 18:07:16,Entregado,2026-02-15 23:24:56,True,1.0,0.5956018518518519,True
PED001614,10,10,2026-01-10 15:10:47,2026-01-11 22:38:58,31.46,0,CEDI Pereira,Pereira,Envia,KMS47414661,9900,2026-01-12 10:10:47,Entregado,2026-01-11 22:38:58,True,1.0,1.311238425925926,True
PED001615,10,10,2026-03-06 22:37:26,2026-03-08 17:33:25,42.93,0,CEDI Barranquilla,Barranquilla,Envia,KMS93890610,13900,2026-03-09 08:37:26,Entregado,2026-03-08 17:33:25,True,1.0,1.7888773148148147,True
PED001616,10,10,2026-02-07 14:26:46,2026-02-09 07:05:43,40.65,0,CEDI Bucaramanga,Bucaramanga,Coordinadora,KMS33402349,9790,2026-02-09 18:26:46,Entregado,2026-02-09 07:05:43,True,1.0,1.6937152777777778,True
PED001617,10,10,2026-06-11 07:00:22,2026-06-12 14:54:42,31.9,0,CEDI Cali,Cali,TCC,KMS93103212,13900,2026-06-13 07:00:22,Entregado,2026-06-12 14:54:42,True,1.0,1.329398148148148,True
PED001618,9,9,2026-01-10 23:56:17,2026-01-12 07:04:58,23.6,0,CEDI Pereira,Pereira,Servientrega,KMS97646297,8900,2026-01-13 01:56:17,Entregado,2026-01-12 07:04:58,True,1.0,1.2976967592592592,False
PED001619,10,10,2026-06-25 02:04:33,2026-06-27 01:12:38,47.16,0,CEDI Cali,Cali,Inter Rapidísimo,KMS86745574,9790,2026-06-27 02:04:33,Entregado,2026-06-27 01:12:38,True,1.0,1.9639467592592592,True
PED001620,10,10,2026-06-28 20:52:40,2026-06-30 03:20:47,30.49,0,CEDI Cali,Cali,Coordinadora,KMS57579506,20790,2026-06-30 13:52:40,Entregado,2026-06-30 03:20:47,True,1.0,1.2695254629629629,True
PED001621,10,10,2026-06-09 23:37:48,2026-06-12 19:19:39,67.68,0,CEDI Medellín,Medellín,Envia,KMS27258389,9900,2026-06-11 21:37:48,Entregado,2026-06-12 19:19:39,True,0.0,2.8207291666666667,True
PED001622,10,10,2026-04-04 11:52:09,2026-04-06 15:45:35,51.9,0,CEDI Barranquilla,Barranquilla,Envia,KMS81494836,9900,2026-04-06 21:52:09,Entregado,2026-04-06 15:45:35,True,1.0,2.1621064814814814,True
PED001623,10,10,2026-02-25 21:26:17,2026-02-27 05:37:56,32.2,0,CEDI Bucaramanga,Bucaramanga,Servientrega,KMS93980240,13900,2026-02-28 01:26:17,Entregado,2026-02-27 05:37:56,True,1.0,1.341423611111111,True
PED001624,10,10,2026-04-03 20:50:05,2026-04-05 07:03:24,34.22,0,CEDI Pereira,Pereira,TCC,KMS51318597,8900,2026-04-05 22:50:05,Entregado,2026-04-05 07:03:24,True,1.0,1.4259143518518518,True
PED001625,10,10,2026-02-03 11:02:33,2026-02-05 03:33:15,40.52,0,CEDI Bucaramanga,Bucaramanga,TCC,KMS29432793,20790,2026-02-05 15:02:33,Entregado,2026-02-05 03:33:15,True,1.0,1.6879861111111112,True
PED001626,10,10,2026-06-06 22:26:03,2026-06-07 15:03:59,16.64,0,CEDI Bogotá,Bogotá D.C.,Coordinadora,KMS66740214,8900,2026-06-08 07:26:03,Entregado,2026-06-07 15:03:59,True,1.0,0.6930092592592593,True
PED001627,10,10,2026-01-11 10:58:25,2026-01-12 13:21:06,26.38,0,CEDI Bogotá,Bogotá D.C.,Coordinadora,KMS31925718,15900,2026-01-12 19:58:25,Entregado,2026-01-12 13:21:06,True,1.0,1.0990856481481481,True
PED001628,10,10,2026-01-02 17:50:53,2026-01-04 17:06:22,47.26,0,CEDI Cali,Cali,TCC,KMS49193261,10890,2026-01-04 17:50:53,Entregado,2026-01-04 17:06:22,True,1.0,1.9690856481481482,True
PED001629,10,10,2026-02-18 15:10:28,2026-02-19 18:51:24,27.68,0,CEDI Cali,Cali,Inter Rapidísimo,KMS79150760,11900,2026-02-20 08:10:28,Entregado,2026-02-19 18:51:24,True,1.0,1.1534259259259259,True
PED001630,10,10,2026-05-12 19:06:38,2026-05-14 16:11:15,45.08,0,CEDI Cali,Cali,Envia,KMS99177474,8900,2026-05-14 19:06:38,Entregado,2026-05-14 16:11:15,True,1.0,1.8782060185185185,True
PED001631,10,10,2026-05-25 11:16:06,2026-05-26 15:17:26,28.02,0,CEDI Pereira,Pereira,Envia,KMS98359895,11900,2026-05-27 06:16:06,Entregado,2026-05-26 15:17:26,True,1.0,1.1675925925925925,True
PED001632,10,10,2026-01-10 22:12:09,2026-01-12 09:45:40,35.56,0,CEDI Pereira,Pereira,Coordinadora,KMS99272129,18900,2026-01-12 17:12:09,Entregado,2026-01-12 09:45:40,True,1.0,1.4816087962962963,True
PED001633,10,10,2026-04-30 05:49:22,2026-05-01 16:17:35,34.47,0,CEDI Medellín,Medellín,Envia,KMS71597418,15900,2026-05-02 03:49:22,Entregado,2026-05-01 16:17:35,True,1.0,1.436261574074074,True
PED001634,10,10,2026-02-12 09:23:05,2026-02-13 21:26:49,36.06,0,CEDI Pereira,Pereira,Servientrega,KMS91066001,8900,2026-02-14 11:23:05,Entregado,2026-02-13 21:26:49,True,1.0,1.5025925925925927,True
PED001635,10,10,2026-03-15 22:58:39,2026-03-17 05:11:09,30.21,1,CEDI Bogotá,Bogotá D.C.,Inter Rapidísimo,KMS10653857,13900,2026-03-17 07:58:39,Entregado,2026-03-17 05:11:09,True,1.0,1.2586805555555556,True
PED001636,10,10,2026-01-21 17:39:42,2026-01-23 06:47:02,37.11,0,CEDI Cali,Cali,Coordinadora,KMS18358327,8900,2026-01-23 17:39:42,Entregado,2026-01-23 06:47:02,True,1.0,1.5467592592592592,True
PED001637,10,10,2026-03-10 12:39:32,2026-03-11 10:57:01,22.29,0,CEDI Medellín,Medellín,Inter Rapidísimo,KMS54568248,15900,2026-03-12 10:39:32,Entregado,2026-03-11 10:57:01,True,1.0,0.9288078703703704,True
PED001638,9,9,2026-02-23 09:44:22,2026-02-24 02:02:54,16.32,1,CEDI Bogotá,Bogotá D.C.,Servientrega,KMS20618620,13900,2026-02-24 18:44:22,En ruta de entrega,,False,,,False
PED001639,10,10,2026-03-30 04:22:40,2026-04-02 02:58:41,70.6,0,CEDI Cali,Cali,Inter Rapidísimo,KMS56746035,13900,2026-03-31 21:22:40,Entregado,2026-04-02 02:58:41,True,0.0,2.9416782407407407,True
PED001640,10,10,2026-02-12 05:39:40,2026-02-13 11:25:56,29.77,0,CEDI Bogotá,Bogotá D.C.,TCC,KMS52976833,17490,2026-02-13 21:39:40,Entregado,2026-02-13 11:25:56,True,1.0,1.2404629629629629,True
PED001641,10,10,2026-03-10 00:38:33,2026-03-11 17:06:50,40.47,0,CEDI Pereira,Pereira,Servientrega,KMS21303742,13900,2026-03-11 19:38:33,Entregado,2026-03-11 17:06:50,True,1.0,1.6863078703703704,True
PED001642,10,10,2026-04-30 17:32:27,2026-05-02 21:59:38,52.45,0,CEDI Barranquilla,Barranquilla,TCC,KMS50053269,9900,2026-05-03 03:32:27,Entregado,2026-05-02 21:59:38,True,1.0,2.1855439814814814,True
PED001643,10,10,2026-04-05 22:02:58,2026-04-07 06:44:40,32.699999999999996,0,CEDI Bogotá,Bogotá D.C.,Inter Rapidísimo,KMS98753711,11900,2026-04-07 14:02:58,Entregado,2026-04-07 06:44:40,True,1.0,1.3622916666666667,True
PED001644,10,10,2026-03-29 00:31:21,2026-03-30 20:01:12,43.49,0,CEDI Bogotá,Bogotá D.C.,Envia,KMS62908598,9900,2026-03-30 16:31:21,Entregado,2026-03-30 20:01:12,True,0.0,1.8123958333333334,True
PED001645,10,10,2026-04-05 15:05:10,2026-04-07 12:41:08,45.59,0,CEDI Cali,Cali,Envia,KMS69128088,18900,2026-04-07 15:05:10,Entregado,2026-04-07 12:41:08,True,1.0,1.8999768518518518,True
PED001646,10,10,2026-05-25 16:21:09,2026-05-27 10:01:40,41.68,0,CEDI Cali,Cali,Coordinadora,KMS83526776,17490,2026-05-27 16:21:09,Entregado,2026-05-27 10:01:40,True,1.0,1.7364699074074075,True
PED001647,10,10,2026-02-19 08:27:26,2026-02-20 19:25:40,34.96,0,CEDI Medellín,Medellín,Envia,KMS57728962,9790,2026-02-21 06:27:26,Entregado,2026-02-20 19:25:40,True,1.0,1.4571064814814816,True
PED001648,10,10,2026-04-18 13:52:09,2026-04-20 20:59:45,55.13,0,CEDI Bucaramanga,Bucaramanga,Envia,KMS66208313,15290,2026-04-20 10:52:09,Entregado,2026-04-20 20:59:45,True,0.0,2.2969444444444442,True
PED001649,10,10,2026-03-12 16:55:23,2026-03-14 21:18:07,52.39,0,CEDI Bucaramanga,Bucaramanga,Coordinadora,KMS91063140,18900,2026-03-14 20:55:23,Entregado,2026-03-14 21:18:07,True,0.0,2.1824537037037035,True
PED001650,10,10,2026-03-24 13:12:59,2026-03-25 19:56:15,30.73,0,CEDI Bogotá,Bogotá D.C.,Coordinadora,KMS94621671,18900,2026-03-26 05:12:59,Entregado,2026-03-25 19:56:15,True,1.0,1.2800462962962964,True
PED001651,10,10,2026-01-20 09:42:45,2026-01-22 13:48:27,52.1,0,CEDI Cali,Cali,Coordinadora,KMS16596081,11900,2026-01-22 02:42:45,Entregado,2026-01-22 13:48:27,True,0.0,2.170625,True
PED001652,10,10,2026-04-03 21:03:36,2026-04-05 11:25:28,38.36,0,CEDI Cali,Cali,Envia,KMS46831274,9900,2026-04-05 21:03:36,Entregado,2026-04-05 11:25:28,True,1.0,1.5985185185185184,True
PED001653,10,10,2026-06-05 23:13:11,2026-06-07 09:18:15,34.09,0,CEDI Cali,Cali,Envia,KMS79938895,17490,2026-06-07 23:13:11,Entregado,2026-06-07 09:18:15,True,1.0,1.4201851851851852,True
PED001654,10,10,2026-01-19 02:22:36,2026-01-20 09:57:07,31.57,0,CEDI Cali,Cali,Envia,KMS69075297,15290,2026-01-20 19:22:36,Entregado,2026-01-20 09:57:07,True,1.0,1.315636574074074,True
PED001655,10,10,2026-03-09 07:32:52,2026-03-11 03:48:20,44.269999999999996,0,CEDI Barranquilla,Barranquilla,Envia,KMS87805597,11900,2026-03-11 10:32:52,Entregado,2026-03-11 03:48:20,True,1.0,1.844074074074074,True
PED001656,10,10,2026-02-25 10:50:58,2026-02-26 19:07:51,32.28,0,CEDI Medellín,Medellín,Coordinadora,KMS52644008,18900,2026-02-27 08:50:58,Entregado,2026-02-26 19:07:51,True,1.0,1.3450578703703704,True
PED001657,10,10,2026-01-09 03:18:45,2026-01-10 06:16:08,26.939999999999998,0,CEDI Bogotá,Bogotá D.C.,TCC,KMS52735561,18900,2026-01-10 19:18:45,Entregado,2026-01-10 06:16:08,True,1.0,1.1231828703703703,True
PED001658,10,10,2026-04-30 15:38:30,2026-05-02 08:32:33,40.89,0,CEDI Barranquilla,Barranquilla,Servientrega,KMS64301804,8900,2026-05-02 18:38:30,Entregado,2026-05-02 08:32:33,True,1.0,1.704201388888889,True
PED001659,10,10,2026-02-08 18:01:43,2026-02-09 23:52:59,29.86,0,CEDI Bogotá,Bogotá D.C.,TCC,KMS27077973,13900,2026-02-10 10:01:43,Entregado,2026-02-09 23:52:59,True,1.0,1.2439351851851852,True
PED001660,10,10,2026-02-19 15:58:59,2026-02-21 18:04:14,50.09,0,CEDI Bogotá,Bogotá D.C.,Servientrega,KMS39554708,9790,2026-02-21 07:58:59,Entregado,2026-02-21 18:04:14,True,0.0,2.0869791666666666,True
PED001661,10,10,2026-05-10 07:46:26,2026-05-12 00:04:00,40.29,0,CEDI Medellín,Medellín,Servientrega,KMS88405964,9900,2026-05-11 22:46:26,Entregado,2026-05-12 00:04:00,True,0.0,1.6788657407407408,True
PED001662,10,10,2026-05-17 15:15:48,2026-05-18 19:03:53,27.810000000000002,0,CEDI Pereira,Pereira,Coordinadora,KMS55154403,17490,2026-05-19 10:15:48,Entregado,2026-05-18 19:03:53,True,1.0,1.1583912037037036,True
PED001663,10,10,2026-04-01 18:41:19,2026-04-03 08:36:54,37.93,0,CEDI Barranquilla,Barranquilla,TCC,KMS47490604,15900,2026-04-03 21:41:19,Entregado,2026-04-03 08:36:54,True,1.0,1.5802662037037036,True
PED001664,10,10,2026-04-15 00:33:42,2026-04-16 10:34:21,33.99,0,CEDI Medellín,Medellín,Coordinadora,KMS36018155,18900,2026-04-16 22:33:42,Entregado,2026-04-16 10:34:21,True,1.0,1.4171180555555556,True
PED001665,10,10,2026-01-24 09:06:02,2026-01-25 16:04:14,30.97,1,CEDI Cali,Cali,Coordinadora,KMS25045758,8900,2026-01-26 02:06:02,Entregado,2026-01-25 16:04:14,True,1.0,1.2904166666666668,True
PED001666,10,10,2026-02-03 20:00:13,2026-02-06 12:18:12,64.3,0,CEDI Bucaramanga,Bucaramanga,Servientrega,KMS23551734,18900,2026-02-06 00:00:13,Entregado,2026-02-06 12:18:12,True,0.0,2.6791550925925924,True
PED001667,10,10,2026-02-09 05:17:14,2026-02-10 14:02:27,32.76,1,CEDI Cali,Cali,Coordinadora,KMS30038907,18900,2026-02-11 05:17:14,Entregado,2026-02-10 14:02:27,True,1.0,1.3647337962962962,True
PED001668,10,10,2026-01-28 11:57:50,2026-01-30 16:53:38,52.93,0,CEDI Medellín,Medellín,TCC,KMS13506268,13900,2026-01-30 02:57:50,Entregado,2026-01-30 16:53:38,True,0.0,2.205416666666667,True
PED001669,10,10,2026-05-07 13:27:45,2026-05-10 00:53:32,59.43,0,CEDI Bogotá,Bogotá D.C.,Servientrega,KMS48485636,15290,2026-05-08 22:27:45,Entregado,2026-05-10 00:53:32,True,0.0,2.476238425925926,True
PED001670,10,10,2026-03-03 08:21:17,2026-03-04 20:38:18,36.28,0,CEDI Bogotá,Bogotá D.C.,TCC,KMS73103052,18900,2026-03-05 00:21:17,Entregado,2026-03-04 20:38:18,True,1.0,1.5118171296296297,True
PED001671,10,10,2026-05-12 01:12:05,2026-05-12 19:57:04,18.759999999999998,0,CEDI Medellín,Medellín,Envia,KMS44709725,15900,2026-05-13 16:12:05,Entregado,2026-05-12 19:57:04,True,1.0,0.781238425925926,True
PED001672,10,10,2026-06-03 04:18:54,2026-06-05 14:28:09,58.15,0,CEDI Pereira,Pereira,Coordinadora,KMS34320954,15900,2026-06-04 23:18:54,Entregado,2026-06-05 14:28:09,True,0.0,2.423090277777778,True
PED001673,10,10,2026-06-16 00:47:53,2026-06-17 11:25:15,34.62,0,CEDI Medellín,Medellín,Inter Rapidísimo,KMS45732459,8900,2026-06-17 22:47:53,Entregado,2026-06-17 11:25:15,True,1.0,1.4426157407407407,True
PED001674,10,10,2026-03-15 20:53:46,2026-03-18 08:24:12,59.51,0,CEDI Bucaramanga,Bucaramanga,TCC,KMS44187491,8900,2026-03-17 17:53:46,Entregado,2026-03-18 08:24:12,True,0.0,2.4794675925925924,True
PED001675,10,10,2026-04-18 04:36:11,2026-04-19 05:03:02,24.439999999999998,0,CEDI Cali,Cali,Coordinadora,KMS11921437,8900,2026-04-19 21:36:11,Entregado,2026-04-19 05:03:02,True,1.0,1.0186458333333333,True
PED001676,10,10,2026-01-06 17:46:56,2026-01-08 21:17:24,51.51,1,CEDI Barranquilla,Barranquilla,Envia,KMS74842235,9900,2026-01-08 20:46:56,Entregado,2026-01-08 21:17:24,True,0.0,2.1461574074074075,True
PED001677,10,10,2026-01-28 01:06:32,2026-01-29 13:39:20,36.56,1,CEDI Cali,Cali,Servientrega,KMS59747752,17490,2026-01-29 18:06:32,Entregado,2026-01-29 13:39:20,True,1.0,1.5227777777777778,True
PED001678,10,10,2026-01-25 00:51:40,2026-01-25 13:36:55,12.76,0,CEDI Bogotá,Bogotá D.C.,Coordinadora,KMS65422798,8900,2026-01-26 16:51:40,Entregado,2026-01-25 13:36:55,True,1.0,0.5314236111111111,True
PED001679,10,10,2026-05-09 20:51:02,2026-05-10 16:33:45,19.73,0,CEDI Bogotá,Bogotá D.C.,Envia,KMS69648329,18900,2026-05-11 05:51:02,Entregado,2026-05-10 16:33:45,True,1.0,0.8213310185185185,True
PED001680,10,10,2026-03-05 11:06:36,2026-03-07 09:57:36,46.86,0,CEDI Medellín,Medellín,Inter Rapidísimo,KMS72214291,9900,2026-03-07 09:06:36,Entregado,2026-03-07 09:57:36,True,0.0,1.9520833333333334,True
PED001681,10,10,2026-05-28 23:55:22,2026-05-30 05:04:25,29.14,0,CEDI Bogotá,Bogotá D.C.,Envia,KMS16930235,18900,2026-05-30 15:55:22,Entregado,2026-05-30 05:04:25,True,1.0,1.2146180555555555,True
PED001682,10,10,2026-04-04 17:43:46,2026-04-05 22:10:47,28.46,0,CEDI Medellín,Medellín,Envia,KMS97440832,15900,2026-04-06 08:43:46,Entregado,2026-04-05 22:10:47,True,1.0,1.1854282407407408,True
PED001683,10,10,2026-02-22 08:06:42,2026-02-23 16:58:25,32.86,1,CEDI Bogotá,Bogotá D.C.,Envia,KMS91442153,9900,2026-02-24 00:06:42,Entregado,2026-02-23 16:58:25,True,1.0,1.3692476851851851,True
PED001684,10,10,2026-06-07 00:46:01,2026-06-07 22:48:48,22.04,0,CEDI Bogotá,Bogotá D.C.,Inter Rapidísimo,KMS64122289,10890,2026-06-08 09:46:01,Entregado,2026-06-07 22:48:48,True,1.0,0.918599537037037,True
PED001685,10,10,2026-02-22 13:15:05,2026-02-23 13:16:05,24.03,0,CEDI Medellín,Medellín,Envia,KMS23983137,15900,2026-02-24 04:15:05,Entregado,2026-02-23 13:16:05,True,1.0,1.0006944444444446,True
PED001686,10,10,2026-03-03 21:22:27,2026-03-05 06:39:40,33.269999999999996,1,CEDI Barranquilla,Barranquilla,Envia,KMS93070480,15900,2026-03-06 00:22:27,Entregado,2026-03-05 06:39:40,True,1.0,1.3869560185185186,True
PED001687,10,10,2026-06-27 16:38:09,2026-06-29 23:02:14,54.400000000000006,0,CEDI Bogotá,Bogotá D.C.,Servientrega,KMS85111083,13900,2026-06-29 08:38:09,Entregado,2026-06-29 23:02:14,True,0.0,2.266724537037037,True
PED001688,10,10,2026-01-26 22:29:47,2026-01-28 14:05:19,39.59,0,CEDI Cali,Cali,Envia,KMS69995678,9790,2026-01-28 22:29:47,Entregado,2026-01-28 14:05:19,True,1.0,1.649675925925926,True
PED001689,10,10,2026-03-12 00:17:36,2026-03-14 07:50:54,55.56,1,CEDI Bogotá,Bogotá D.C.,TCC,KMS17924911,9900,2026-03-13 16:17:36,Entregado,2026-03-14 07:50:54,True,0.0,2.314791666666667,True
PED001690,10,10,2026-05-30 11:26:34,2026-05-31 13:38:06,26.19,0,CEDI Bogotá,Bogotá D.C.,Envia,KMS14726417,11900,2026-05-31 20:26:34,Entregado,2026-05-31 13:38:06,True,1.0,1.0913425925925926,True
PED001691,10,10,2026-02-21 09:07:15,2026-02-22 10:37:25,25.5,0,CEDI Medellín,Medellín,Coordinadora,KMS92542096,18900,2026-02-23 07:07:15,Entregado,2026-02-22 10:37:25,True,1.0,1.0626157407407408,True
PED001692,10,10,2026-01-19 09:47:34,2026-01-20 11:47:44,26.01,0,CEDI Bucaramanga,Bucaramanga,Servientrega,KMS97712868,15900,2026-01-21 13:47:34,Entregado,2026-01-20 11:47:44,True,1.0,1.083449074074074,True
PED001693,10,10,2026-02-07 22:38:41,2026-02-09 10:35:40,35.96,0,CEDI Bogotá,Bogotá D.C.,Coordinadora,KMS88633851,13090,2026-02-09 14:38:41,Entregado,2026-02-09 10:35:40,True,1.0,1.4979050925925925,True
PED001694,10,10,2026-01-06 10:00:42,2026-01-08 14:47:23,52.769999999999996,0,CEDI Bucaramanga,Bucaramanga,TCC,KMS44907073,8900,2026-01-08 14:00:42,Entregado,2026-01-08 14:47:23,True,0.0,2.199085648148148,True
PED001695,10,10,2026-02-13 15:28:21,2026-02-14 11:16:23,19.79,0,CEDI Bogotá,Bogotá D.C.,Envia,KMS89564667,18900,2026-02-15 00:28:21,Entregado,2026-02-14 11:16:23,True,1.0,0.8250231481481481,True
PED001696,10,10,2026-06-04 00:33:48,2026-06-05 10:28:07,33.91,0,CEDI Pereira,Pereira,Servientrega,KMS92390079,13090,2026-06-06 02:33:48,Entregado,2026-06-05 10:28:07,True,1.0,1.4127199074074075,True
PED001697,10,10,2026-03-06 11:00:31,2026-03-08 10:12:44,47.199999999999996,1,CEDI Bogotá,Bogotá D.C.,Coordinadora,KMS58268869,9790,2026-03-08 03:00:31,Entregado,2026-03-08 10:12:44,True,0.0,1.9668171296296297,True
PED001698,10,10,2026-02-18 21:16:45,2026-02-20 13:06:59,39.83,0,CEDI Bucaramanga,Bucaramanga,Envia,KMS16091471,11900,2026-02-21 01:16:45,Entregado,2026-02-20 13:06:59,True,1.0,1.6598842592592593,True
PED001699,10,10,2026-06-08 20:37:18,2026-06-10 20:32:54,47.93,0,CEDI Bucaramanga,Bucaramanga,Envia,KMS56714809,13090,2026-06-11 00:37:18,Entregado,2026-06-10 20:32:54,True,1.0,1.9969444444444444,True
PED001700,10,10,2026-06-20 17:49:48,2026-06-21 18:50:06,25.02,0,CEDI Medellín,Medellín,TCC,KMS72622403,18900,2026-06-22 15:49:48,Entregado,2026-06-21 18:50:06,True,1.0,1.041875,True
PED001701,10,10,2026-02-02 06:30:16,2026-02-04 14:02:12,55.53,0,CEDI Barranquilla,Barranquilla,TCC,KMS93476848,18900,2026-02-04 16:30:16,Entregado,2026-02-04 14:02:12,True,1.0,2.3138425925925925,True
PED001702,10,10,2026-03-08 17:35:52,2026-03-10 21:08:58,51.56,0,CEDI Cali,Cali,Envia,KMS59213842,18900,2026-03-10 17:35:52,Entregado,2026-03-10 21:08:58,True,0.0,2.147986111111111,True
PED001703,10,10,2026-04-23 06:14:42,2026-04-24 20:12:40,37.980000000000004,0,CEDI Cali,Cali,Coordinadora,KMS43890121,18900,2026-04-25 06:14:42,Entregado,2026-04-24 20:12:40,True,1.0,1.5819212962962963,True
PED001704,10,10,2026-04-09 04:19:52,2026-04-10 16:23:33,36.07,0,CEDI Bucaramanga,Bucaramanga,TCC,KMS49518802,15900,2026-04-11 08:19:52,Entregado,2026-04-10 16:23:33,True,1.0,1.5025578703703704,True
PED001705,10,10,2026-01-31 19:30:29,2026-02-02 00:16:52,28.759999999999998,0,CEDI Bucaramanga,Bucaramanga,Envia,KMS68234597,8900,2026-02-02 23:30:29,Entregado,2026-02-02 00:16:52,True,1.0,1.1988773148148149,True
PED001706,10,10,2026-03-27 02:22:09,2026-03-28 07:55:41,29.56,0,CEDI Cali,Cali,Inter Rapidísimo,KMS42461293,18900,2026-03-28 19:22:09,Entregado,2026-03-28 07:55:41,True,1.0,1.2316203703703703,True
PED001707,10,10,2026-01-04 03:29:30,2026-01-05 17:33:58,38.07,0,CEDI Medellín,Medellín,Coordinadora,KMS20571414,10890,2026-01-06 01:29:30,Entregado,2026-01-05 17:33:58,True,1.0,1.5864351851851852,True
PED001708,10,10,2026-01-22 21:45:30,2026-01-25 00:40:03,50.91,0,CEDI Barranquilla,Barranquilla,Coordinadora,KMS68221368,15900,2026-01-25 07:45:30,Entregado,2026-01-25 00:40:03,True,1.0,2.121215277777778,True
PED001709,10,10,2026-05-21 18:32:51,2026-05-23 10:41:49,40.15,0,CEDI Cali,Cali,Servientrega,KMS99229554,8900,2026-05-23 18:32:51,Entregado,2026-05-23 10:41:49,True,1.0,1.6728935185185185,True
PED001710,10,10,2026-01-16 20:57:55,2026-01-18 19:45:37,46.8,1,CEDI Barranquilla,Barranquilla,Servientrega,KMS96293321,18900,2026-01-19 06:57:55,Entregado,2026-01-18 19:45:37,True,1.0,1.9497916666666666,True
PED001711,10,10,2026-01-03 04:11:37,2026-01-05 17:22:34,61.18,0,CEDI Bogotá,Bogotá D.C.,Inter Rapidísimo,KMS68877919,8900,2026-01-04 20:11:37,Entregado,2026-01-05 17:22:34,True,0.0,2.5492708333333334,True
PED001712,10,10,2026-03-24 00:30:10,2026-03-26 21:19:37,68.83,0,CEDI Bogotá,Bogotá D.C.,Servientrega,KMS88699643,8900,2026-03-25 16:30:10,Entregado,2026-03-26 21:19:37,True,0.0,2.867673611111111,True
PED001713,10,10,2026-05-27 04:11:35,2026-05-29 01:38:22,45.45,0,CEDI Pereira,Pereira,Coordinadora,KMS44032524,15900,2026-05-29 06:11:35,Entregado,2026-05-29 01:38:22,True,1.0,1.893599537037037,True
PED001714,10,10,2026-01-07 23:54:09,2026-01-09 01:10:33,25.27,0,CEDI Cali,Cali,Envia,KMS52181148,11900,2026-01-09 23:54:09,Entregado,2026-01-09 01:10:33,True,1.0,1.0530555555555556,True
PED001715,10,10,2026-04-26 05:46:33,2026-04-27 16:07:51,34.37,1,CEDI Bogotá,Bogotá D.C.,Servientrega,KMS46125434,8900,2026-04-27 21:46:33,Entregado,2026-04-27 16:07:51,True,1.0,1.4314583333333333,True
PED001716,10,10,2026-01-26 14:01:48,2026-01-29 00:16:14,58.239999999999995,0,CEDI Bogotá,Bogotá D.C.,Servientrega,KMS17901754,18900,2026-01-28 06:01:48,Entregado,2026-01-29 00:16:14,True,0.0,2.426689814814815,True
PED001717,10,10,2026-02-04 06:12:09,2026-02-05 11:12:38,29.020000000000003,0,CEDI Bucaramanga,Bucaramanga,Inter Rapidísimo,KMS27789428,15900,2026-02-06 03:12:09,Entregado,2026-02-05 11:12:38,True,1.0,1.2086689814814815,True
PED001718,10,10,2026-05-05 05:28:10,2026-05-07 21:10:36,63.7,1,CEDI Cali,Cali,Envia,KMS85295747,8900,2026-05-06 22:28:10,Entregado,2026-05-07 21:10:36,True,0.0,2.6544675925925927,True
PED001719,10,10,2026-05-15 19:09:20,2026-05-17 16:04:10,44.92,0,CEDI Barranquilla,Barranquilla,Inter Rapidísimo,KMS16637041,9900,2026-05-18 05:09:20,Entregado,2026-05-17 16:04:10,True,1.0,1.871412037037037,True
PED001720,10,10,2026-02-18 15:12:58,2026-02-20 10:29:31,43.27,1,CEDI Bucaramanga,Bucaramanga,TCC,KMS99443244,8900,2026-02-20 12:12:58,Entregado,2026-02-20 10:29:31,True,1.0,1.8031597222222222,True
PED001721,10,10,2026-03-06 04:24:34,2026-03-07 01:38:24,21.22,0,CEDI Pereira,Pereira,Coordinadora,KMS16519455,9900,2026-03-07 23:24:34,Entregado,2026-03-07 01:38:24,True,1.0,0.8846064814814815,True
PED001722,10,10,2026-01-09 01:52:16,2026-01-10 12:18:46,34.440000000000005,0,CEDI Bogotá,Bogotá D.C.,Servientrega,KMS16791067,11900,2026-01-10 10:52:16,Entregado,2026-01-10 12:18:46,True,0.0,1.4350694444444445,True
PED001723,10,10,2026-03-02 04:51:56,2026-03-03 00:18:37,19.45,0,CEDI Bogotá,Bogotá D.C.,Servientrega,KMS24943998,9900,2026-03-03 13:51:56,Entregado,2026-03-03 00:18:37,True,1.0,0.8101967592592593,True
PED001724,10,10,2026-04-06 06:33:50,2026-04-08 03:00:12,44.43,0,CEDI Pereira,Pereira,TCC,KMS62336841,9900,2026-04-08 08:33:50,Entregado,2026-04-08 03:00:12,True,1.0,1.8516435185185185,True
PED001725,10,10,2026-06-20 22:20:54,2026-06-22 17:40:23,43.32,0,CEDI Bucaramanga,Bucaramanga,Inter Rapidísimo,KMS12325218,13900,2026-06-23 02:20:54,Entregado,2026-06-22 17:40:23,True,1.0,1.8051967592592593,True
PED001726,10,10,2026-04-10 12:48:53,2026-04-12 04:54:49,40.1,0,CEDI Cali,Cali,Envia,KMS61017088,9790,2026-04-12 12:48:53,Entregado,2026-04-12 04:54:49,True,1.0,1.670787037037037,True
PED001727,10,10,2026-06-25 15:59:20,2026-06-27 17:42:02,49.7,0,CEDI Barranquilla,Barranquilla,Servientrega,KMS97401671,9900,2026-06-28 01:59:20,Entregado,2026-06-27 17:42:02,True,1.0,2.0713194444444443,True
PED001728,10,10,2026-05-31 08:32:10,2026-06-02 14:33:13,54.019999999999996,0,CEDI Cali,Cali,Envia,KMS63360900,11900,2026-06-02 08:32:10,Entregado,2026-06-02 14:33:13,True,0.0,2.2507291666666664,True
PED001729,10,10,2026-01-14 02:08:38,2026-01-15 20:30:05,42.349999999999994,0,CEDI Barranquilla,Barranquilla,Coordinadora,KMS55511808,10890,2026-01-16 12:08:38,Entregado,2026-01-15 20:30:05,True,1.0,1.7648958333333333,True
PED001730,10,10,2026-05-01 09:00:31,2026-05-03 10:45:32,49.75,0,CEDI Bogotá,Bogotá D.C.,TCC,KMS14565073,17490,2026-05-03 01:00:31,Entregado,2026-05-03 10:45:32,True,0.0,2.072928240740741,True
PED001731,10,10,2026-04-07 21:39:15,2026-04-11 18:14:56,92.59,0,CEDI Barranquilla,Barranquilla,Envia,KMS16675567,9790,2026-04-10 07:39:15,Entregado,2026-04-11 18:14:56,True,0.0,3.858113425925926,True
PED001732,10,10,2026-06-28 09:56:45,2026-06-29 19:47:37,33.83,0,CEDI Cali,Cali,TCC,KMS37786928,9900,2026-06-30 02:56:45,Entregado,2026-06-29 19:47:37,True,1.0,1.4103240740740741,True
PED001733,10,10,2026-06-09 15:48:13,2026-06-11 00:33:02,32.74,0,CEDI Medellín,Medellín,Servientrega,KMS91361417,13090,2026-06-11 06:48:13,Entregado,2026-06-11 00:33:02,True,1.0,1.3644560185185186,True
PED001734,10,10,2026-05-29 18:55:31,2026-05-31 18:38:53,47.730000000000004,0,CEDI Medellín,Medellín,TCC,KMS16272230,8900,2026-05-31 09:55:31,Entregado,2026-05-31 18:38:53,True,0.0,1.9884490740740741,True
PED001735,10,10,2026-05-12 07:45:00,2026-05-15 01:08:55,65.42,0,CEDI Cali,Cali,TCC,KMS33897970,13900,2026-05-14 07:45:00,Entregado,2026-05-15 01:08:55,True,0.0,2.7249421296296297,True
PED001736,10,10,2026-05-09 11:09:01,2026-05-11 05:12:32,42.05,0,CEDI Cali,Cali,Inter Rapidísimo,KMS13388102,15900,2026-05-11 11:09:01,Entregado,2026-05-11 05:12:32,True,1.0,1.7524421296296295,True
PED001737,10,10,2026-05-15 08:42:57,2026-05-17 09:12:09,48.49,0,CEDI Barranquilla,Barranquilla,Coordinadora,KMS37150280,17490,2026-05-17 18:42:57,Entregado,2026-05-17 09:12:09,True,1.0,2.020277777777778,True
PED001738,10,10,2026-02-11 04:20:00,2026-02-12 19:45:06,39.42,0,CEDI Pereira,Pereira,Envia,KMS52141835,8900,2026-02-13 06:20:00,Entregado,2026-02-12 19:45:06,True,1.0,1.6424305555555556,True
PED001739,10,10,2026-03-24 12:32:40,2026-03-25 19:06:23,30.57,0,CEDI Cali,Cali,Servientrega,KMS24128548,11900,2026-03-26 05:32:40,Entregado,2026-03-25 19:06:23,True,1.0,1.273414351851852,True
PED001740,10,10,2026-03-19 20:39:06,2026-03-21 21:26:08,48.79,0,CEDI Barranquilla,Barranquilla,Coordinadora,KMS23454670,11900,2026-03-22 06:39:06,Entregado,2026-03-21 21:26:08,True,1.0,2.032662037037037,True
PED001741,10,10,2026-06-03 23:28:33,2026-06-05 04:22:44,28.91,0,CEDI Bucaramanga,Bucaramanga,Inter Rapidísimo,KMS24673683,17490,2026-06-05 20:28:33,Entregado,2026-06-05 04:22:44,True,1.0,1.2042939814814815,True
PED001742,10,10,2026-05-30 08:00:55,2026-06-01 04:47:09,44.78,1,CEDI Barranquilla,Barranquilla,Inter Rapidísimo,KMS94921456,15290,2026-06-01 18:00:55,Entregado,2026-06-01 04:47:09,True,1.0,1.8654398148148148,True
PED001743,10,10,2026-02-27 01:45:45,2026-02-28 07:47:06,30.02,0,CEDI Medellín,Medellín,Inter Rapidísimo,KMS64057059,8900,2026-02-28 16:45:45,Entregado,2026-02-28 07:47:06,True,1.0,1.2509375,True
PED001744,10,10,2026-06-08 14:15:06,2026-06-09 18:39:40,28.4,0,CEDI Medellín,Medellín,Coordinadora,KMS46986226,13900,2026-06-10 05:15:06,Entregado,2026-06-09 18:39:40,True,1.0,1.1837268518518518,True
PED001745,10,10,2026-03-26 04:56:07,2026-03-27 09:31:35,28.6,1,CEDI Medellín,Medellín,Coordinadora,KMS46939449,11900,2026-03-28 02:56:07,Entregado,2026-03-27 09:31:35,True,1.0,1.1912962962962963,True
PED001746,10,10,2026-03-05 09:12:52,2026-03-06 11:44:37,26.53,0,CEDI Bucaramanga,Bucaramanga,Coordinadora,KMS10804301,11900,2026-03-07 06:12:52,Entregado,2026-03-06 11:44:37,True,1.0,1.1053819444444444,True
PED001747,10,10,2026-05-23 01:19:10,2026-05-24 06:32:47,29.23,0,CEDI Bogotá,Bogotá D.C.,Inter Rapidísimo,KMS56571803,8900,2026-05-24 17:19:10,Entregado,2026-05-24 06:32:47,True,1.0,1.2177893518518519,True
PED001748,10,10,2026-02-17 04:09:14,2026-02-18 18:16:09,38.12,1,CEDI Bucaramanga,Bucaramanga,Coordinadora,KMS13099288,20790,2026-02-19 08:09:14,Entregado,2026-02-18 18:16:09,True,1.0,1.588136574074074,True
PED001749,10,10,2026-01-08 11:23:08,2026-01-09 23:08:07,35.730000000000004,0,CEDI Cali,Cali,TCC,KMS87534035,9900,2026-01-10 04:23:08,Entregado,2026-01-09 23:08:07,True,1.0,1.4895717592592592,True
PED001750,10,10,2026-04-08 05:30:41,2026-04-09 13:13:23,31.71,0,CEDI Bucaramanga,Bucaramanga,Inter Rapidísimo,KMS51207153,20790,2026-04-10 02:30:41,Entregado,2026-04-09 13:13:23,True,1.0,1.3213194444444445,True
PED001751,10,10,2026-02-15 15:54:26,2026-02-16 20:43:25,28.81,0,CEDI Bogotá,Bogotá D.C.,Inter Rapidísimo,KMS56801515,9900,2026-02-17 07:54:26,Entregado,2026-02-16 20:43:25,True,1.0,1.2006828703703705,True
PED001752,10,10,2026-03-20 02:59:30,2026-03-21 13:09:20,34.19,0,CEDI Barranquilla,Barranquilla,Inter Rapidísimo,KMS36223754,11900,2026-03-22 05:59:30,Entregado,2026-03-21 13:09:20,True,1.0,1.4234953703703703,True
PED001753,10,10,2026-01-25 21:18:18,2026-01-27 11:28:07,38.17,0,CEDI Cali,Cali,Inter Rapidísimo,KMS87528398,13900,2026-01-27 21:18:18,Entregado,2026-01-27 11:28:07,True,1.0,1.590150462962963,True
PED001754,10,10,2026-03-21 23:24:39,2026-03-23 08:50:50,33.43,0,CEDI Bucaramanga,Bucaramanga,Envia,KMS16381400,18900,2026-03-24 03:24:39,Entregado,2026-03-23 08:50:50,True,1.0,1.3931828703703704,True
PED001755,10,10,2026-03-22 11:08:13,2026-03-23 15:34:42,28.439999999999998,0,CEDI Cali,Cali,Coordinadora,KMS38647997,13900,2026-03-24 04:08:13,Entregado,2026-03-23 15:34:42,True,1.0,1.1850578703703705,True
PED001756,10,10,2026-04-23 20:03:43,2026-04-25 00:43:49,28.67,0,CEDI Bogotá,Bogotá D.C.,TCC,KMS46673401,18900,2026-04-25 12:03:43,Entregado,2026-04-25 00:43:49,True,1.0,1.1945138888888889,True
PED001757,10,10,2026-02-22 21:31:17,2026-02-25 07:34:30,58.050000000000004,1,CEDI Barranquilla,Barranquilla,Servientrega,KMS15658740,8900,2026-02-25 07:31:17,Entregado,2026-02-25 07:34:30,True,0.0,2.418900462962963,True
PED001758,10,10,2026-04-16 02:48:17,2026-04-17 06:14:25,27.44,0,CEDI Bogotá,Bogotá D.C.,Envia,KMS54725176,9900,2026-04-17 18:48:17,Entregado,2026-04-17 06:14:25,True,1.0,1.1431481481481482,True
PED001759,10,10,2026-01-31 20:16:38,2026-02-01 15:06:04,18.82,0,CEDI Medellín,Medellín,TCC,KMS78339068,11900,2026-02-02 11:16:38,Entregado,2026-02-01 15:06:04,True,1.0,0.7843287037037037,True
PED001760,10,10,2026-04-15 06:17:33,2026-04-15 18:15:21,11.97,0,CEDI Bogotá,Bogotá D.C.,Inter Rapidísimo,KMS32335218,15900,2026-04-16 15:17:33,Entregado,2026-04-15 18:15:21,True,1.0,0.4984722222222222,True
PED001761,10,10,2026-06-27 01:38:58,2026-06-29 02:36:03,48.95,1,CEDI Barranquilla,Barranquilla,Servientrega,KMS41505392,15900,2026-06-29 11:38:58,Entregado,2026-06-29 02:36:03,True,1.0,2.0396412037037037,True
PED001762,10,10,2026-01-09 20:52:41,2026-01-11 17:30:02,44.62,0,CEDI Pereira,Pereira,TCC,KMS15931549,8900,2026-01-11 15:52:41,Entregado,2026-01-11 17:30:02,True,0.0,1.8592708333333334,True
PED001763,10,10,2026-04-09 23:49:14,2026-04-11 02:43:07,26.9,0,CEDI Bogotá,Bogotá D.C.,Servientrega,KMS62788352,8900,2026-04-11 15:49:14,Entregado,2026-04-11 02:43:07,True,1.0,1.1207523148148149,True
PED001764,10,10,2026-01-15 18:21:31,2026-01-17 13:55:04,43.56,0,CEDI Medellín,Medellín,Servientrega,KMS28327272,20790,2026-01-17 16:21:31,Entregado,2026-01-17 13:55:04,True,1.0,1.8149652777777778,True
PED001765,10,10,2026-02-05 04:52:30,2026-02-06 20:20:44,39.47,0,CEDI Medellín,Medellín,TCC,KMS71221395,8900,2026-02-07 02:52:30,Entregado,2026-02-06 20:20:44,True,1.0,1.6446064814814816,True
PED001766,10,10,2026-04-30 06:36:59,2026-05-02 11:41:05,53.08,0,CEDI Bogotá,Bogotá D.C.,Servientrega,KMS78918685,11900,2026-05-01 15:36:59,Entregado,2026-05-02 11:41:05,True,0.0,2.2111805555555555,True
PED001767,10,10,2026-06-17 23:56:42,2026-06-19 18:51:09,42.93,0,CEDI Pereira,Pereira,TCC,KMS25723274,15900,2026-06-19 18:56:42,Entregado,2026-06-19 18:51:09,True,1.0,1.7878125,True
PED001768,10,10,2026-05-31 22:21:02,2026-06-01 20:18:53,21.96,0,CEDI Bogotá,Bogotá D.C.,Envia,KMS54088382,8900,2026-06-02 07:21:02,Entregado,2026-06-01 20:18:53,True,1.0,0.9151736111111111,True
PED001769,10,10,2026-03-22 14:06:04,2026-03-24 11:04:56,44.97,0,CEDI Barranquilla,Barranquilla,Servientrega,KMS41268952,11900,2026-03-25 00:06:04,Entregado,2026-03-24 11:04:56,True,1.0,1.874212962962963,True
PED001770,10,10,2026-01-12 11:36:49,2026-01-13 22:05:59,34.5,0,CEDI Medellín,Medellín,Coordinadora,KMS70805664,13900,2026-01-14 02:36:49,Entregado,2026-01-13 22:05:59,True,1.0,1.4369212962962963,True
PED001771,10,10,2026-05-26 13:31:13,2026-05-28 02:01:58,36.519999999999996,0,CEDI Pereira,Pereira,Envia,KMS58717992,13900,2026-05-28 08:31:13,Entregado,2026-05-28 02:01:58,True,1.0,1.5213541666666666,True
PED001772,10,10,2026-06-11 19:13:59,2026-06-13 08:42:59,37.49,0,CEDI Medellín,Medellín,Envia,KMS64779546,10890,2026-06-13 17:13:59,Entregado,2026-06-13 08:42:59,True,1.0,1.5618055555555554,True
PED001773,10,10,2026-04-06 20:33:22,2026-04-08 20:04:08,47.52,0,CEDI Cali,Cali,Envia,KMS52775032,13900,2026-04-08 20:33:22,Entregado,2026-04-08 20:04:08,True,1.0,1.979699074074074,True
PED001774,10,10,2026-03-14 01:53:37,2026-03-16 00:16:27,46.379999999999995,0,CEDI Barranquilla,Barranquilla,Envia,KMS84544474,10890,2026-03-16 11:53:37,Entregado,2026-03-16 00:16:27,True,1.0,1.9325231481481482,True
PED001775,10,10,2026-02-13 01:59:23,2026-02-14 21:42:52,43.71,0,CEDI Pereira,Pereira,Coordinadora,KMS47967295,18900,2026-02-15 03:59:23,Entregado,2026-02-14 21:42:52,True,1.0,1.8218634259259259,True
PED001776,10,10,2026-01-16 23:10:37,2026-01-18 12:07:30,36.97,0,CEDI Medellín,Medellín,Servientrega,KMS82934161,9790,2026-01-18 21:10:37,Entregado,2026-01-18 12:07:30,True,1.0,1.5395023148148148,True
PED001777,10,10,2026-01-18 14:46:53,2026-01-20 17:23:49,50.61,0,CEDI Medellín,Medellín,Coordinadora,KMS83264921,11900,2026-01-20 12:46:53,Entregado,2026-01-20 17:23:49,True,0.0,2.1089814814814813,True
PED001778,10,10,2026-03-24 07:05:33,2026-03-26 23:39:03,64.57,0,CEDI Barranquilla,Barranquilla,TCC,KMS49651956,15900,2026-03-26 17:05:33,Entregado,2026-03-26 23:39:03,True,0.0,2.6899305555555557,True
PED001779,10,10,2026-04-26 16:02:26,2026-04-27 18:00:52,25.98,1,CEDI Cali,Cali,TCC,KMS48739838,15290,2026-04-28 09:02:26,Entregado,2026-04-27 18:00:52,True,1.0,1.0822453703703703,True
PED001780,10,10,2026-03-24 20:37:13,2026-03-26 01:47:58,29.18,0,CEDI Pereira,Pereira,Servientrega,KMS71463615,9900,2026-03-26 22:37:13,Entregado,2026-03-26 01:47:58,True,1.0,1.2157986111111112,True
PED001781,10,10,2026-01-19 09:14:36,2026-01-20 20:27:54,35.22,0,CEDI Barranquilla,Barranquilla,Envia,KMS43823274,9900,2026-01-21 12:14:36,Entregado,2026-01-20 20:27:54,True,1.0,1.4675694444444445,True
PED001782,10,10,2026-05-20 07:43:58,2026-05-22 05:30:39,45.769999999999996,0,CEDI Pereira,Pereira,Servientrega,KMS87697273,9900,2026-05-22 09:43:58,Entregado,2026-05-22 05:30:39,True,1.0,1.9074189814814815,True
PED001783,10,10,2026-03-08 20:10:43,2026-03-10 13:05:46,40.910000000000004,0,CEDI Pereira,Pereira,Servientrega,KMS55752746,8900,2026-03-10 22:10:43,Entregado,2026-03-10 13:05:46,True,1.0,1.7048958333333333,True
PED001784,10,10,2026-03-31 10:31:27,2026-04-02 02:57:50,40.449999999999996,0,CEDI Cali,Cali,TCC,KMS52421725,13090,2026-04-02 10:31:27,Entregado,2026-04-02 02:57:50,True,1.0,1.684988425925926,True
PED001785,10,10,2026-02-23 19:12:27,2026-02-26 11:31:08,64.32,0,CEDI Bucaramanga,Bucaramanga,Inter Rapidísimo,KMS63586126,18900,2026-02-25 16:12:27,Entregado,2026-02-26 11:31:08,True,0.0,2.679641203703704,True
PED001786,10,10,2026-05-19 19:52:41,2026-05-22 14:46:05,66.89,0,CEDI Barranquilla,Barranquilla,TCC,KMS15411384,8900,2026-05-22 05:52:41,Entregado,2026-05-22 14:46:05,True,0.0,2.7870833333333334,True
PED001787,10,10,2026-02-09 21:37:23,2026-02-11 07:26:05,33.81,1,CEDI Medellín,Medellín,TCC,KMS22688807,9900,2026-02-11 19:37:23,Entregado,2026-02-11 07:26:05,True,1.0,1.4088194444444444,True
PED001788,10,10,2026-01-28 11:30:09,2026-01-30 11:43:07,48.21,0,CEDI Cali,Cali,TCC,KMS86797218,18900,2026-01-30 11:30:09,Entregado,2026-01-30 11:43:07,True,0.0,2.00900462962963,True
PED001789,10,10,2026-03-04 20:59:05,2026-03-06 00:27:31,27.46,0,CEDI Bogotá,Bogotá D.C.,Servientrega,KMS40369668,15290,2026-03-06 12:59:05,Entregado,2026-03-06 00:27:31,True,1.0,1.1447453703703703,True
PED001790,10,10,2026-01-12 00:10:30,2026-01-13 02:39:54,26.490000000000002,1,CEDI Bogotá,Bogotá D.C.,Coordinadora,KMS93690849,9900,2026-01-13 16:10:30,Entregado,2026-01-13 02:39:54,True,1.0,1.10375,True
PED001791,10,10,2026-05-14 12:00:46,2026-05-16 16:15:22,52.25,0,CEDI Barranquilla,Barranquilla,Envia,KMS81296285,17490,2026-05-16 22:00:46,Entregado,2026-05-16 16:15:22,True,1.0,2.1768055555555557,True
PED001792,10,10,2026-04-11 13:19:57,2026-04-13 00:03:28,34.72,0,CEDI Cali,Cali,Coordinadora,KMS94549354,13090,2026-04-13 13:19:57,Entregado,2026-04-13 00:03:28,True,1.0,1.4468865740740742,True
PED001793,10,10,2026-05-04 21:10:23,2026-05-05 18:30:05,21.310000000000002,0,CEDI Bogotá,Bogotá D.C.,Servientrega,KMS99724959,8900,2026-05-06 06:10:23,Entregado,2026-05-05 18:30:05,True,1.0,0.8886805555555556,True
PED001794,10,10,2026-01-03 10:57:56,2026-01-04 04:48:42,17.84,0,CEDI Bogotá,Bogotá D.C.,Servientrega,KMS11544056,11900,2026-01-04 19:57:56,Entregado,2026-01-04 04:48:42,True,1.0,0.7435879629629629,True
PED001795,10,10,2026-04-30 01:00:46,2026-04-30 20:55:45,19.92,0,CEDI Medellín,Medellín,Servientrega,KMS22072779,11900,2026-05-01 23:00:46,Entregado,2026-04-30 20:55:45,True,1.0,0.829849537037037,True
PED001796,10,10,2026-06-15 03:11:11,2026-06-16 00:27:45,21.28,0,CEDI Medellín,Medellín,Servientrega,KMS56756852,13900,2026-06-16 18:11:11,Entregado,2026-06-16 00:27:45,True,1.0,0.8865046296296296,True
PED001797,10,10,2026-05-29 07:57:34,2026-05-30 16:32:26,32.58,0,CEDI Barranquilla,Barranquilla,TCC,KMS56639530,9900,2026-05-31 10:57:34,Entregado,2026-05-30 16:32:26,True,1.0,1.3575462962962963,True
PED001798,10,10,2026-03-23 02:56:25,2026-03-24 22:19:02,43.39,0,CEDI Cali,Cali,Inter Rapidísimo,KMS96025242,18900,2026-03-25 02:56:25,Entregado,2026-03-24 22:19:02,True,1.0,1.8073726851851852,True
PED001799,10,10,2026-01-09 20:12:44,2026-01-10 12:59:19,16.78,0,CEDI Bogotá,Bogotá D.C.,Coordinadora,KMS88103741,13900,2026-01-11 12:12:44,Entregado,2026-01-10 12:59:19,True,1.0,0.6990162037037037,True
PED001800,10,10,2026-06-28 14:05:02,2026-06-30 10:05:09,44.0,0,CEDI Cali,Cali,TCC,KMS77806352,15900,2026-06-30 14:05:02,Entregado,2026-06-30 10:05:09,True,1.0,1.8334143518518518,True
PED001801,10,10,2026-06-24 01:20:23,2026-06-26 19:16:32,65.93,0,CEDI Cali,Cali,Inter Rapidísimo,KMS25957320,18900,2026-06-26 01:20:23,Entregado,2026-06-26 19:16:32,True,0.0,2.747326388888889,True
PED001802,10,10,2026-06-16 11:58:47,2026-06-17 19:44:37,31.759999999999998,0,CEDI Cali,Cali,Envia,KMS59309975,11900,2026-06-18 04:58:47,Entregado,2026-06-17 19:44:37,True,1.0,1.3234953703703705,True
PED001803,9,9,2026-02-15 04:52:05,2026-02-16 12:24:46,27.22,0,CEDI Bucaramanga,Bucaramanga,Inter Rapidísimo,KMS33254623,10890,2026-02-17 01:52:05,Entregado,2026-02-16 12:24:46,True,1.0,1.314363425925926,False
PED001804,10,10,2026-02-09 16:52:09,2026-02-11 13:51:11,44.99,0,CEDI Bucaramanga,Bucaramanga,Coordinadora,KMS47933601,8900,2026-02-11 20:52:09,Entregado,2026-02-11 13:51:11,True,1.0,1.8743287037037037,True
PED001805,10,10,2026-01-20 23:18:39,2026-01-21 23:19:25,24.01,0,CEDI Bogotá,Bogotá D.C.,Servientrega,KMS14698796,15900,2026-01-22 08:18:39,Entregado,2026-01-21 23:19:25,True,1.0,1.0005324074074073,True
PED001806,10,10,2026-01-22 06:17:38,2026-01-22 21:10:13,14.89,0,CEDI Medellín,Medellín,Envia,KMS82032377,13900,2026-01-23 21:17:38,Entregado,2026-01-22 21:10:13,True,1.0,0.619849537037037,True
PED001807,10,10,2026-03-05 12:09:48,2026-03-06 08:07:54,19.97,0,CEDI Medellín,Medellín,Servientrega,KMS60732708,15290,2026-03-07 10:09:48,Entregado,2026-03-06 08:07:54,True,1.0,0.8320138888888889,True
PED001808,10,10,2026-03-19 03:07:30,2026-03-20 01:02:48,21.91,0,CEDI Bogotá,Bogotá D.C.,Inter Rapidísimo,KMS35570240,18900,2026-03-20 12:07:30,Entregado,2026-03-20 01:02:48,True,1.0,0.9134027777777778,True
PED001809,9,9,2026-01-23 19:06:41,2026-01-25 12:25:15,31.63,0,CEDI Bogotá,Bogotá D.C.,Coordinadora,KMS75228199,8900,2026-01-25 11:06:41,Entregado,2026-01-25 12:25:15,True,0.0,1.7212268518518519,False
PED001810,10,10,2026-03-29 14:18:40,2026-03-30 15:23:29,25.08,0,CEDI Medellín,Medellín,Envia,KMS85586535,8900,2026-03-31 05:18:40,Entregado,2026-03-30 15:23:29,True,1.0,1.045011574074074,True
PED001811,10,10,2026-04-26 16:29:00,2026-04-27 22:56:58,30.46,0,CEDI Bogotá,Bogotá D.C.,Inter Rapidísimo,KMS43920833,9790,2026-04-28 08:29:00,Entregado,2026-04-27 22:56:58,True,1.0,1.2694212962962963,True
PED001812,10,10,2026-06-27 04:13:14,2026-06-28 13:36:28,33.37,0,CEDI Medellín,Medellín,Envia,KMS51237066,8900,2026-06-28 19:13:14,Entregado,2026-06-28 13:36:28,True,1.0,1.3911342592592593,True
PED001813,10,10,2026-01-11 13:29:11,2026-01-13 11:16:14,45.79,0,CEDI Bogotá,Bogotá D.C.,Servientrega,KMS98265303,8900,2026-01-13 05:29:11,Entregado,2026-01-13 11:16:14,True,0.0,1.907673611111111,True
PED001814,10,10,2026-05-17 16:22:38,2026-05-18 23:33:19,31.18,0,CEDI Cali,Cali,TCC,KMS91556031,8900,2026-05-19 16:22:38,Entregado,2026-05-18 23:33:19,True,1.0,1.299085648148148,True
PED001815,10,10,2026-02-23 11:22:41,2026-02-25 01:40:28,38.29,0,CEDI Bogotá,Bogotá D.C.,Coordinadora,KMS15537604,8900,2026-02-24 20:22:41,Entregado,2026-02-25 01:40:28,True,0.0,1.5956828703703703,True
PED001816,10,10,2026-01-14 19:38:45,2026-01-15 12:47:49,17.14,0,CEDI Bogotá,Bogotá D.C.,Inter Rapidísimo,KMS89161729,13900,2026-01-16 11:38:45,Entregado,2026-01-15 12:47:49,True,1.0,0.7146296296296296,True
PED001817,10,10,2026-04-25 07:35:34,2026-04-26 18:04:19,34.49,0,CEDI Medellín,Medellín,Coordinadora,KMS90176332,18900,2026-04-26 22:35:34,Entregado,2026-04-26 18:04:19,True,1.0,1.4366319444444444,True
PED001818,10,10,2026-03-11 02:33:03,2026-03-11 20:44:11,18.19,0,CEDI Bogotá,Bogotá D.C.,TCC,KMS60374141,11900,2026-03-12 11:33:03,Entregado,2026-03-11 20:44:11,True,1.0,0.7577314814814815,True
PED001819,10,10,2026-01-12 14:13:47,2026-01-15 08:58:08,66.73,0,CEDI Bucaramanga,Bucaramanga,Coordinadora,KMS36380067,9900,2026-01-14 18:13:47,Entregado,2026-01-15 08:58:08,True,0.0,2.780798611111111,True
PED001820,10,10,2026-02-12 11:42:17,2026-02-13 10:47:37,23.09,0,CEDI Bogotá,Bogotá D.C.,Coordinadora,KMS97580649,9900,2026-02-13 20:42:17,Entregado,2026-02-13 10:47:37,True,1.0,0.962037037037037,True
PED001821,9,9,2026-03-30 16:23:51,2026-03-31 11:44:55,16.95,0,CEDI Bogotá,Bogotá D.C.,Envia,KMS22670369,9900,2026-04-01 08:23:51,Entregado,2026-03-31 11:44:55,True,1.0,0.8062962962962963,False
PED001822,10,10,2026-06-23 01:12:51,2026-06-25 03:21:37,50.160000000000004,0,CEDI Bogotá,Bogotá D.C.,Inter Rapidísimo,KMS86181672,10890,2026-06-24 10:12:51,Entregado,2026-06-25 03:21:37,True,0.0,2.089421296296296,True
PED001823,10,10,2026-04-23 12:09:28,2026-04-24 21:30:59,33.36,0,CEDI Medellín,Medellín,Envia,KMS75504883,9900,2026-04-25 10:09:28,Entregado,2026-04-24 21:30:59,True,1.0,1.3899421296296297,True
PED001824,10,10,2026-01-06 03:11:52,2026-01-07 09:38:19,30.43,0,CEDI Pereira,Pereira,TCC,KMS40702447,15900,2026-01-07 22:11:52,Entregado,2026-01-07 09:38:19,True,1.0,1.2683680555555557,True
PED001825,10,10,2026-04-07 10:52:36,2026-04-09 19:47:26,56.91,0,CEDI Cali,Cali,Envia,KMS34418205,9790,2026-04-09 03:52:36,Entregado,2026-04-09 19:47:26,True,0.0,2.371412037037037,True
PED001826,10,10,2026-03-06 00:16:25,2026-03-07 00:25:46,24.15,0,CEDI Bogotá,Bogotá D.C.,Coordinadora,KMS81873486,9900,2026-03-07 09:16:25,Entregado,2026-03-07 00:25:46,True,1.0,1.0064930555555556,True
PED001827,10,10,2026-06-04 04:19:04,2026-06-05 02:20:14,22.009999999999998,0,CEDI Medellín,Medellín,Servientrega,KMS79906052,13900,2026-06-05 19:19:04,Entregado,2026-06-05 02:20:14,True,1.0,0.9174768518518519,True
PED001828,10,10,2026-02-04 01:09:15,2026-02-05 02:15:34,25.09,0,CEDI Medellín,Medellín,Envia,KMS57669624,15900,2026-02-05 23:09:15,Entregado,2026-02-05 02:15:34,True,1.0,1.0460532407407408,True
PED001829,10,10,2026-04-12 09:52:46,2026-04-13 19:53:18,34.02,0,CEDI Bogotá,Bogotá D.C.,TCC,KMS78926948,8900,2026-04-14 01:52:46,Entregado,2026-04-13 19:53:18,True,1.0,1.417037037037037,True
PED001830,10,10,2026-04-24 15:06:47,2026-04-26 10:26:44,43.32,0,CEDI Barranquilla,Barranquilla,Inter Rapidísimo,KMS33272931,11900,2026-04-27 01:06:47,Entregado,2026-04-26 10:26:44,True,1.0,1.8055208333333332,True
PED001831,10,10,2026-06-17 16:29:50,2026-06-18 22:14:31,29.75,0,CEDI Medellín,Medellín,Servientrega,KMS48615157,15900,2026-06-19 07:29:50,Entregado,2026-06-18 22:14:31,True,1.0,1.2393634259259259,True
PED001832,10,10,2026-01-29 00:39:03,2026-01-31 10:12:46,57.56,0,CEDI Cali,Cali,Inter Rapidísimo,KMS39585375,15900,2026-01-31 00:39:03,Entregado,2026-01-31 10:12:46,True,0.0,2.398414351851852,True
PED001833,10,10,2026-06-30 04:07:07,2026-06-30 22:18:55,18.2,0,CEDI Bogotá,Bogotá D.C.,Envia,KMS19138501,18900,2026-07-01 13:07:07,Entregado,2026-06-30 22:18:55,True,1.0,0.7581944444444444,True
PED001834,10,10,2026-03-17 08:48:23,2026-03-20 05:59:45,69.18,0,CEDI Bucaramanga,Bucaramanga,Servientrega,KMS39330380,17490,2026-03-19 12:48:23,Entregado,2026-03-20 05:59:45,True,0.0,2.8828935185185185,True
PED001835,10,10,2026-03-26 00:00:50,2026-03-27 11:48:04,35.79,0,CEDI Bogotá,Bogotá D.C.,Inter Rapidísimo,KMS77066744,17490,2026-03-27 16:00:50,Entregado,2026-03-27 11:48:04,True,1.0,1.4911342592592594,True
PED001836,10,10,2026-06-14 03:13:05,2026-06-16 04:38:29,49.42,0,CEDI Barranquilla,Barranquilla,TCC,KMS26338422,9900,2026-06-16 13:13:05,Entregado,2026-06-16 04:38:29,True,1.0,2.0593055555555555,True
PED001837,10,10,2026-05-13 12:01:05,2026-05-14 16:06:34,28.09,0,CEDI Medellín,Medellín,Coordinadora,KMS31124692,15900,2026-05-15 10:01:05,Entregado,2026-05-14 16:06:34,True,1.0,1.170474537037037,True
PED001838,10,10,2026-04-19 23:49:59,2026-04-21 05:19:03,29.5,0,CEDI Medellín,Medellín,TCC,KMS63344083,11900,2026-04-21 14:49:59,Entregado,2026-04-21 05:19:03,True,1.0,1.2285185185185186,True
PED001839,10,10,2026-06-08 07:45:23,2026-06-08 20:46:05,13.03,0,CEDI Medellín,Medellín,Servientrega,KMS62498523,15900,2026-06-09 22:45:23,Entregado,2026-06-08 20:46:05,True,1.0,0.5421527777777778,True
PED001840,10,10,2026-01-07 07:29:33,2026-01-09 03:03:35,43.58,0,CEDI Bogotá,Bogotá D.C.,Inter Rapidísimo,KMS75303044,11900,2026-01-08 23:29:33,Entregado,2026-01-09 03:03:35,True,0.0,1.8153009259259258,True
PED001841,10,10,2026-02-20 10:24:31,2026-02-22 05:51:47,43.45,0,CEDI Cali,Cali,Inter Rapidísimo,KMS98688710,18900,2026-02-22 10:24:31,Entregado,2026-02-22 05:51:47,True,1.0,1.8106018518518519,True
PED001842,10,10,2026-02-13 02:41:31,2026-02-15 19:48:26,65.11,0,CEDI Barranquilla,Barranquilla,Coordinadora,KMS29486907,13090,2026-02-15 05:41:31,Entregado,2026-02-15 19:48:26,True,0.0,2.713136574074074,True
PED001843,10,10,2026-02-10 04:49:54,2026-02-11 04:29:28,23.66,0,CEDI Bogotá,Bogotá D.C.,TCC,KMS65998884,13900,2026-02-11 13:49:54,Entregado,2026-02-11 04:29:28,True,1.0,0.9858101851851852,True
PED001844,10,10,2026-03-11 11:24:30,2026-03-14 13:50:55,74.44999999999999,0,CEDI Cali,Cali,TCC,KMS44593104,11900,2026-03-13 11:24:30,Entregado,2026-03-14 13:50:55,True,0.0,3.101678240740741,True
PED001845,10,10,2026-03-17 13:15:36,2026-03-19 08:03:24,42.79,0,CEDI Pereira,Pereira,Servientrega,KMS78640179,13090,2026-03-19 15:15:36,Entregado,2026-03-19 08:03:24,True,1.0,1.7831944444444445,True
PED001846,10,10,2026-03-08 13:00:06,2026-03-09 23:36:39,34.62,0,CEDI Medellín,Medellín,Inter Rapidísimo,KMS76429656,20790,2026-03-10 04:00:06,Entregado,2026-03-09 23:36:39,True,1.0,1.442048611111111,True
PED001847,10,10,2026-06-27 17:13:49,2026-06-29 17:01:06,47.8,0,CEDI Medellín,Medellín,TCC,KMS20660768,15900,2026-06-29 08:13:49,Entregado,2026-06-29 17:01:06,True,0.0,1.9911689814814815,True
PED001848,10,10,2026-01-12 06:24:01,2026-01-13 15:12:41,32.82,1,CEDI Bogotá,Bogotá D.C.,Servientrega,KMS67339189,8900,2026-01-13 22:24:01,Entregado,2026-01-13 15:12:41,True,1.0,1.3671296296296296,True
PED001849,10,10,2026-03-05 20:10:37,2026-03-06 11:22:30,15.19,0,CEDI Cali,Cali,Servientrega,KMS84672662,18900,2026-03-07 13:10:37,Entregado,2026-03-06 11:22:30,True,1.0,0.6332523148148148,True
PED001850,10,10,2026-06-17 17:41:35,2026-06-18 20:53:48,27.21,0,CEDI Cali,Cali,Envia,KMS91604390,13900,2026-06-19 10:41:35,Entregado,2026-06-18 20:53:48,True,1.0,1.1334837962962963,True
PED001851,10,10,2026-01-11 08:26:17,2026-01-12 04:02:36,19.599999999999998,0,CEDI Bogotá,Bogotá D.C.,Servientrega,KMS16129247,18900,2026-01-13 00:26:17,Entregado,2026-01-12 04:02:36,True,1.0,0.8168865740740741,True
PED001852,10,10,2026-06-20 13:02:03,2026-06-22 07:35:57,42.559999999999995,0,CEDI Cali,Cali,Coordinadora,KMS33397926,8900,2026-06-22 13:02:03,Entregado,2026-06-22 07:35:57,True,1.0,1.7735416666666666,True
PED001853,10,10,2026-06-08 21:03:54,2026-06-11 01:38:24,52.58,0,CEDI Bucaramanga,Bucaramanga,TCC,KMS72196528,15900,2026-06-10 18:03:54,Entregado,2026-06-11 01:38:24,True,0.0,2.190625,True
PED001854,10,10,2026-04-19 11:50:19,2026-04-21 07:41:04,43.83,0,CEDI Cali,Cali,Servientrega,KMS87667158,18900,2026-04-21 11:50:19,Entregado,2026-04-21 07:41:04,True,1.0,1.8269097222222221,True
PED001855,10,10,2026-05-06 06:28:52,2026-05-07 20:21:42,37.9,0,CEDI Pereira,Pereira,Coordinadora,KMS73893113,8900,2026-05-08 08:28:52,Entregado,2026-05-07 20:21:42,True,1.0,1.5783564814814814,True
PED001856,10,10,2026-01-14 20:01:24,2026-01-16 01:04:06,29.05,0,CEDI Bogotá,Bogotá D.C.,Inter Rapidísimo,KMS19702750,18900,2026-01-16 12:01:24,Entregado,2026-01-16 01:04:06,True,1.0,1.2102083333333333,True
PED001857,10,10,2026-02-25 13:34:50,2026-02-28 15:39:24,74.07000000000001,0,CEDI Pereira,Pereira,Coordinadora,KMS29403413,18900,2026-02-27 15:34:50,Entregado,2026-02-28 15:39:24,True,0.0,3.0865046296296295,True
PED001858,10,10,2026-04-08 14:40:24,2026-04-11 03:02:07,60.36,0,CEDI Bucaramanga,Bucaramanga,Envia,KMS68602799,9900,2026-04-10 18:40:24,Entregado,2026-04-11 03:02:07,True,0.0,2.5150810185185186,True
PED001859,10,10,2026-04-02 05:00:19,2026-04-03 10:53:13,29.88,0,CEDI Cali,Cali,Envia,KMS20051752,11900,2026-04-04 05:00:19,Entregado,2026-04-03 10:53:13,True,1.0,1.2450694444444443,True
PED001860,10,10,2026-06-01 04:46:45,2026-06-03 12:11:56,55.410000000000004,0,CEDI Medellín,Medellín,TCC,KMS58762967,8900,2026-06-03 02:46:45,Entregado,2026-06-03 12:11:56,True,0.0,2.3091550925925928,True
PED001861,10,10,2026-03-07 23:59:42,2026-03-09 10:43:05,34.730000000000004,0,CEDI Cali,Cali,Envia,KMS59218716,15900,2026-03-09 23:59:42,Entregado,2026-03-09 10:43:05,True,1.0,1.4467939814814814,True
PED001862,10,10,2026-01-21 21:12:38,2026-01-24 00:20:58,51.15,0,CEDI Bogotá,Bogotá D.C.,Envia,KMS16263185,18900,2026-01-23 13:12:38,Entregado,2026-01-24 00:20:58,True,0.0,2.130787037037037,True
PED001863,10,10,2026-05-08 15:27:28,2026-05-10 05:21:09,37.9,0,CEDI Bogotá,Bogotá D.C.,Inter Rapidísimo,KMS29237385,15900,2026-05-10 07:27:28,Entregado,2026-05-10 05:21:09,True,1.0,1.5789467592592592,True
PED001864,10,10,2026-02-06 05:32:12,2026-02-07 03:59:53,22.46,0,CEDI Bogotá,Bogotá D.C.,Inter Rapidísimo,KMS40855692,11900,2026-02-07 21:32:12,Entregado,2026-02-07 03:59:53,True,1.0,0.9358912037037037,True
PED001865,10,10,2026-06-27 20:05:24,2026-06-29 12:56:15,40.84,0,CEDI Pereira,Pereira,Servientrega,KMS81394229,18900,2026-06-29 22:05:24,Entregado,2026-06-29 12:56:15,True,1.0,1.7019791666666666,True
PED001866,10,10,2026-03-11 14:44:08,2026-03-12 16:53:29,26.15,1,CEDI Pereira,Pereira,Envia,KMS41628700,13900,2026-03-13 09:44:23,Entregado,2026-03-12 16:53:29,True,1.0,1.0898263888888888,True
PED001867,10,10,2026-04-01 11:54:21,2026-04-02 06:17:24,18.37,0,CEDI Pereira,Pereira,Servientrega,KMS98007449,15900,2026-04-03 06:54:21,Entregado,2026-04-02 06:17:24,True,1.0,0.7660069444444444,True
PED001868,10,10,2026-04-26 05:07:25,2026-04-27 18:10:20,37.05,0,CEDI Bucaramanga,Bucaramanga,Coordinadora,KMS61849027,8900,2026-04-28 02:07:25,Entregado,2026-04-27 18:10:20,True,1.0,1.5436921296296295,True
PED001869,10,10,2026-05-17 16:44:52,2026-05-19 07:30:14,38.76,0,CEDI Medellín,Medellín,TCC,KMS54950618,10890,2026-05-19 14:44:52,Entregado,2026-05-19 07:30:14,True,1.0,1.614837962962963,True
PED001870,10,10,2026-03-17 18:43:45,2026-03-19 09:52:20,39.15,0,CEDI Medellín,Medellín,Inter Rapidísimo,KMS58310168,18900,2026-03-19 16:43:45,Entregado,2026-03-19 09:52:20,True,1.0,1.6309606481481482,True
PED001871,10,10,2026-05-07 23:23:19,2026-05-09 06:00:03,30.62,0,CEDI Cali,Cali,Coordinadora,KMS79797134,9790,2026-05-09 16:23:19,Entregado,2026-05-09 06:00:03,True,1.0,1.2755092592592592,True
PED001872,10,10,2026-03-16 22:27:07,2026-03-18 10:49:40,36.37,1,CEDI Cali,Cali,Coordinadora,KMS55717720,20790,2026-03-18 22:27:07,Entregado,2026-03-18 10:49:40,True,1.0,1.5156597222222221,True
PED001873,10,10,2026-05-17 04:14:33,2026-05-18 04:19:05,24.09,0,CEDI Medellín,Medellín,Coordinadora,KMS57601030,11900,2026-05-18 19:14:33,Entregado,2026-05-18 04:19:05,True,1.0,1.0031481481481481,True
PED001874,10,10,2026-02-20 05:51:50,2026-02-21 08:46:04,26.9,0,CEDI Bogotá,Bogotá D.C.,Servientrega,KMS13523723,13900,2026-02-21 21:51:50,Entregado,2026-02-21 08:46:04,True,1.0,1.1209953703703703,True
PED001875,10,10,2026-06-08 05:41:10,2026-06-11 01:28:29,67.78,0,CEDI Bogotá,Bogotá D.C.,Inter Rapidísimo,KMS80038502,13090,2026-06-09 21:41:10,Entregado,2026-06-11 01:28:29,True,0.0,2.824525462962963,True
PED001876,10,10,2026-05-17 19:07:54,2026-05-19 02:32:30,31.39,0,CEDI Medellín,Medellín,Envia,KMS52765719,18900,2026-05-19 10:07:54,Entregado,2026-05-19 02:32:30,True,1.0,1.30875,True
PED001877,10,10,2026-02-14 04:48:03,2026-02-16 23:38:28,66.84,0,CEDI Barranquilla,Barranquilla,Envia,KMS71118816,9790,2026-02-16 14:48:03,Entregado,2026-02-16 23:38:28,True,0.0,2.785011574074074,True
PED001878,10,10,2026-05-06 18:12:47,2026-05-07 15:30:24,21.29,0,CEDI Medellín,Medellín,Inter Rapidísimo,KMS40708049,18900,2026-05-08 16:12:47,Entregado,2026-05-07 15:30:24,True,1.0,0.8872337962962963,True
PED001879,10,10,2026-05-22 14:55:58,2026-05-23 22:18:46,31.38,0,CEDI Bogotá,Bogotá D.C.,TCC,KMS30556477,18900,2026-05-24 06:55:58,Entregado,2026-05-23 22:18:46,True,1.0,1.3075,True
PED001880,10,10,2026-04-26 11:12:23,2026-04-27 13:18:25,26.08,0,CEDI Bogotá,Bogotá D.C.,Servientrega,KMS40096619,15900,2026-04-28 03:12:23,Entregado,2026-04-27 13:18:25,True,1.0,1.0875231481481482,True
PED001881,10,10,2026-01-11 05:10:57,2026-01-13 05:24:14,48.22,0,CEDI Bogotá,Bogotá D.C.,Coordinadora,KMS56120151,11900,2026-01-12 21:10:57,Entregado,2026-01-13 05:24:14,True,0.0,2.009224537037037,True
PED001882,10,10,2026-06-20 17:33:12,2026-06-22 10:57:28,41.41,0,CEDI Bucaramanga,Bucaramanga,Coordinadora,KMS49562975,18900,2026-06-22 21:33:12,Entregado,2026-06-22 10:57:28,True,1.0,1.7251851851851852,True
PED001883,10,10,2026-03-06 23:49:25,2026-03-08 10:32:38,34.71,0,CEDI Cali,Cali,Coordinadora,KMS68755368,11900,2026-03-08 23:49:25,Entregado,2026-03-08 10:32:38,True,1.0,1.4466782407407408,True
PED001884,10,10,2026-01-12 11:27:48,2026-01-14 07:15:14,43.800000000000004,1,CEDI Bogotá,Bogotá D.C.,Servientrega,KMS35084809,13900,2026-01-14 03:27:48,Entregado,2026-01-14 07:15:14,True,0.0,1.8246064814814815,True
PED001885,10,10,2026-02-28 18:27:30,2026-03-02 17:09:37,46.7,0,CEDI Cali,Cali,Envia,KMS41851170,9900,2026-03-02 18:27:30,Entregado,2026-03-02 17:09:37,True,1.0,1.9459143518518518,True
PED001886,10,10,2026-01-30 00:43:33,2026-01-31 10:45:02,34.04,0,CEDI Medellín,Medellín,Servientrega,KMS36072939,9900,2026-01-31 22:43:33,Entregado,2026-01-31 10:45:02,True,1.0,1.4176967592592593,True
PED001887,10,10,2026-03-25 14:37:08,2026-03-26 22:27:55,31.85,0,CEDI Bucaramanga,Bucaramanga,Servientrega,KMS89467579,15900,2026-03-27 11:37:08,Entregado,2026-03-26 22:27:55,True,1.0,1.3269328703703704,True
PED001888,10,10,2026-01-19 12:13:43,2026-01-21 01:19:51,37.1,1,CEDI Cali,Cali,Inter Rapidísimo,KMS77636056,20790,2026-01-21 12:13:43,Entregado,2026-01-21 01:19:51,True,1.0,1.545925925925926,True
PED001889,10,10,2026-05-17 23:17:44,2026-05-19 18:37:29,43.34,0,CEDI Pereira,Pereira,Servientrega,KMS35411994,20790,2026-05-20 01:17:44,Entregado,2026-05-19 18:37:29,True,1.0,1.8053819444444446,True
PED001890,10,10,2026-04-20 21:03:20,2026-04-22 05:35:09,32.52,1,CEDI Cali,Cali,TCC,KMS79349671,13900,2026-04-22 21:03:20,Entregado,2026-04-22 05:35:09,True,1.0,1.3554282407407408,True
PED001891,10,10,2026-01-21 14:35:49,2026-01-23 12:47:03,46.19,0,CEDI Medellín,Medellín,Inter Rapidísimo,KMS66615715,20790,2026-01-23 12:35:49,Entregado,2026-01-23 12:47:03,True,0.0,1.9244675925925927,True
PED001892,10,10,2026-05-17 13:27:20,2026-05-18 21:52:11,32.410000000000004,0,CEDI Bogotá,Bogotá D.C.,Envia,KMS71060389,9790,2026-05-19 05:27:20,Entregado,2026-05-18 21:52:11,True,1.0,1.3505902777777778,True
PED001893,10,10,2026-04-25 19:38:31,2026-04-26 20:52:03,25.23,0,CEDI Pereira,Pereira,Coordinadora,KMS66333091,18900,2026-04-27 14:38:31,Entregado,2026-04-26 20:52:03,True,1.0,1.0510648148148147,True
PED001894,10,10,2026-05-27 04:23:05,2026-05-29 08:08:21,51.74,0,CEDI Bucaramanga,Bucaramanga,Coordinadora,KMS87689231,11900,2026-05-29 08:23:05,Entregado,2026-05-29 08:08:21,True,1.0,2.156435185185185,True
PED001895,10,10,2026-04-18 19:12:19,2026-04-20 07:08:34,35.94,0,CEDI Cali,Cali,Envia,KMS96358268,18900,2026-04-20 19:12:19,Entregado,2026-04-20 07:08:34,True,1.0,1.4973958333333333,True
PED001896,10,10,2026-01-31 14:31:20,2026-02-01 15:28:15,24.94,0,CEDI Bogotá,Bogotá D.C.,Servientrega,KMS59463028,15900,2026-02-02 06:31:20,Entregado,2026-02-01 15:28:15,True,1.0,1.0395254629629629,True
PED001897,10,10,2026-01-21 17:53:52,2026-01-23 04:45:23,34.86,0,CEDI Bogotá,Bogotá D.C.,Envia,KMS36377710,18900,2026-01-23 09:53:52,Entregado,2026-01-23 04:45:23,True,1.0,1.4524421296296297,True
PED001898,10,10,2026-04-22 04:35:07,2026-04-23 19:01:52,38.46,1,CEDI Cali,Cali,Inter Rapidísimo,KMS88336478,15290,2026-04-24 04:35:07,Entregado,2026-04-23 19:01:52,True,1.0,1.6019097222222223,True
PED001899,10,10,2026-02-24 08:37:20,2026-02-24 18:37:20,10.0,0,CEDI Bogotá,Bogotá D.C.,TCC,KMS24590641,13900,2026-02-25 17:37:20,Entregado,2026-02-24 18:37:20,True,1.0,0.4166666666666667,True
PED001900,10,10,2026-01-30 19:06:23,2026-01-31 23:06:43,28.0,0,CEDI Bucaramanga,Bucaramanga,Inter Rapidísimo,KMS44830929,15290,2026-02-01 23:06:23,Entregado,2026-01-31 23:06:43,True,1.0,1.1668981481481482,True
PED001901,10,10,2026-05-04 09:13:19,2026-05-05 16:54:16,31.68,0,CEDI Medellín,Medellín,Servientrega,KMS39770663,15290,2026-05-06 07:13:19,Entregado,2026-05-05 16:54:16,True,1.0,1.3201041666666666,True
PED001902,10,10,2026-01-18 15:46:37,2026-01-20 07:43:33,39.95,0,CEDI Barranquilla,Barranquilla,Inter Rapidísimo,KMS22970440,13090,2026-01-21 01:46:37,Entregado,2026-01-20 07:43:33,True,1.0,1.664537037037037,True
PED001903,10,10,2026-06-23 13:08:52,2026-06-24 21:57:11,32.800000000000004,0,CEDI Bogotá,Bogotá D.C.,TCC,KMS74831885,8900,2026-06-25 05:08:52,Entregado,2026-06-24 21:57:11,True,1.0,1.366886574074074,True
PED001904,10,10,2026-02-01 15:48:16,2026-02-02 16:57:56,25.15,0,CEDI Bogotá,Bogotá D.C.,Envia,KMS46614814,8900,2026-02-03 07:48:16,Entregado,2026-02-02 16:57:56,True,1.0,1.0483796296296297,True
PED001905,10,10,2026-05-16 12:39:06,2026-05-19 13:18:16,72.63,0,CEDI Bucaramanga,Bucaramanga,Coordinadora,KMS75817119,13900,2026-05-18 16:39:06,Entregado,2026-05-19 13:18:16,True,0.0,3.027199074074074,True
PED001906,10,10,2026-05-22 08:21:54,2026-05-23 02:48:34,18.43,1,CEDI Bogotá,Bogotá D.C.,Coordinadora,KMS60155313,11900,2026-05-24 00:21:54,Entregado,2026-05-23 02:48:34,True,1.0,0.7685185185185185,True
PED001907,10,10,2026-05-24 22:50:56,2026-05-26 12:19:29,37.47,0,CEDI Pereira,Pereira,Inter Rapidísimo,KMS27495077,13900,2026-05-26 17:50:56,Entregado,2026-05-26 12:19:29,True,1.0,1.5614930555555555,True
PED001908,10,10,2026-01-20 12:55:25,2026-01-21 19:01:21,30.09,0,CEDI Bogotá,Bogotá D.C.,Inter Rapidísimo,KMS75207219,8900,2026-01-21 21:55:25,Entregado,2026-01-21 19:01:21,True,1.0,1.2541203703703703,True
PED001909,10,10,2026-02-14 10:36:18,2026-02-15 17:44:55,31.150000000000002,0,CEDI Medellín,Medellín,Servientrega,KMS16355768,9900,2026-02-16 08:36:18,Entregado,2026-02-15 17:44:55,True,1.0,1.297650462962963,True
PED001910,10,10,2026-02-01 11:38:22,2026-02-03 09:44:48,46.1,0,CEDI Bucaramanga,Bucaramanga,Envia,KMS45927803,18900,2026-02-03 15:38:22,Entregado,2026-02-03 09:44:48,True,1.0,1.9211342592592593,True
PED001911,10,10,2026-01-03 11:05:55,2026-01-05 14:29:16,51.39,0,CEDI Barranquilla,Barranquilla,Envia,KMS49922278,18900,2026-01-05 21:05:55,Entregado,2026-01-05 14:29:16,True,1.0,2.141215277777778,True
PED001912,10,10,2026-01-01 18:38:03,2026-01-02 16:01:34,21.39,0,CEDI Bogotá,Bogotá D.C.,TCC,KMS54708321,9900,2026-01-03 03:38:05,Entregado,2026-01-02 16:01:34,True,1.0,0.8913310185185185,True
PED001913,10,10,2026-03-20 13:50:39,2026-03-21 15:24:40,25.57,0,CEDI Medellín,Medellín,TCC,KMS16720728,8900,2026-03-22 11:50:39,Entregado,2026-03-21 15:24:40,True,1.0,1.0652893518518518,True
PED001914,10,10,2026-02-15 06:07:51,2026-02-17 10:27:39,52.32,0,CEDI Bogotá,Bogotá D.C.,Inter Rapidísimo,KMS69854625,13900,2026-02-16 22:07:51,Entregado,2026-02-17 10:27:39,True,0.0,2.1804166666666664,True
PED001915,10,10,2026-04-28 21:21:45,2026-04-29 22:51:26,25.49,0,CEDI Pereira,Pereira,Servientrega,KMS62651531,13900,2026-04-30 16:21:45,Entregado,2026-04-29 22:51:26,True,1.0,1.0622800925925926,True
PED001916,10,10,2026-06-17 14:50:04,2026-06-20 00:51:07,58.02,0,CEDI Bogotá,Bogotá D.C.,Coordinadora,KMS84842693,10890,2026-06-18 23:50:04,Entregado,2026-06-20 00:51:07,True,0.0,2.4173958333333334,True
PED001917,10,10,2026-05-12 22:22:31,2026-05-14 13:06:16,38.730000000000004,0,CEDI Cali,Cali,Inter Rapidísimo,KMS32732480,9900,2026-05-14 22:22:31,Entregado,2026-05-14 13:06:16,True,1.0,1.6137152777777777,True
PED001918,10,10,2026-03-09 18:08:06,2026-03-12 06:33:11,60.4,0,CEDI Barranquilla,Barranquilla,Inter Rapidísimo,KMS77807018,9900,2026-03-11 21:08:06,Entregado,2026-03-12 06:33:11,True,0.0,2.5174189814814816,True
PED001919,10,10,2026-05-16 11:08:21,2026-05-17 15:48:27,28.68,0,CEDI Barranquilla,Barranquilla,Servientrega,KMS30168304,8900,2026-05-18 14:08:21,Entregado,2026-05-17 15:48:27,True,1.0,1.1945138888888889,True
PED001920,10,10,2026-06-06 08:30:31,2026-06-07 11:30:57,27.01,0,CEDI Medellín,Medellín,Servientrega,KMS43893155,11900,2026-06-08 06:30:31,Entregado,2026-06-07 11:30:57,True,1.0,1.125300925925926,True
PED001921,10,10,2026-04-16 00:32:59,2026-04-17 04:32:52,27.990000000000002,0,CEDI Pereira,Pereira,Envia,KMS94876910,11900,2026-04-17 19:32:59,Entregado,2026-04-17 04:32:52,True,1.0,1.1665856481481482,True
PED001922,10,10,2026-06-26 05:17:33,2026-06-27 11:18:33,30.02,0,CEDI Medellín,Medellín,Envia,KMS96189113,13090,2026-06-27 20:17:33,Entregado,2026-06-27 11:18:33,True,1.0,1.2506944444444446,True
PED001923,10,10,2026-01-13 06:56:56,2026-01-15 05:44:24,46.79,1,CEDI Barranquilla,Barranquilla,Inter Rapidísimo,KMS71897149,17490,2026-01-15 16:56:56,Entregado,2026-01-15 05:44:24,True,1.0,1.9496296296296296,True
PED001924,10,10,2026-02-13 23:25:02,2026-02-15 06:25:10,31.009999999999998,1,CEDI Medellín,Medellín,TCC,KMS79162211,20790,2026-02-15 21:25:02,Entregado,2026-02-15 06:25:10,True,1.0,1.2917592592592593,True
PED001925,10,10,2026-03-15 23:32:01,2026-03-17 18:22:18,42.82,0,CEDI Barranquilla,Barranquilla,TCC,KMS95586258,15900,2026-03-18 09:32:01,Entregado,2026-03-17 18:22:18,True,1.0,1.7849189814814814,True
PED001926,10,10,2026-06-06 20:39:21,2026-06-08 11:28:29,38.81,0,CEDI Cali,Cali,TCC,KMS84039006,15900,2026-06-08 20:39:21,Entregado,2026-06-08 11:28:29,True,1.0,1.6174537037037038,True
PED001927,10,10,2026-06-26 04:03:51,2026-06-28 02:31:21,46.46,0,CEDI Barranquilla,Barranquilla,Servientrega,KMS39784019,8900,2026-06-28 14:03:51,Entregado,2026-06-28 02:31:21,True,1.0,1.9357638888888888,True
PED001928,10,10,2026-03-08 16:32:17,2026-03-09 16:22:08,23.830000000000002,0,CEDI Medellín,Medellín,Inter Rapidísimo,KMS24726811,11900,2026-03-10 14:32:17,Entregado,2026-03-09 16:22:08,True,1.0,0.9929513888888889,True
PED001929,10,10,2026-04-07 17:43:01,2026-04-08 19:11:23,25.46,0,CEDI Cali,Cali,Coordinadora,KMS33703558,18900,2026-04-09 17:43:01,Entregado,2026-04-08 19:11:23,True,1.0,1.0613657407407406,True
PED001930,10,10,2026-05-12 08:23:54,2026-05-13 13:57:35,29.55,0,CEDI Pereira,Pereira,Servientrega,KMS51078269,15290,2026-05-14 03:23:54,Entregado,2026-05-13 13:57:35,True,1.0,1.231724537037037,True
PED001931,10,10,2026-03-06 00:29:41,2026-03-07 10:31:44,34.019999999999996,0,CEDI Pereira,Pereira,Coordinadora,KMS48233615,18900,2026-03-08 02:29:41,Entregado,2026-03-07 10:31:44,True,1.0,1.4180902777777777,True
PED001932,10,10,2026-06-04 06:25:37,2026-06-05 08:04:56,25.67,0,CEDI Cali,Cali,Envia,KMS26724459,8900,2026-06-06 06:25:37,Entregado,2026-06-05 08:04:56,True,1.0,1.0689699074074075,True
PED001933,10,10,2026-03-02 10:46:46,2026-03-03 05:58:36,19.2,0,CEDI Bogotá,Bogotá D.C.,Coordinadora,KMS69052143,13900,2026-03-04 02:46:46,Entregado,2026-03-03 05:58:36,True,1.0,0.7998842592592592,True
PED001934,10,10,2026-06-22 11:16:34,2026-06-23 19:48:48,32.54,0,CEDI Cali,Cali,Coordinadora,KMS81202937,9900,2026-06-24 11:16:34,Entregado,2026-06-23 19:48:48,True,1.0,1.3557175925925926,True
PED001935,10,10,2026-04-06 15:47:27,2026-04-07 18:21:51,26.57,0,CEDI Pereira,Pereira,Coordinadora,KMS95486990,9900,2026-04-08 17:47:27,Entregado,2026-04-07 18:21:51,True,1.0,1.1072222222222223,True
PED001936,10,10,2026-02-19 08:54:28,2026-02-20 14:27:05,29.529999999999998,0,CEDI Bogotá,Bogotá D.C.,Servientrega,KMS61456430,18900,2026-02-21 00:54:28,Entregado,2026-02-20 14:27:05,True,1.0,1.2309837962962964,True
PED001937,10,10,2026-05-13 08:36:38,2026-05-14 02:26:22,17.82,0,CEDI Medellín,Medellín,TCC,KMS33158482,11900,2026-05-15 06:36:38,Entregado,2026-05-14 02:26:22,True,1.0,0.7428703703703704,True
PED001938,10,10,2026-02-14 20:39:48,2026-02-16 02:04:44,29.42,0,CEDI Bogotá,Bogotá D.C.,Servientrega,KMS16296938,8900,2026-02-16 05:39:48,Entregado,2026-02-16 02:04:44,True,1.0,1.225648148148148,True
PED001939,10,10,2026-02-01 12:56:53,2026-02-02 12:04:25,23.130000000000003,0,CEDI Medellín,Medellín,Coordinadora,KMS17688431,11900,2026-02-03 03:56:53,Entregado,2026-02-02 12:04:25,True,1.0,0.9635648148148148,True
PED001940,10,10,2026-02-14 18:55:10,2026-02-16 09:23:48,38.48,0,CEDI Medellín,Medellín,Coordinadora,KMS71315542,13900,2026-02-16 09:55:10,Entregado,2026-02-16 09:23:48,True,1.0,1.6032175925925927,True
PED001941,10,10,2026-02-21 16:57:26,2026-02-22 23:37:58,30.689999999999998,0,CEDI Bogotá,Bogotá D.C.,Servientrega,KMS17904180,18900,2026-02-23 08:57:26,Entregado,2026-02-22 23:37:58,True,1.0,1.2781481481481483,True
PED001942,10,10,2026-02-24 04:02:33,2026-02-25 11:21:05,31.310000000000002,0,CEDI Bogotá,Bogotá D.C.,Servientrega,KMS27926570,15290,2026-02-25 20:02:33,Entregado,2026-02-25 11:21:05,True,1.0,1.304537037037037,True
PED001943,10,10,2026-06-13 21:28:49,2026-06-14 15:00:09,17.52,0,CEDI Bogotá,Bogotá D.C.,Servientrega,KMS14455728,9790,2026-06-15 06:28:49,Entregado,2026-06-14 15:00:09,True,1.0,0.7300925925925926,True
PED001944,10,10,2026-03-04 10:30:11,2026-03-05 11:36:07,25.1,0,CEDI Medellín,Medellín,Coordinadora,KMS91236876,9900,2026-03-06 08:30:11,Entregado,2026-03-05 11:36:07,True,1.0,1.045787037037037,True
PED001945,10,10,2026-04-28 07:43:26,2026-04-28 18:51:50,11.14,0,CEDI Bogotá,Bogotá D.C.,TCC,KMS29260415,9790,2026-04-29 23:43:26,Entregado,2026-04-28 18:51:50,True,1.0,0.46416666666666667,True
PED001946,10,10,2026-04-07 19:04:50,2026-04-10 10:42:32,63.61,0,CEDI Medellín,Medellín,Envia,KMS63648814,17490,2026-04-09 17:04:50,Entregado,2026-04-10 10:42:32,True,0.0,2.6511805555555554,True
PED001947,10,10,2026-01-02 14:04:36,2026-01-04 15:43:27,49.660000000000004,0,CEDI Barranquilla,Barranquilla,Inter Rapidísimo,KMS71541431,8900,2026-01-05 00:04:36,Entregado,2026-01-04 15:43:27,True,1.0,2.0686458333333335,True
PED001948,10,10,2026-05-07 05:43:08,2026-05-08 15:08:42,33.42,0,CEDI Cali,Cali,TCC,KMS96244572,8900,2026-05-09 05:43:08,Entregado,2026-05-08 15:08:42,True,1.0,1.3927546296296296,True
PED001949,10,10,2026-01-27 17:50:09,2026-01-29 17:57:05,48.12,0,CEDI Bucaramanga,Bucaramanga,Servientrega,KMS53329121,15900,2026-01-29 21:50:09,Entregado,2026-01-29 17:57:05,True,1.0,2.004814814814815,True
PED001950,10,10,2026-04-04 09:08:59,2026-04-05 03:38:37,18.509999999999998,0,CEDI Bogotá,Bogotá D.C.,Coordinadora,KMS24306975,9900,2026-04-06 01:08:59,Entregado,2026-04-05 03:38:37,True,1.0,0.7705787037037037,True
PED001951,10,10,2026-06-27 13:28:47,2026-06-29 04:48:56,39.32,0,CEDI Cali,Cali,TCC,KMS81347325,13900,2026-06-29 06:28:47,Entregado,2026-06-29 04:48:56,True,1.0,1.6389930555555556,True
PED001952,10,10,2026-06-29 13:53:07,2026-07-01 15:18:16,49.42,0,CEDI Pereira,Pereira,TCC,KMS47616129,9900,2026-07-01 15:53:07,Entregado,2026-07-01 15:18:16,True,1.0,2.0591319444444443,True
PED001953,10,10,2026-06-28 10:58:40,2026-06-29 15:39:41,28.689999999999998,1,CEDI Medellín,Medellín,Envia,KMS12575452,8900,2026-06-30 08:58:40,Entregado,2026-06-29 15:39:41,True,1.0,1.195150462962963,True
PED001954,10,10,2026-01-17 15:05:05,2026-01-19 04:39:31,37.58,0,CEDI Cali,Cali,Coordinadora,KMS13084205,15900,2026-01-19 08:05:05,Entregado,2026-01-19 04:39:31,True,1.0,1.5655787037037037,True
PED001955,10,10,2026-03-08 02:26:55,2026-03-09 03:35:04,25.13,0,CEDI Bogotá,Bogotá D.C.,Servientrega,KMS47489317,17490,2026-03-09 18:26:55,Entregado,2026-03-09 03:35:04,True,1.0,1.0473263888888888,True
PED001956,10,10,2026-04-19 02:33:47,2026-04-21 05:09:59,50.62,0,CEDI Pereira,Pereira,TCC,KMS55778282,11900,2026-04-21 04:33:47,Entregado,2026-04-21 05:09:59,True,0.0,2.1084722222222223,True
PED001957,10,10,2026-05-25 08:50:16,2026-05-26 09:17:49,24.46,0,CEDI Bogotá,Bogotá D.C.,Servientrega,KMS34707247,18900,2026-05-27 00:50:16,Entregado,2026-05-26 09:17:49,True,1.0,1.0191319444444444,True
PED001958,10,10,2026-04-10 03:09:02,2026-04-11 18:20:15,39.21,0,CEDI Bogotá,Bogotá D.C.,Coordinadora,KMS16551360,8900,2026-04-11 12:09:02,Entregado,2026-04-11 18:20:15,True,0.0,1.632789351851852,True
PED001959,10,10,2026-05-31 19:26:12,2026-06-03 10:21:28,62.9,1,CEDI Bucaramanga,Bucaramanga,TCC,KMS95081637,8900,2026-06-02 16:26:12,Entregado,2026-06-03 10:21:28,True,0.0,2.6217129629629627,True
PED001960,10,10,2026-06-14 18:56:27,2026-06-15 13:51:09,18.91,0,CEDI Medellín,Medellín,Inter Rapidísimo,KMS84429415,15290,2026-06-16 09:56:27,Entregado,2026-06-15 13:51:09,True,1.0,0.7879861111111112,True
PED001961,10,10,2026-05-27 09:38:47,2026-05-28 09:10:27,23.51,0,CEDI Bogotá,Bogotá D.C.,Envia,KMS78369137,9790,2026-05-28 18:38:47,Entregado,2026-05-28 09:10:27,True,1.0,0.9803240740740741,True
PED001962,10,10,2026-01-23 22:46:50,2026-01-25 16:46:56,41.989999999999995,0,CEDI Bogotá,Bogotá D.C.,Servientrega,KMS39906162,20790,2026-01-25 07:46:50,Entregado,2026-01-25 16:46:56,True,0.0,1.7500694444444445,True
PED001963,10,10,2026-05-24 05:52:56,2026-05-25 21:17:48,39.42,0,CEDI Bucaramanga,Bucaramanga,TCC,KMS34678047,11900,2026-05-26 09:52:56,Entregado,2026-05-25 21:17:48,True,1.0,1.6422685185185186,True
PED001964,10,10,2026-03-25 21:10:17,2026-03-26 22:06:40,24.93,0,CEDI Bogotá,Bogotá D.C.,Inter Rapidísimo,KMS27287518,8900,2026-03-27 06:10:17,Entregado,2026-03-26 22:06:40,True,1.0,1.0391550925925925,True
PED001965,10,10,2026-04-28 20:02:28,2026-04-30 02:13:21,30.18,0,CEDI Bogotá,Bogotá D.C.,TCC,KMS86664767,20790,2026-04-30 12:02:28,Entregado,2026-04-30 02:13:21,True,1.0,1.2575578703703705,True
PED001966,10,10,2026-04-10 15:23:02,2026-04-11 01:23:02,10.02,0,CEDI Bogotá,Bogotá D.C.,Coordinadora,KMS25371703,15900,2026-04-12 00:23:02,Entregado,2026-04-11 01:23:02,True,1.0,0.4166666666666667,True
PED001967,10,10,2026-06-24 16:21:34,2026-06-25 11:21:18,19.0,0,CEDI Bogotá,Bogotá D.C.,Inter Rapidísimo,KMS67115756,11900,2026-06-26 08:21:34,Entregado,2026-06-25 11:21:18,True,1.0,0.7914814814814815,True
PED001968,10,10,2026-03-12 19:59:58,2026-03-14 11:50:48,39.85,0,CEDI Bogotá,Bogotá D.C.,Servientrega,KMS71494826,15290,2026-03-14 11:59:58,Entregado,2026-03-14 11:50:48,True,1.0,1.6603009259259258,True
PED001969,10,10,2026-06-26 19:32:41,2026-06-27 19:47:06,24.22,0,CEDI Bogotá,Bogotá D.C.,Coordinadora,KMS13190008,8900,2026-06-28 04:32:41,Entregado,2026-06-27 19:47:06,True,1.0,1.010011574074074,True
PED001970,10,10,2026-03-12 08:06:01,2026-03-13 12:40:09,28.57,0,CEDI Bucaramanga,Bucaramanga,Inter Rapidísimo,KMS36035860,18900,2026-03-14 12:06:01,Entregado,2026-03-13 12:40:09,True,1.0,1.1903703703703703,True
PED001971,10,10,2026-03-29 07:57:37,2026-04-01 00:40:05,64.7,1,CEDI Medellín,Medellín,TCC,KMS63226878,18900,2026-03-31 05:57:37,Entregado,2026-04-01 00:40:05,True,0.0,2.6961574074074073,True
PED001972,10,10,2026-01-20 04:51:21,2026-01-21 12:19:33,31.46,0,CEDI Bogotá,Bogotá D.C.,TCC,KMS58620015,18900,2026-01-21 20:51:21,Entregado,2026-01-21 12:19:33,True,1.0,1.31125,True
PED001973,10,10,2026-02-05 03:58:45,2026-02-06 16:07:30,36.14,0,CEDI Pereira,Pereira,Envia,KMS37390398,9790,2026-02-07 05:58:45,Entregado,2026-02-06 16:07:30,True,1.0,1.5060763888888888,True
PED001974,10,10,2026-05-14 07:57:11,2026-05-15 02:49:48,18.88,0,CEDI Bogotá,Bogotá D.C.,Coordinadora,KMS79119871,20790,2026-05-15 23:57:11,Entregado,2026-05-15 02:49:48,True,1.0,0.7865393518518519,True
PED001975,10,10,2026-02-14 20:56:59,2026-02-16 00:03:31,27.119999999999997,0,CEDI Bogotá,Bogotá D.C.,Inter Rapidísimo,KMS32681410,13090,2026-02-16 12:56:59,Entregado,2026-02-16 00:03:31,True,1.0,1.129537037037037,True
PED001976,10,10,2026-03-13 08:52:16,2026-03-14 21:18:53,36.44,0,CEDI Barranquilla,Barranquilla,Servientrega,KMS17840757,8900,2026-03-15 18:52:16,Entregado,2026-03-14 21:18:53,True,1.0,1.5184837962962963,True
PED001977,10,10,2026-05-03 23:55:30,2026-05-05 07:03:44,31.14,0,CEDI Cali,Cali,Inter Rapidísimo,KMS83003683,9900,2026-05-05 23:55:30,Entregado,2026-05-05 07:03:44,True,1.0,1.2973842592592593,True
PED001978,10,10,2026-03-25 10:05:52,2026-03-26 17:19:15,31.23,0,CEDI Bogotá,Bogotá D.C.,Servientrega,KMS17245295,8900,2026-03-27 02:05:52,Entregado,2026-03-26 17:19:15,True,1.0,1.3009606481481482,True
PED001979,10,10,2026-05-31 06:29:34,2026-06-01 12:28:28,29.97,0,CEDI Cali,Cali,TCC,KMS64849715,18900,2026-06-01 23:29:34,Entregado,2026-06-01 12:28:28,True,1.0,1.2492361111111112,True
PED001980,10,10,2026-05-30 15:48:57,2026-06-01 11:11:26,43.370000000000005,0,CEDI Bucaramanga,Bucaramanga,Servientrega,KMS36749250,9790,2026-06-01 19:48:57,Entregado,2026-06-01 11:11:26,True,1.0,1.8072800925925927,True
PED001981,10,10,2026-06-04 05:51:43,2026-06-05 05:41:55,23.83,1,CEDI Medellín,Medellín,TCC,KMS75247639,10890,2026-06-06 03:51:43,Entregado,2026-06-05 05:41:55,True,1.0,0.9931944444444445,True
PED001982,10,10,2026-05-24 23:53:56,2026-05-26 23:00:38,47.11,0,CEDI Cali,Cali,Envia,KMS91794033,18900,2026-05-26 23:53:56,Entregado,2026-05-26 23:00:38,True,1.0,1.962986111111111,True
PED001983,10,10,2026-01-02 08:10:03,2026-01-03 12:26:15,28.27,0,CEDI Barranquilla,Barranquilla,TCC,KMS36523062,11900,2026-01-04 11:10:03,Entregado,2026-01-03 12:26:15,True,1.0,1.1779166666666667,True
PED001984,10,10,2026-03-26 20:40:49,2026-03-27 15:08:27,18.47,0,CEDI Bogotá,Bogotá D.C.,Coordinadora,KMS14126260,9900,2026-03-28 05:40:49,Entregado,2026-03-27 15:08:27,True,1.0,0.7691898148148149,True
PED001985,10,10,2026-01-11 05:21:37,2026-01-13 16:20:58,59.0,0,CEDI Bogotá,Bogotá D.C.,Servientrega,KMS39823683,11900,2026-01-12 21:21:37,Entregado,2026-01-13 16:20:58,True,0.0,2.4578819444444444,True
PED001986,10,10,2026-04-09 01:17:29,2026-04-10 04:28:26,27.19,1,CEDI Cali,Cali,Servientrega,KMS67003645,18900,2026-04-10 18:17:29,Entregado,2026-04-10 04:28:26,True,1.0,1.1326041666666666,True
PED001987,10,10,2026-04-22 22:32:29,2026-04-24 15:30:02,40.96,0,CEDI Bucaramanga,Bucaramanga,Servientrega,KMS14243198,13900,2026-04-25 02:32:29,Entregado,2026-04-24 15:30:02,True,1.0,1.7066319444444444,True
PED001988,10,10,2026-03-04 02:34:54,2026-03-05 12:18:08,33.730000000000004,0,CEDI Medellín,Medellín,TCC,KMS17345966,11900,2026-03-05 17:34:54,Entregado,2026-03-05 12:18:08,True,1.0,1.405023148148148,True
PED001989,10,10,2026-06-01 04:49:01,2026-06-02 14:33:49,33.75,0,CEDI Bogotá,Bogotá D.C.,Inter Rapidísimo,KMS62036961,13090,2026-06-02 20:49:01,Entregado,2026-06-02 14:33:49,True,1.0,1.406111111111111,True
PED001990,10,10,2026-06-24 03:15:16,2026-06-25 11:32:41,32.29,0,CEDI Bogotá,Bogotá D.C.,Envia,KMS70238457,11900,2026-06-25 12:15:16,Entregado,2026-06-25 11:32:41,True,1.0,1.3454282407407407,True
PED001991,10,10,2026-03-16 22:59:35,2026-03-17 20:02:46,21.060000000000002,0,CEDI Medellín,Medellín,Servientrega,KMS66292085,9790,2026-03-18 13:59:35,Entregado,2026-03-17 20:02:46,True,1.0,0.8772106481481482,True
PED001992,10,10,2026-03-13 06:20:34,2026-03-14 23:45:36,41.42,0,CEDI Medellín,Medellín,Coordinadora,KMS27115717,18900,2026-03-15 04:20:34,Entregado,2026-03-14 23:45:36,True,1.0,1.7257175925925925,True
PED001993,10,10,2026-02-08 17:51:21,2026-02-09 17:38:44,23.79,0,CEDI Bogotá,Bogotá D.C.,TCC,KMS26250220,17490,2026-02-10 02:51:21,Entregado,2026-02-09 17:38:44,True,1.0,0.9912384259259259,True
PED001994,10,10,2026-04-09 13:49:31,2026-04-11 09:28:29,43.65,0,CEDI Medellín,Medellín,Envia,KMS66267889,9900,2026-04-11 11:49:31,Entregado,2026-04-11 09:28:29,True,1.0,1.8187268518518518,True
PED001995,10,10,2026-03-14 06:22:22,2026-03-15 16:55:00,34.550000000000004,0,CEDI Cali,Cali,Inter Rapidísimo,KMS14461314,8900,2026-03-16 06:22:22,Entregado,2026-03-15 16:55:00,True,1.0,1.4393287037037037,True
PED001996,10,10,2026-01-13 21:13:04,2026-01-15 00:48:34,27.58,0,CEDI Pereira,Pereira,Envia,KMS75872747,9900,2026-01-15 16:13:04,Entregado,2026-01-15 00:48:34,True,1.0,1.1496527777777779,True
PED001997,10,10,2026-02-21 05:00:32,2026-02-22 12:47:47,31.79,0,CEDI Bucaramanga,Bucaramanga,TCC,KMS83408539,15900,2026-02-23 02:00:32,Entregado,2026-02-22 12:47:47,True,1.0,1.3244791666666667,True
PED001998,10,10,2026-01-18 23:10:33,2026-01-19 17:51:56,18.68,0,CEDI Bogotá,Bogotá D.C.,Coordinadora,KMS27619605,15900,2026-01-20 08:10:33,Entregado,2026-01-19 17:51:56,True,1.0,0.7787384259259259,True
PED001999,10,10,2026-05-31 16:57:32,2026-06-02 04:28:46,35.52,0,CEDI Bogotá,Bogotá D.C.,Servientrega,KMS59559687,13900,2026-06-02 08:57:32,Entregado,2026-06-02 04:28:46,True,1.0,1.480023148148148,True
PED002000,10,10,2026-02-24 09:46:20,2026-02-25 08:34:22,22.8,0,CEDI Cali,Cali,TCC,KMS18806661,11900,2026-02-26 09:46:20,Entregado,2026-02-25 08:34:22,True,1.0,0.9500231481481481,True
PED002001,10,10,2026-03-27 05:37:25,2026-03-28 11:42:59,30.099999999999998,0,CEDI Bogotá,Bogotá D.C.,TCC,KMS15236598,13900,2026-03-28 21:37:25,Entregado,2026-03-28 11:42:59,True,1.0,1.2538657407407408,True
PED002002,10,10,2026-05-10 07:19:08,2026-05-11 01:54:04,18.58,0,CEDI Bogotá,Bogotá D.C.,Servientrega,KMS71816727,11900,2026-05-11 16:19:08,Entregado,2026-05-11 01:54:04,True,1.0,0.7742592592592593,True
PED002003,10,10,2026-06-15 06:01:47,2026-06-16 23:34:13,41.54,0,CEDI Cali,Cali,Coordinadora,KMS17187383,9900,2026-06-17 06:01:47,Entregado,2026-06-16 23:34:13,True,1.0,1.7308564814814815,True
PED002004,10,10,2026-06-15 00:42:43,2026-06-16 16:18:16,39.589999999999996,0,CEDI Medellín,Medellín,Inter Rapidísimo,KMS21042470,15290,2026-06-16 22:42:43,Entregado,2026-06-16 16:18:16,True,1.0,1.6496875,True
PED002005,10,10,2026-02-28 00:19:55,2026-03-01 14:34:09,38.24,0,CEDI Cali,Cali,Coordinadora,KMS53175030,13900,2026-03-02 00:19:55,Entregado,2026-03-01 14:34:09,True,1.0,1.5932175925925927,True
PED002006,10,10,2026-04-11 03:47:42,2026-04-12 09:26:04,29.64,0,CEDI Barranquilla,Barranquilla,Envia,KMS27937740,11900,2026-04-13 06:47:42,Entregado,2026-04-12 09:26:04,True,1.0,1.2349768518518518,True
PED002007,10,10,2026-05-24 01:12:23,2026-05-25 09:45:53,32.56,0,CEDI Cali,Cali,Inter Rapidísimo,KMS24745916,8900,2026-05-25 18:12:23,Entregado,2026-05-25 09:45:53,True,1.0,1.3565972222222222,True
PED002008,10,10,2026-01-24 04:00:39,2026-01-24 20:09:31,16.14,1,CEDI Cali,Cali,Envia,KMS21468022,8900,2026-01-25 21:00:39,Entregado,2026-01-24 20:09:31,True,1.0,0.6728240740740741,True
PED002009,10,10,2026-05-25 18:28:35,2026-05-27 08:39:06,38.18,0,CEDI Medellín,Medellín,TCC,KMS55798673,18900,2026-05-27 16:28:35,Entregado,2026-05-27 08:39:06,True,1.0,1.590636574074074,True
PED002010,10,10,2026-06-20 10:17:41,2026-06-22 02:32:34,40.26,0,CEDI Pereira,Pereira,TCC,KMS32574514,8900,2026-06-22 12:17:41,Entregado,2026-06-22 02:32:34,True,1.0,1.6770023148148148,True
PED002011,10,10,2026-05-03 16:28:13,2026-05-05 06:19:20,37.85,1,CEDI Medellín,Medellín,Coordinadora,KMS34330370,18900,2026-05-05 14:28:13,Entregado,2026-05-05 06:19:20,True,1.0,1.5771643518518519,True
PED002012,10,10,2026-05-09 02:51:03,2026-05-11 17:03:16,62.21,0,CEDI Barranquilla,Barranquilla,Coordinadora,KMS93499521,13900,2026-05-11 12:51:03,Entregado,2026-05-11 17:03:16,True,0.0,2.5918171296296295,True
PED002013,10,10,2026-05-09 15:29:45,2026-05-11 07:43:55,40.24,0,CEDI Barranquilla,Barranquilla,Inter Rapidísimo,KMS41306290,9900,2026-05-12 01:29:45,Entregado,2026-05-11 07:43:55,True,1.0,1.6765046296296295,True
PED002014,10,10,2026-06-14 01:54:40,2026-06-16 02:19:10,48.41,0,CEDI Barranquilla,Barranquilla,Envia,KMS33212609,13900,2026-06-16 04:54:40,Entregado,2026-06-16 02:19:10,True,1.0,2.017013888888889,True
PED002015,10,10,2026-03-08 03:11:51,2026-03-10 15:58:29,60.77,0,CEDI Medellín,Medellín,Inter Rapidísimo,KMS85558209,11900,2026-03-10 01:11:51,Entregado,2026-03-10 15:58:29,True,0.0,2.5323842592592594,True
PED002016,10,10,2026-04-18 02:01:09,2026-04-19 02:17:19,24.26,0,CEDI Medellín,Medellín,Envia,KMS73108823,17490,2026-04-19 17:01:09,Entregado,2026-04-19 02:17:19,True,1.0,1.011226851851852,True
PED002017,10,10,2026-05-01 23:13:34,2026-05-03 17:43:43,42.51,0,CEDI Cali,Cali,Envia,KMS92114831,15900,2026-05-03 23:13:34,Entregado,2026-05-03 17:43:43,True,1.0,1.7709375,True
PED002018,10,10,2026-01-09 15:06:20,2026-01-11 11:34:11,44.47,0,CEDI Bucaramanga,Bucaramanga,Inter Rapidísimo,KMS90910415,11900,2026-01-11 19:06:20,Entregado,2026-01-11 11:34:11,True,1.0,1.852673611111111,True
PED002019,10,10,2026-01-03 00:39:55,2026-01-04 14:23:20,37.72,0,CEDI Medellín,Medellín,Servientrega,KMS68828815,15290,2026-01-04 22:39:55,Entregado,2026-01-04 14:23:20,True,1.0,1.5718171296296297,True
PED002020,10,10,2026-03-14 03:02:59,2026-03-15 20:25:50,41.39,0,CEDI Barranquilla,Barranquilla,Coordinadora,KMS24338375,18900,2026-03-16 13:02:59,Entregado,2026-03-15 20:25:50,True,1.0,1.724201388888889,True
PED002021,10,10,2026-03-26 07:12:25,2026-03-27 08:28:33,25.27,0,CEDI Bogotá,Bogotá D.C.,Coordinadora,KMS19394174,18900,2026-03-27 23:12:25,Entregado,2026-03-27 08:28:33,True,1.0,1.0528703703703703,True
PED002022,10,10,2026-03-16 17:00:07,2026-03-18 07:31:15,38.52,0,CEDI Cali,Cali,Coordinadora,KMS26612742,11900,2026-03-18 17:00:07,Entregado,2026-03-18 07:31:15,True,1.0,1.6049537037037036,True
PED002023,10,10,2026-06-17 19:02:21,2026-06-18 22:58:26,27.92,0,CEDI Pereira,Pereira,Inter Rapidísimo,KMS85316367,13900,2026-06-19 21:02:21,Entregado,2026-06-18 22:58:26,True,1.0,1.1639467592592592,True
PED002024,10,10,2026-06-26 16:08:26,2026-06-28 14:24:23,46.27,0,CEDI Bucaramanga,Bucaramanga,Envia,KMS47853493,13900,2026-06-28 20:08:26,Entregado,2026-06-28 14:24:23,True,1.0,1.9277430555555555,True
PED002025,10,10,2026-06-02 05:50:07,2026-06-04 05:22:56,47.53,0,CEDI Barranquilla,Barranquilla,Servientrega,KMS26875960,13900,2026-06-04 15:50:07,Entregado,2026-06-04 05:22:56,True,1.0,1.981122685185185,True
PED002026,10,10,2026-03-24 03:18:34,2026-03-26 02:41:32,47.38,0,CEDI Bucaramanga,Bucaramanga,TCC,KMS52063436,8900,2026-03-26 07:18:34,Entregado,2026-03-26 02:41:32,True,1.0,1.9742824074074075,True
PED002027,9,9,2026-06-09 21:42:23,2026-06-11 08:53:29,33.16,0,CEDI Bucaramanga,Bucaramanga,Servientrega,KMS26722858,20790,2026-06-12 01:42:23,Entregado,2026-06-11 08:53:29,True,1.0,1.4660416666666667,False
PED002028,10,10,2026-01-23 05:43:00,2026-01-24 04:20:24,22.630000000000003,1,CEDI Bogotá,Bogotá D.C.,Envia,KMS65527901,9900,2026-01-24 21:43:00,Entregado,2026-01-24 04:20:24,True,1.0,0.9426388888888889,True
PED002029,10,10,2026-02-06 07:11:38,2026-02-07 10:36:29,27.41,0,CEDI Pereira,Pereira,Envia,KMS75285950,10890,2026-02-08 09:11:38,Entregado,2026-02-07 10:36:29,True,1.0,1.1422569444444444,True
PED002030,10,10,2026-03-31 00:46:05,2026-04-01 13:24:35,36.64,0,CEDI Barranquilla,Barranquilla,TCC,KMS31591889,18900,2026-04-02 03:46:05,Entregado,2026-04-01 13:24:35,True,1.0,1.526736111111111,True
PED002031,10,10,2026-05-12 04:55:37,2026-05-14 01:17:47,44.379999999999995,0,CEDI Barranquilla,Barranquilla,Coordinadora,KMS72675930,15900,2026-05-14 14:55:37,Entregado,2026-05-14 01:17:47,True,1.0,1.8487268518518518,True
PED002032,10,10,2026-03-31 16:04:25,2026-04-01 08:39:38,16.61,0,CEDI Bogotá,Bogotá D.C.,TCC,KMS54100986,11900,2026-04-02 08:04:25,Entregado,2026-04-01 08:39:38,True,1.0,0.6911226851851852,True
PED002033,10,10,2026-04-24 01:11:52,2026-04-25 20:10:15,42.97,0,CEDI Cali,Cali,Coordinadora,KMS72569916,13090,2026-04-25 18:11:52,Entregado,2026-04-25 20:10:15,True,0.0,1.7905439814814814,True
PED002034,10,10,2026-02-16 22:26:41,2026-02-18 23:11:38,48.74,0,CEDI Bogotá,Bogotá D.C.,TCC,KMS87507610,10890,2026-02-18 14:26:41,Entregado,2026-02-18 23:11:38,True,0.0,2.0312152777777777,True
PED002035,10,10,2026-02-17 13:48:05,2026-02-20 20:42:32,78.91,0,CEDI Pereira,Pereira,TCC,KMS62734276,11900,2026-02-19 08:48:05,Entregado,2026-02-20 20:42:32,True,0.0,3.2878125,True
PED002036,10,10,2026-06-02 09:27:26,2026-06-03 18:11:54,32.75,0,CEDI Cali,Cali,TCC,KMS95236865,9900,2026-06-04 09:27:26,Entregado,2026-06-03 18:11:54,True,1.0,1.364212962962963,True
PED002037,10,10,2026-03-30 16:22:06,2026-03-31 20:21:11,28.0,0,CEDI Medellín,Medellín,Servientrega,KMS25011036,11900,2026-04-01 07:22:06,Entregado,2026-03-31 20:21:11,True,1.0,1.1660300925925926,True
PED002038,10,10,2026-01-16 23:58:16,2026-01-19 16:35:01,64.62,0,CEDI Cali,Cali,Servientrega,KMS84153961,18900,2026-01-18 23:58:16,Entregado,2026-01-19 16:35:01,True,0.0,2.6921875,True
PED002039,10,10,2026-05-29 22:21:04,2026-05-30 16:05:03,17.740000000000002,0,CEDI Bogotá,Bogotá D.C.,Servientrega,KMS45686702,11900,2026-05-31 14:21:04,Entregado,2026-05-30 16:05:03,True,1.0,0.7388773148148148,True
PED002040,10,10,2026-04-22 23:00:19,2026-04-24 00:00:15,24.990000000000002,0,CEDI Bogotá,Bogotá D.C.,Envia,KMS13029063,9790,2026-04-24 15:00:19,Entregado,2026-04-24 00:00:15,True,1.0,1.0416203703703704,True
PED002041,10,10,2026-05-16 12:16:18,2026-05-18 19:52:36,55.62,0,CEDI Cali,Cali,Coordinadora,KMS53570106,13900,2026-05-18 12:16:18,Entregado,2026-05-18 19:52:36,True,0.0,2.316875,True
PED002042,10,10,2026-06-17 12:44:12,2026-06-19 16:59:41,52.25,0,CEDI Bogotá,Bogotá D.C.,Envia,KMS76574899,18900,2026-06-19 04:44:12,Entregado,2026-06-19 16:59:41,True,0.0,2.1774189814814813,True
PED002043,10,10,2026-06-23 19:45:05,2026-06-25 02:29:31,30.740000000000002,0,CEDI Medellín,Medellín,Servientrega,KMS52390162,9790,2026-06-25 10:45:05,Entregado,2026-06-25 02:29:31,True,1.0,1.2808564814814816,True
PED002044,10,10,2026-02-28 07:24:08,2026-03-01 18:50:05,35.42,0,CEDI Cali,Cali,Envia,KMS81196411,10890,2026-03-02 07:24:08,Entregado,2026-03-01 18:50:05,True,1.0,1.4763541666666666,True
PED002045,10,10,2026-03-07 01:39:10,2026-03-08 01:44:35,24.09,0,CEDI Bogotá,Bogotá D.C.,Envia,KMS28004930,20790,2026-03-08 17:39:10,Entregado,2026-03-08 01:44:35,True,1.0,1.0037615740740742,True
PED002046,10,10,2026-05-25 05:29:12,2026-05-26 21:30:23,40.03,0,CEDI Cali,Cali,Servientrega,KMS77321308,8900,2026-05-27 05:29:12,Entregado,2026-05-26 21:30:23,True,1.0,1.667488425925926,True
PED002047,10,10,2026-02-06 07:23:48,2026-02-07 17:32:30,34.14,0,CEDI Medellín,Medellín,Envia,KMS11831061,8900,2026-02-07 22:23:48,Entregado,2026-02-07 17:32:30,True,1.0,1.4227083333333332,True
PED002048,10,10,2026-04-10 21:23:15,2026-04-11 17:47:38,20.4,0,CEDI Bogotá,Bogotá D.C.,Envia,KMS18163309,15900,2026-04-12 13:23:15,Entregado,2026-04-11 17:47:38,True,1.0,0.8502662037037036,True
PED002049,10,10,2026-05-03 11:37:34,2026-05-04 13:05:53,25.47,0,CEDI Bogotá,Bogotá D.C.,Inter Rapidísimo,KMS20791418,13900,2026-05-05 03:37:34,Entregado,2026-05-04 13:05:53,True,1.0,1.0613310185185185,True
PED002050,10,10,2026-02-07 03:23:53,2026-02-08 09:09:24,29.759999999999998,0,CEDI Barranquilla,Barranquilla,Servientrega,KMS98428923,13090,2026-02-09 06:23:53,Entregado,2026-02-08 09:09:24,True,1.0,1.2399421296296296,True
PED002051,10,10,2026-03-05 08:49:54,2026-03-07 00:38:30,39.81,1,CEDI Bogotá,Bogotá D.C.,Coordinadora,KMS25783145,9900,2026-03-07 00:49:54,Entregado,2026-03-07 00:38:30,True,1.0,1.65875,True
PED002052,10,10,2026-03-08 04:29:21,2026-03-09 20:04:47,39.59,0,CEDI Barranquilla,Barranquilla,Coordinadora,KMS23226842,9900,2026-03-10 14:29:21,Entregado,2026-03-09 20:04:47,True,1.0,1.6496064814814815,True
PED002053,9,9,2026-02-14 17:04:44,2026-02-15 17:07:57,19.17,0,CEDI Bogotá,Bogotá D.C.,Envia,KMS26607827,15900,2026-02-16 02:04:44,Entregado,2026-02-15 17:07:57,True,1.0,1.0022337962962964,False
PED002054,10,10,2026-01-08 09:29:34,2026-01-10 13:26:01,51.95,0,CEDI Bogotá,Bogotá D.C.,TCC,KMS11759813,15900,2026-01-10 01:29:34,Entregado,2026-01-10 13:26:01,True,0.0,2.164201388888889,True
PED002055,10,10,2026-02-26 09:24:42,2026-02-28 01:34:37,40.18,0,CEDI Medellín,Medellín,Inter Rapidísimo,KMS19464929,18900,2026-02-28 07:24:42,Entregado,2026-02-28 01:34:37,True,1.0,1.6735532407407407,True
PED002056,10,10,2026-03-16 15:26:13,2026-03-18 01:19:28,33.879999999999995,0,CEDI Bogotá,Bogotá D.C.,Coordinadora,KMS84781007,9900,2026-03-18 07:26:13,Entregado,2026-03-18 01:19:28,True,1.0,1.4119791666666666,True
PED002057,10,10,2026-01-25 01:36:37,2026-01-27 11:26:31,57.83,0,CEDI Bogotá,Bogotá D.C.,Servientrega,KMS48571872,8900,2026-01-26 17:36:37,Entregado,2026-01-27 11:26:31,True,0.0,2.4096527777777776,True
PED002058,10,10,2026-04-17 09:52:11,2026-04-19 09:46:05,47.9,0,CEDI Barranquilla,Barranquilla,Inter Rapidísimo,KMS89425778,9900,2026-04-19 19:52:11,Entregado,2026-04-19 09:46:05,True,1.0,1.995763888888889,True
PED002059,10,10,2026-04-08 15:54:03,2026-04-09 21:18:30,29.41,0,CEDI Bogotá,Bogotá D.C.,Coordinadora,KMS38090254,8900,2026-04-10 07:54:03,Entregado,2026-04-09 21:18:30,True,1.0,1.2253125,True
PED002060,10,10,2026-05-09 19:53:35,2026-05-12 14:02:31,66.15,0,CEDI Bogotá,Bogotá D.C.,Inter Rapidísimo,KMS34142572,15900,2026-05-11 11:53:35,Entregado,2026-05-12 14:02:31,True,0.0,2.7562037037037035,True
PED002061,10,10,2026-03-21 14:32:47,2026-03-22 12:33:57,22.03,1,CEDI Bogotá,Bogotá D.C.,TCC,KMS50392591,18900,2026-03-22 23:32:47,Entregado,2026-03-22 12:33:57,True,1.0,0.9174768518518519,True
PED002062,10,10,2026-06-29 17:34:20,2026-07-01 08:03:31,38.480000000000004,0,CEDI Bogotá,Bogotá D.C.,TCC,KMS52354829,8900,2026-07-01 02:34:20,Entregado,2026-07-01 08:03:31,True,0.0,1.603599537037037,True
PED002063,10,10,2026-06-20 03:55:03,2026-06-21 18:30:23,38.589999999999996,0,CEDI Barranquilla,Barranquilla,Servientrega,KMS42792587,15900,2026-06-22 13:55:03,Entregado,2026-06-21 18:30:23,True,1.0,1.6078703703703703,True
PED002064,10,10,2026-01-23 09:11:04,2026-01-24 11:46:58,26.6,0,CEDI Bogotá,Bogotá D.C.,Inter Rapidísimo,KMS33845214,11900,2026-01-25 01:11:04,Entregado,2026-01-24 11:46:58,True,1.0,1.108263888888889,True
PED002065,10,10,2026-02-27 13:23:16,2026-02-28 17:13:20,27.84,0,CEDI Cali,Cali,TCC,KMS38387588,18900,2026-03-01 13:23:16,Entregado,2026-02-28 17:13:20,True,1.0,1.1597685185185185,True
PED002066,10,10,2026-03-01 10:23:17,2026-03-03 01:15:03,38.86,0,CEDI Bucaramanga,Bucaramanga,Envia,KMS45726102,15900,2026-03-03 14:23:17,Entregado,2026-03-03 01:15:03,True,1.0,1.6192824074074075,True
PED002067,10,10,2026-05-22 07:09:16,2026-05-23 14:34:33,31.419999999999998,0,CEDI Bogotá,Bogotá D.C.,TCC,KMS25257561,20790,2026-05-23 23:09:16,Entregado,2026-05-23 14:34:33,True,1.0,1.309224537037037,True
PED002068,10,10,2026-04-03 03:36:28,2026-04-04 14:26:24,34.82,0,CEDI Barranquilla,Barranquilla,Inter Rapidísimo,KMS62695984,15290,2026-04-05 13:36:28,Entregado,2026-04-04 14:26:24,True,1.0,1.4513425925925927,True
PED002069,10,10,2026-05-22 16:26:51,2026-05-24 04:12:37,35.76,0,CEDI Medellín,Medellín,Inter Rapidísimo,KMS55278837,10890,2026-05-24 14:26:51,Entregado,2026-05-24 04:12:37,True,1.0,1.4901157407407408,True
PED002070,10,10,2026-06-04 07:15:44,2026-06-05 17:48:28,34.55,0,CEDI Medellín,Medellín,Envia,KMS90028166,15900,2026-06-06 05:15:44,Entregado,2026-06-05 17:48:28,True,1.0,1.4393981481481481,True
PED002071,10,10,2026-01-04 11:58:35,2026-01-05 23:38:26,35.67,0,CEDI Cali,Cali,Envia,KMS14845076,8900,2026-01-06 04:58:35,Entregado,2026-01-05 23:38:26,True,1.0,1.4860069444444444,True
PED002072,10,10,2026-01-18 20:58:30,2026-01-19 22:31:56,25.560000000000002,0,CEDI Medellín,Medellín,Servientrega,KMS83138993,18900,2026-01-20 18:58:30,Entregado,2026-01-19 22:31:56,True,1.0,1.0648842592592593,True
PED002073,10,10,2026-01-20 11:17:01,2026-01-21 18:21:34,31.08,0,CEDI Cali,Cali,TCC,KMS29764307,9900,2026-01-22 11:17:01,Entregado,2026-01-21 18:21:34,True,1.0,1.294826388888889,True
PED002074,10,10,2026-05-22 21:42:40,2026-05-24 10:48:26,37.11,0,CEDI Medellín,Medellín,Inter Rapidísimo,KMS94322508,8900,2026-05-24 19:42:40,Entregado,2026-05-24 10:48:26,True,1.0,1.5456712962962964,True
PED002075,10,10,2026-01-11 04:06:56,2026-01-12 16:24:22,36.29,1,CEDI Bucaramanga,Bucaramanga,Coordinadora,KMS54582653,11900,2026-01-13 08:06:56,Entregado,2026-01-12 16:24:22,True,1.0,1.5121064814814815,True
PED002076,10,10,2026-02-22 18:55:20,2026-02-25 01:55:24,55.01,1,CEDI Pereira,Pereira,TCC,KMS86579741,15900,2026-02-24 13:55:20,Entregado,2026-02-25 01:55:24,True,0.0,2.291712962962963,True
PED002077,10,10,2026-05-01 08:08:09,2026-05-02 18:08:11,34.01,0,CEDI Bucaramanga,Bucaramanga,Coordinadora,KMS98156870,8900,2026-05-03 05:08:09,Entregado,2026-05-02 18:08:11,True,1.0,1.4166898148148148,True
PED002078,10,10,2026-04-21 08:44:04,2026-04-22 18:43:18,33.99,0,CEDI Barranquilla,Barranquilla,TCC,KMS42623119,9900,2026-04-23 18:44:04,Entregado,2026-04-22 18:43:18,True,1.0,1.4161342592592592,True
PED002079,10,10,2026-01-31 23:15:33,2026-02-02 18:22:44,43.11,0,CEDI Pereira,Pereira,Coordinadora,KMS19074249,13900,2026-02-03 01:15:33,Entregado,2026-02-02 18:22:44,True,1.0,1.7966550925925926,True
PED002080,9,9,2026-06-03 03:46:30,2026-06-04 14:46:25,31.46,0,CEDI Cali,Cali,TCC,KMS89241699,8900,2026-06-05 03:46:30,Entregado,2026-06-04 14:46:25,True,1.0,1.458275462962963,False
PED002081,10,10,2026-04-27 02:06:12,2026-04-28 02:14:49,24.15,0,CEDI Bogotá,Bogotá D.C.,Envia,KMS11620643,15900,2026-04-28 18:06:12,Entregado,2026-04-28 02:14:49,True,1.0,1.0059837962962963,True
PED002082,10,10,2026-01-18 05:24:00,2026-01-20 01:37:13,44.2,1,CEDI Medellín,Medellín,Envia,KMS51424357,13900,2026-01-20 03:24:00,Entregado,2026-01-20 01:37:13,True,1.0,1.842511574074074,True
PED002083,10,10,2026-06-22 02:25:18,2026-06-23 08:55:06,30.51,1,CEDI Medellín,Medellín,Inter Rapidísimo,KMS33719058,17490,2026-06-24 00:25:18,Entregado,2026-06-23 08:55:06,True,1.0,1.2706944444444443,True
PED002084,10,10,2026-03-31 07:08:38,2026-04-01 04:02:23,20.91,0,CEDI Medellín,Medellín,Coordinadora,KMS57129986,8900,2026-04-01 22:08:38,Entregado,2026-04-01 04:02:23,True,1.0,0.8706597222222222,True
PED002085,10,10,2026-03-30 01:18:38,2026-04-01 12:48:50,59.5,0,CEDI Pereira,Pereira,Envia,KMS20654627,10890,2026-04-01 03:18:38,Entregado,2026-04-01 12:48:50,True,0.0,2.4793055555555554,True
PED002086,10,10,2026-02-04 15:46:17,2026-02-05 16:08:55,24.38,0,CEDI Cali,Cali,Coordinadora,KMS47998951,10890,2026-02-06 08:46:17,Entregado,2026-02-05 16:08:55,True,1.0,1.0157175925925925,True
PED002087,10,10,2026-04-06 23:09:23,2026-04-07 23:03:45,23.9,0,CEDI Bogotá,Bogotá D.C.,Envia,KMS34550808,18900,2026-04-08 08:09:23,Entregado,2026-04-07 23:03:45,True,1.0,0.996087962962963,True
PED002088,10,10,2026-06-04 20:50:45,2026-06-06 05:58:35,33.14,0,CEDI Cali,Cali,Servientrega,KMS51872939,20790,2026-06-06 20:50:45,Entregado,2026-06-06 05:58:35,True,1.0,1.380439814814815,True
PED002089,10,10,2026-02-15 04:54:38,2026-02-17 06:38:14,49.72,1,CEDI Bucaramanga,Bucaramanga,Coordinadora,KMS89156094,15290,2026-02-17 08:54:38,Entregado,2026-02-17 06:38:14,True,1.0,2.0719444444444446,True
PED002090,10,10,2026-06-13 07:37:37,2026-06-14 13:34:19,29.94,0,CEDI Bogotá,Bogotá D.C.,Inter Rapidísimo,KMS52753693,15900,2026-06-14 23:37:37,Entregado,2026-06-14 13:34:19,True,1.0,1.2477083333333334,True
PED002091,10,10,2026-05-25 02:48:53,2026-05-25 21:34:38,18.759999999999998,0,CEDI Bogotá,Bogotá D.C.,Coordinadora,KMS20064821,15900,2026-05-26 18:48:53,Entregado,2026-05-25 21:34:38,True,1.0,0.7817708333333333,True
PED002092,10,10,2026-02-25 18:45:48,2026-02-26 18:58:28,24.2,0,CEDI Bogotá,Bogotá D.C.,Envia,KMS17589182,11900,2026-02-27 10:45:48,Entregado,2026-02-26 18:58:28,True,1.0,1.0087962962962962,True
PED002093,10,10,2026-02-01 02:56:22,2026-02-02 06:38:04,27.71,1,CEDI Bogotá,Bogotá D.C.,Envia,KMS23094807,13090,2026-02-02 18:56:22,Entregado,2026-02-02 06:38:04,True,1.0,1.1539583333333334,True
PED002094,10,10,2026-04-06 13:42:04,2026-04-08 05:52:39,40.17,0,CEDI Bucaramanga,Bucaramanga,Inter Rapidísimo,KMS84447972,10890,2026-04-08 17:42:04,Entregado,2026-04-08 05:52:39,True,1.0,1.6740162037037036,True
PED002095,10,10,2026-01-22 09:22:30,2026-01-23 08:10:17,22.8,0,CEDI Cali,Cali,Inter Rapidísimo,KMS70118410,9790,2026-01-24 02:22:30,Entregado,2026-01-23 08:10:17,True,1.0,0.949849537037037,True
PED002096,10,10,2026-01-21 04:41:27,2026-01-22 20:38:41,39.97,0,CEDI Medellín,Medellín,TCC,KMS88372524,18900,2026-01-23 02:41:27,Entregado,2026-01-22 20:38:41,True,1.0,1.6647453703703703,True
PED002097,10,10,2026-05-25 00:51:40,2026-05-27 10:22:17,57.5,0,CEDI Medellín,Medellín,TCC,KMS60445737,15900,2026-05-26 22:51:40,Entregado,2026-05-27 10:22:17,True,0.0,2.396261574074074,True
PED002098,10,10,2026-01-17 10:55:50,2026-01-18 04:13:07,17.28,0,CEDI Bucaramanga,Bucaramanga,TCC,KMS77461747,11900,2026-01-19 07:55:50,Entregado,2026-01-18 04:13:07,True,1.0,0.7203356481481481,True
PED002099,10,10,2026-04-08 20:51:58,2026-04-10 11:21:14,38.49,1,CEDI Cali,Cali,Envia,KMS97052683,11900,2026-04-10 13:51:58,Entregado,2026-04-10 11:21:14,True,1.0,1.6036574074074075,True
PED002100,10,10,2026-03-20 17:50:09,2026-03-21 23:48:12,29.95,0,CEDI Pereira,Pereira,Coordinadora,KMS72864925,11900,2026-03-22 19:50:09,Entregado,2026-03-21 23:48:12,True,1.0,1.2486458333333332,True
PED002101,10,10,2026-03-07 14:58:27,2026-03-09 07:57:12,40.98,0,CEDI Pereira,Pereira,TCC,KMS48498311,15900,2026-03-09 16:58:27,Entregado,2026-03-09 07:57:12,True,1.0,1.7074652777777777,True
PED002102,10,10,2026-05-23 06:24:31,2026-05-24 06:16:10,23.86,0,CEDI Bogotá,Bogotá D.C.,Envia,KMS66159925,9900,2026-05-24 22:24:31,Entregado,2026-05-24 06:16:10,True,1.0,0.9942013888888889,True
PED002103,9,9,2026-03-31 11:37:59,2026-04-02 00:05:43,32.15,0,CEDI Bogotá,Bogotá D.C.,Inter Rapidísimo,KMS21129722,15900,2026-04-02 03:37:59,Entregado,2026-04-02 00:05:43,True,1.0,1.5192592592592593,False
PED002104,10,10,2026-06-27 18:48:09,2026-06-30 03:00:07,56.209999999999994,0,CEDI Cali,Cali,Coordinadora,KMS30834918,15900,2026-06-29 11:48:09,Entregado,2026-06-30 03:00:07,True,0.0,2.3416435185185187,True
PED002105,10,10,2026-04-06 13:16:54,2026-04-07 15:08:31,25.86,0,CEDI Cali,Cali,Envia,KMS23653466,18900,2026-04-08 06:16:54,Entregado,2026-04-07 15:08:31,True,1.0,1.0775115740740742,True
PED002106,10,10,2026-06-23 21:53:32,2026-06-26 05:41:06,55.78,1,CEDI Pereira,Pereira,Coordinadora,KMS30695938,9900,2026-06-25 16:53:32,Entregado,2026-06-26 05:41:06,True,0.0,2.3246990740740743,True
PED002107,10,10,2026-03-08 23:20:00,2026-03-09 23:52:39,24.53,0,CEDI Medellín,Medellín,TCC,KMS18493170,8900,2026-03-10 21:20:00,Entregado,2026-03-09 23:52:39,True,1.0,1.0226736111111112,True
PED002108,10,10,2026-01-21 04:02:33,2026-01-22 22:17:28,42.26,0,CEDI Bogotá,Bogotá D.C.,Servientrega,KMS82644635,20790,2026-01-22 20:02:33,Entregado,2026-01-22 22:17:28,True,0.0,1.7603587962962963,True
PED002109,10,10,2026-01-22 01:21:43,2026-01-23 13:33:16,36.19,0,CEDI Cali,Cali,Envia,KMS88731518,9900,2026-01-24 01:21:43,Entregado,2026-01-23 13:33:16,True,1.0,1.5080208333333334,True
PED002110,10,10,2026-02-14 14:35:53,2026-02-16 17:13:04,50.629999999999995,0,CEDI Cali,Cali,Coordinadora,KMS45561896,15900,2026-02-16 14:35:53,Entregado,2026-02-16 17:13:04,True,0.0,2.1091550925925926,True
PED002111,10,10,2026-06-08 03:40:10,2026-06-09 01:10:30,21.5,0,CEDI Medellín,Medellín,Inter Rapidísimo,KMS88709147,9900,2026-06-10 01:40:10,Entregado,2026-06-09 01:10:30,True,1.0,0.8960648148148148,True
PED002112,10,10,2026-01-25 01:03:25,2026-01-26 09:50:29,32.79,0,CEDI Bucaramanga,Bucaramanga,Envia,KMS88283744,8900,2026-01-27 05:03:25,Entregado,2026-01-26 09:50:29,True,1.0,1.3660185185185185,True
PED002113,10,10,2026-03-05 11:27:27,2026-03-07 02:22:34,38.92,0,CEDI Bucaramanga,Bucaramanga,Envia,KMS29561319,13900,2026-03-07 15:27:27,Entregado,2026-03-07 02:22:34,True,1.0,1.6216087962962964,True
PED002114,10,10,2026-06-09 17:20:51,2026-06-11 12:53:56,43.550000000000004,1,CEDI Medellín,Medellín,Inter Rapidísimo,KMS69233432,18900,2026-06-11 15:20:51,Entregado,2026-06-11 12:53:56,True,1.0,1.8146412037037036,True
PED002115,10,10,2026-04-08 18:01:37,2026-04-12 06:51:40,84.82,0,CEDI Bucaramanga,Bucaramanga,Servientrega,KMS47393230,18900,2026-04-10 22:01:37,Entregado,2026-04-12 06:51:40,True,0.0,3.5347569444444447,True
PED002116,10,10,2026-06-12 03:42:26,2026-06-14 17:29:31,61.78,0,CEDI Medellín,Medellín,Inter Rapidísimo,KMS69677659,20790,2026-06-14 01:42:26,Entregado,2026-06-14 17:29:31,True,0.0,2.574363425925926,True
PED002117,10,10,2026-02-07 09:04:12,2026-02-08 08:04:26,23.0,0,CEDI Pereira,Pereira,TCC,KMS88341107,18900,2026-02-09 11:04:12,Entregado,2026-02-08 08:04:26,True,1.0,0.9584953703703704,True
PED002118,10,10,2026-01-13 00:13:05,2026-01-14 19:09:31,42.95,0,CEDI Bogotá,Bogotá D.C.,Coordinadora,KMS85841911,18900,2026-01-14 09:13:05,Entregado,2026-01-14 19:09:31,True,0.0,1.7891898148148149,True
PED002119,10,10,2026-04-23 23:25:58,2026-04-25 16:17:43,40.870000000000005,0,CEDI Medellín,Medellín,TCC,KMS52943526,8900,2026-04-25 21:25:58,Entregado,2026-04-25 16:17:43,True,1.0,1.7026041666666667,True
PED002120,10,10,2026-06-04 06:38:06,2026-06-06 03:45:35,45.11,0,CEDI Bucaramanga,Bucaramanga,Envia,KMS87136284,13900,2026-06-06 10:38:06,Entregado,2026-06-06 03:45:35,True,1.0,1.8801967592592592,True
PED002121,10,10,2026-02-02 12:41:46,2026-02-04 08:32:59,43.86,0,CEDI Medellín,Medellín,TCC,KMS39839957,15900,2026-02-04 03:41:46,Entregado,2026-02-04 08:32:59,True,0.0,1.8272337962962963,True
PED002122,10,10,2026-04-26 15:28:24,2026-04-27 20:14:56,28.759999999999998,0,CEDI Medellín,Medellín,Coordinadora,KMS20283478,8900,2026-04-28 13:28:24,Entregado,2026-04-27 20:14:56,True,1.0,1.1989814814814814,True
PED002123,10,10,2026-02-28 03:28:17,2026-02-28 13:28:17,9.98,0,CEDI Bogotá,Bogotá D.C.,TCC,KMS86698825,13900,2026-03-01 12:28:17,Entregado,2026-02-28 13:28:17,True,1.0,0.4166666666666667,True
PED002124,10,10,2026-04-07 08:07:34,2026-04-08 10:49:03,26.68,0,CEDI Bogotá,Bogotá D.C.,Envia,KMS84534925,11900,2026-04-09 00:07:34,Entregado,2026-04-08 10:49:03,True,1.0,1.1121412037037037,True
PED002125,10,10,2026-05-21 15:51:06,2026-05-22 21:05:43,29.24,0,CEDI Medellín,Medellín,Coordinadora,KMS29279171,18900,2026-05-23 13:51:06,Entregado,2026-05-22 21:05:43,True,1.0,1.2184837962962962,True
PED002126,10,10,2026-06-16 17:47:28,2026-06-18 13:07:43,43.34,0,CEDI Bucaramanga,Bucaramanga,Inter Rapidísimo,KMS89008795,11900,2026-06-18 21:47:28,Entregado,2026-06-18 13:07:43,True,1.0,1.8057291666666666,True
PED002127,10,10,2026-03-04 17:29:13,2026-03-06 04:16:22,34.77,0,CEDI Bogotá,Bogotá D.C.,Servientrega,KMS85542158,13090,2026-03-06 09:29:13,Entregado,2026-03-06 04:16:22,True,1.0,1.4494097222222222,True
PED002128,10,10,2026-03-17 17:55:18,2026-03-18 15:28:30,21.57,0,CEDI Medellín,Medellín,Coordinadora,KMS18855369,18900,2026-03-19 08:55:18,Entregado,2026-03-18 15:28:30,True,1.0,0.8980555555555556,True
PED002129,10,10,2026-04-25 21:48:15,2026-04-26 22:36:08,24.8,1,CEDI Bogotá,Bogotá D.C.,Envia,KMS19249757,13900,2026-04-27 06:48:15,Entregado,2026-04-26 22:36:08,True,1.0,1.0332523148148147,True
PED002130,10,10,2026-03-23 14:22:57,2026-03-25 00:15:40,33.9,1,CEDI Bogotá,Bogotá D.C.,Servientrega,KMS42919316,15290,2026-03-25 06:22:57,Entregado,2026-03-25 00:15:40,True,1.0,1.4116087962962962,True
PED002131,9,9,2026-04-16 17:16:48,2026-04-18 03:31:17,34.730000000000004,0,CEDI Medellín,Medellín,Servientrega,KMS52777111,13900,2026-04-18 14:47:20,Entregado,2026-04-18 03:31:17,True,1.0,1.426724537037037,False
PED002132,10,10,2026-03-30 00:48:17,2026-03-31 20:57:47,44.15,0,CEDI Bogotá,Bogotá D.C.,Envia,KMS86333053,15900,2026-03-31 09:48:17,Entregado,2026-03-31 20:57:47,True,0.0,1.8399305555555556,True
PED002133,10,10,2026-06-26 21:05:01,2026-06-28 10:56:33,37.870000000000005,0,CEDI Barranquilla,Barranquilla,Inter Rapidísimo,KMS81659997,9790,2026-06-29 07:05:01,Entregado,2026-06-28 10:56:33,True,1.0,1.5774537037037037,True
PED002134,10,10,2026-04-26 11:00:15,2026-04-27 05:44:51,18.73,0,CEDI Bogotá,Bogotá D.C.,Envia,KMS51160311,15290,2026-04-28 03:00:15,Entregado,2026-04-27 05:44:51,True,1.0,0.7809722222222222,True
PED002135,10,10,2026-05-14 11:27:39,2026-05-15 12:19:50,24.84,0,CEDI Bogotá,Bogotá D.C.,Inter Rapidísimo,KMS88309506,18900,2026-05-15 20:27:39,Entregado,2026-05-15 12:19:50,True,1.0,1.0362384259259259,True
PED002136,10,10,2026-03-20 18:40:56,2026-03-22 01:14:54,30.55,1,CEDI Pereira,Pereira,TCC,KMS95126847,9900,2026-03-22 13:40:56,Entregado,2026-03-22 01:14:54,True,1.0,1.273587962962963,True
PED002137,10,10,2026-06-26 11:44:05,2026-06-28 06:17:35,42.55,0,CEDI Pereira,Pereira,Servientrega,KMS12855097,15900,2026-06-28 13:44:05,Entregado,2026-06-28 06:17:35,True,1.0,1.773263888888889,True
PED002138,10,10,2026-03-04 16:23:17,2026-03-06 03:02:23,34.65,0,CEDI Pereira,Pereira,Envia,KMS45167458,11900,2026-03-06 18:23:17,Entregado,2026-03-06 03:02:23,True,1.0,1.4438194444444445,True
PED002139,10,10,2026-03-12 09:49:07,2026-03-14 13:50:46,52.03,0,CEDI Medellín,Medellín,TCC,KMS69350467,11900,2026-03-14 00:49:07,Entregado,2026-03-14 13:50:46,True,0.0,2.1678125,True
PED002140,10,10,2026-06-24 23:11:27,2026-06-26 02:28:07,27.28,0,CEDI Medellín,Medellín,Inter Rapidísimo,KMS21944012,8900,2026-06-26 14:11:27,Entregado,2026-06-26 02:28:07,True,1.0,1.1365740740740742,True
PED002141,10,10,2026-06-14 12:39:15,2026-06-16 18:16:05,53.61,0,CEDI Cali,Cali,Coordinadora,KMS69478707,13900,2026-06-16 12:39:15,Entregado,2026-06-16 18:16:05,True,0.0,2.233912037037037,True
PED002142,10,10,2026-06-19 18:40:09,2026-06-21 20:27:49,49.79,0,CEDI Barranquilla,Barranquilla,TCC,KMS53056150,18900,2026-06-21 21:40:09,Entregado,2026-06-21 20:27:49,True,1.0,2.0747685185185185,True
PED002143,10,10,2026-04-24 23:32:13,2026-04-26 21:44:13,46.21,0,CEDI Cali,Cali,Coordinadora,KMS49204840,11900,2026-04-26 23:32:13,Entregado,2026-04-26 21:44:13,True,1.0,1.925,True
PED002144,10,10,2026-02-01 11:18:56,2026-02-03 04:17:24,40.97,0,CEDI Bucaramanga,Bucaramanga,Inter Rapidísimo,KMS40778746,15290,2026-02-03 08:18:56,Entregado,2026-02-03 04:17:24,True,1.0,1.7072685185185186,True
PED002145,10,10,2026-04-20 23:38:59,2026-04-22 02:07:51,26.48,0,CEDI Bogotá,Bogotá D.C.,Inter Rapidísimo,KMS58450949,10890,2026-04-22 15:38:59,Entregado,2026-04-22 02:07:51,True,1.0,1.1033796296296297,True
PED002146,10,10,2026-05-26 21:02:42,2026-05-27 21:17:09,24.240000000000002,0,CEDI Bogotá,Bogotá D.C.,Servientrega,KMS79010393,18900,2026-05-28 06:02:42,Entregado,2026-05-27 21:17:09,True,1.0,1.0100347222222221,True
PED002147,10,10,2026-01-30 22:15:04,2026-01-31 19:50:45,21.6,0,CEDI Pereira,Pereira,Envia,KMS11355120,17490,2026-02-02 00:15:04,Entregado,2026-01-31 19:50:45,True,1.0,0.8997800925925926,True
PED002148,10,10,2026-06-18 06:29:42,2026-06-19 17:59:23,35.5,0,CEDI Barranquilla,Barranquilla,Envia,KMS35592908,20790,2026-06-20 16:29:42,Entregado,2026-06-19 17:59:23,True,1.0,1.4789467592592593,True
PED002149,10,10,2026-01-14 21:47:01,2026-01-17 12:28:54,62.690000000000005,0,CEDI Cali,Cali,Servientrega,KMS28540431,11900,2026-01-16 21:47:01,Entregado,2026-01-17 12:28:54,True,0.0,2.6124189814814813,True
PED002150,10,10,2026-03-24 09:23:44,2026-03-25 06:07:35,20.71,0,CEDI Bogotá,Bogotá D.C.,Envia,KMS64835491,13900,2026-03-26 01:23:44,Entregado,2026-03-25 06:07:35,True,1.0,0.8637847222222222,True
PED002151,10,10,2026-04-23 19:34:43,2026-04-25 11:47:55,40.22,1,CEDI Medellín,Medellín,Servientrega,KMS71302433,17490,2026-04-25 17:34:43,Entregado,2026-04-25 11:47:55,True,1.0,1.6758333333333333,True
PED002152,10,10,2026-06-30 06:34:04,2026-07-01 14:57:37,32.4,0,CEDI Pereira,Pereira,TCC,KMS59095974,15900,2026-07-02 08:34:04,Entregado,2026-07-01 14:57:37,True,1.0,1.3496875,True
PED002153,10,10,2026-05-25 09:34:11,2026-05-26 14:54:02,29.32,0,CEDI Bucaramanga,Bucaramanga,Envia,KMS55379633,9900,2026-05-27 06:34:11,Entregado,2026-05-26 14:54:02,True,1.0,1.2221180555555555,True
PED002154,10,10,2026-03-24 11:25:42,2026-03-25 14:54:01,27.45,0,CEDI Bogotá,Bogotá D.C.,Envia,KMS82061134,8900,2026-03-26 03:25:42,Entregado,2026-03-25 14:54:01,True,1.0,1.1446643518518518,True
PED002155,10,10,2026-01-29 18:52:14,2026-01-31 09:31:54,38.65,0,CEDI Bucaramanga,Bucaramanga,TCC,KMS61613058,13090,2026-01-31 22:52:14,Entregado,2026-01-31 09:31:54,True,1.0,1.6108796296296297,True
PED002156,10,10,2026-03-05 01:45:38,2026-03-05 23:44:40,21.98,0,CEDI Bogotá,Bogotá D.C.,Servientrega,KMS59223584,9900,2026-03-06 10:45:38,Entregado,2026-03-05 23:44:40,True,1.0,0.9159953703703704,True
PED002157,10,10,2026-01-22 02:22:11,2026-01-22 17:36:31,15.24,0,CEDI Bogotá,Bogotá D.C.,Inter Rapidísimo,KMS38676881,18900,2026-01-23 11:22:11,Entregado,2026-01-22 17:36:31,True,1.0,0.6349537037037037,True
PED002158,10,10,2026-04-02 21:21:14,2026-04-04 09:37:00,36.269999999999996,0,CEDI Bucaramanga,Bucaramanga,Coordinadora,KMS33202607,9900,2026-04-04 18:21:14,Entregado,2026-04-04 09:37:00,True,1.0,1.510949074074074,True
PED002159,10,10,2026-03-13 03:12:16,2026-03-15 01:02:21,45.839999999999996,0,CEDI Barranquilla,Barranquilla,Inter Rapidísimo,KMS32646416,13900,2026-03-15 13:12:16,Entregado,2026-03-15 01:02:21,True,1.0,1.9097800925925925,True
PED002160,10,10,2026-02-09 06:43:14,2026-02-11 19:17:23,60.58,1,CEDI Pereira,Pereira,Servientrega,KMS68827612,9900,2026-02-11 08:43:14,Entregado,2026-02-11 19:17:23,True,0.0,2.523715277777778,True
PED002161,10,10,2026-05-29 14:06:03,2026-05-30 11:02:50,20.95,0,CEDI Bogotá,Bogotá D.C.,Coordinadora,KMS52567851,9900,2026-05-30 23:06:03,Entregado,2026-05-30 11:02:50,True,1.0,0.8727662037037037,True
PED002162,10,10,2026-02-19 08:12:09,2026-02-20 16:20:24,32.14,0,CEDI Medellín,Medellín,Envia,KMS92850569,11900,2026-02-21 06:12:09,Entregado,2026-02-20 16:20:24,True,1.0,1.3390625,True
PED002163,10,10,2026-06-30 01:36:36,2026-07-01 14:21:53,36.769999999999996,0,CEDI Bucaramanga,Bucaramanga,Envia,KMS52041026,11900,2026-07-01 22:36:36,Entregado,2026-07-01 14:21:53,True,1.0,1.5314467592592593,True
PED002164,10,10,2026-04-04 15:24:23,2026-04-05 19:43:03,28.31,0,CEDI Pereira,Pereira,Inter Rapidísimo,KMS23978330,9900,2026-04-06 17:24:23,Entregado,2026-04-05 19:43:03,True,1.0,1.1796296296296296,True
PED002165,10,10,2026-02-18 08:54:56,2026-02-20 05:26:36,44.519999999999996,0,CEDI Pereira,Pereira,Inter Rapidísimo,KMS29623295,9900,2026-02-20 03:54:56,Entregado,2026-02-20 05:26:36,True,0.0,1.8553240740740742,True
PED002166,10,10,2026-02-11 04:13:55,2026-02-12 09:47:20,29.54,0,CEDI Bogotá,Bogotá D.C.,Coordinadora,KMS62042036,9900,2026-02-12 20:13:55,Entregado,2026-02-12 09:47:20,True,1.0,1.2315393518518518,True
PED002167,10,10,2026-06-10 06:39:09,2026-06-12 01:57:27,43.3,1,CEDI Pereira,Pereira,Envia,KMS13764692,8900,2026-06-12 08:39:09,Entregado,2026-06-12 01:57:27,True,1.0,1.804375,True
PED002168,9,9,2026-01-02 06:19:10,2026-01-03 17:29:13,30.19,1,CEDI Medellín,Medellín,Coordinadora,KMS88324588,13900,2026-01-04 04:19:10,Entregado,2026-01-03 17:29:13,True,1.0,1.4653125,False
PED002169,10,10,2026-03-17 12:55:04,2026-03-18 18:51:21,29.94,0,CEDI Medellín,Medellín,TCC,KMS82908395,15900,2026-03-19 10:55:04,Entregado,2026-03-18 18:51:21,True,1.0,1.2474189814814816,True
PED002170,10,10,2026-06-10 10:11:40,2026-06-11 18:35:24,32.4,1,CEDI Medellín,Medellín,TCC,KMS54816957,11900,2026-06-12 01:11:40,Entregado,2026-06-11 18:35:24,True,1.0,1.3498148148148148,True
PED002171,10,10,2026-02-11 14:14:37,2026-02-13 05:48:02,39.56,0,CEDI Cali,Cali,Coordinadora,KMS70063053,15900,2026-02-13 14:14:37,Entregado,2026-02-13 05:48:02,True,1.0,1.6482060185185186,True
PED002172,10,10,2026-03-11 01:47:02,2026-03-11 21:16:28,19.490000000000002,0,CEDI Pereira,Pereira,TCC,KMS32552988,15900,2026-03-12 20:47:02,Entregado,2026-03-11 21:16:28,True,1.0,0.8121064814814815,True
PED002173,10,10,2026-03-16 15:35:22,2026-03-17 14:42:27,23.12,0,CEDI Bogotá,Bogotá D.C.,Envia,KMS93543643,17490,2026-03-18 00:35:22,Entregado,2026-03-17 14:42:27,True,1.0,0.9632523148148148,True
PED002174,10,10,2026-02-07 10:54:01,2026-02-09 02:23:50,39.5,0,CEDI Cali,Cali,Servientrega,KMS75753546,18900,2026-02-09 03:54:01,Entregado,2026-02-09 02:23:50,True,1.0,1.6457060185185186,True
PED002175,10,10,2026-01-19 21:24:13,2026-01-21 14:15:49,40.87,0,CEDI Cali,Cali,Servientrega,KMS37290040,15900,2026-01-21 21:24:13,Entregado,2026-01-21 14:15:49,True,1.0,1.7025,True
PED002176,10,10,2026-03-20 13:04:56,2026-03-21 17:21:42,28.28,0,CEDI Medellín,Medellín,Envia,KMS73436597,18900,2026-03-22 04:04:56,Entregado,2026-03-21 17:21:42,True,1.0,1.1783101851851852,True
PED002177,10,10,2026-01-27 12:19:48,2026-01-29 06:18:40,42.0,0,CEDI Bucaramanga,Bucaramanga,Envia,KMS86843616,9790,2026-01-29 16:19:48,Entregado,2026-01-29 06:18:40,True,1.0,1.749212962962963,True
PED002178,10,10,2026-01-17 20:30:44,2026-01-19 04:52:31,32.37,0,CEDI Cali,Cali,Envia,KMS48049738,15290,2026-01-19 13:30:44,Entregado,2026-01-19 04:52:31,True,1.0,1.3484606481481483,True
PED002179,10,10,2026-05-10 11:26:14,2026-05-12 04:01:58,40.589999999999996,0,CEDI Medellín,Medellín,Coordinadora,KMS31171856,9900,2026-05-12 09:26:14,Entregado,2026-05-12 04:01:58,True,1.0,1.6914814814814816,True
PED002180,10,10,2026-03-29 09:43:19,2026-03-31 18:49:04,57.09,0,CEDI Bucaramanga,Bucaramanga,Envia,KMS34653178,13090,2026-03-31 13:43:19,Entregado,2026-03-31 18:49:04,True,0.0,2.3789930555555556,True
PED002181,10,10,2026-03-23 20:11:18,2026-03-26 08:36:34,60.43000000000001,0,CEDI Barranquilla,Barranquilla,TCC,KMS11088210,20790,2026-03-25 23:11:18,Entregado,2026-03-26 08:36:34,True,0.0,2.5175462962962962,True
PED002182,10,10,2026-01-04 09:06:59,2026-01-05 22:21:16,37.26,0,CEDI Medellín,Medellín,Envia,KMS37107246,15900,2026-01-06 07:06:59,Entregado,2026-01-05 22:21:16,True,1.0,1.5515856481481483,True
PED002183,10,10,2026-03-02 02:18:12,2026-03-03 01:09:30,22.85,0,CEDI Bogotá,Bogotá D.C.,Coordinadora,KMS42080419,18900,2026-03-03 18:18:12,Entregado,2026-03-03 01:09:30,True,1.0,0.9522916666666666,True
PED002184,10,10,2026-03-02 00:58:47,2026-03-03 09:01:30,32.05,0,CEDI Pereira,Pereira,Envia,KMS73432261,9900,2026-03-04 02:58:47,Entregado,2026-03-03 09:01:30,True,1.0,1.3352199074074074,True
PED002185,10,10,2026-01-06 00:21:55,2026-01-06 18:31:02,18.16,1,CEDI Medellín,Medellín,Inter Rapidísimo,KMS45897352,20790,2026-01-07 15:21:55,Entregado,2026-01-06 18:31:02,True,1.0,0.7563310185185185,True
PED002186,10,10,2026-03-26 09:09:57,2026-03-28 11:32:07,50.37,0,CEDI Bogotá,Bogotá D.C.,Servientrega,KMS52193128,9900,2026-03-27 18:09:57,Entregado,2026-03-28 11:32:07,True,0.0,2.098726851851852,True
PED002187,10,10,2026-03-18 08:38:58,2026-03-19 17:28:08,32.8,0,CEDI Bogotá,Bogotá D.C.,Inter Rapidísimo,KMS52607142,13900,2026-03-20 00:38:58,Entregado,2026-03-19 17:28:08,True,1.0,1.3674768518518519,True
PED002188,10,10,2026-05-21 19:36:26,2026-05-23 19:59:00,48.38,0,CEDI Bogotá,Bogotá D.C.,Inter Rapidísimo,KMS18113368,9790,2026-05-23 11:36:26,Entregado,2026-05-23 19:59:00,True,0.0,2.015671296296296,True
PED002189,10,10,2026-01-13 14:02:50,2026-01-15 04:41:35,38.64,0,CEDI Barranquilla,Barranquilla,TCC,KMS73404349,9900,2026-01-16 00:02:50,Entregado,2026-01-15 04:41:35,True,1.0,1.6102430555555556,True
PED002190,10,10,2026-03-06 17:10:35,2026-03-08 04:19:37,35.15,0,CEDI Medellín,Medellín,Coordinadora,KMS89851932,17490,2026-03-08 08:10:35,Entregado,2026-03-08 04:19:37,True,1.0,1.4646064814814814,True
PED002191,10,10,2026-06-17 10:04:22,2026-06-18 21:35:01,35.52,0,CEDI Bogotá,Bogotá D.C.,Coordinadora,KMS89939100,11900,2026-06-19 02:04:22,Entregado,2026-06-18 21:35:01,True,1.0,1.4796180555555556,True
PED002192,10,10,2026-01-12 10:45:19,2026-01-13 23:11:39,36.43,0,CEDI Barranquilla,Barranquilla,Envia,KMS45250704,15900,2026-01-14 13:45:19,Entregado,2026-01-13 23:11:39,True,1.0,1.518287037037037,True
PED002193,10,10,2026-03-03 15:18:09,2026-03-05 17:50:46,50.54,0,CEDI Bogotá,Bogotá D.C.,Envia,KMS55478088,13900,2026-03-05 07:18:09,Entregado,2026-03-05 17:50:46,True,0.0,2.105983796296296,True
PED002194,10,10,2026-06-19 17:52:50,2026-06-22 01:50:46,55.97,0,CEDI Bogotá,Bogotá D.C.,Envia,KMS69426923,11900,2026-06-21 09:52:50,Entregado,2026-06-22 01:50:46,True,0.0,2.331898148148148,True
PED002195,10,10,2026-01-20 23:27:36,2026-01-22 18:41:37,43.24,0,CEDI Barranquilla,Barranquilla,Coordinadora,KMS69113563,13090,2026-01-23 02:27:36,Entregado,2026-01-22 18:41:37,True,1.0,1.801400462962963,True
PED002196,10,10,2026-04-24 16:42:08,2026-04-26 11:48:20,43.089999999999996,1,CEDI Cali,Cali,Coordinadora,KMS68792535,11900,2026-04-26 16:42:08,Entregado,2026-04-26 11:48:20,True,1.0,1.7959722222222223,True
PED002197,10,10,2026-02-17 00:51:04,2026-02-18 07:23:13,30.55,0,CEDI Cali,Cali,Envia,KMS25950073,11900,2026-02-19 00:51:04,Entregado,2026-02-18 07:23:13,True,1.0,1.272326388888889,True
PED002198,10,10,2026-06-17 06:44:42,2026-06-19 14:38:57,55.9,0,CEDI Cali,Cali,TCC,KMS16859324,15900,2026-06-19 06:44:42,Entregado,2026-06-19 14:38:57,True,0.0,2.329340277777778,True
PED002199,10,10,2026-02-26 20:23:11,2026-02-28 08:36:04,36.21,0,CEDI Cali,Cali,TCC,KMS63261169,11900,2026-02-28 20:23:11,Entregado,2026-02-28 08:36:04,True,1.0,1.5089467592592594,True
PED002200,10,10,2026-04-07 07:16:48,2026-04-09 22:42:20,63.41,0,CEDI Medellín,Medellín,Inter Rapidísimo,KMS35501000,9900,2026-04-09 05:16:48,Entregado,2026-04-09 22:42:20,True,0.0,2.6427314814814813,True
PED002201,10,10,2026-05-11 22:11:21,2026-05-13 00:16:33,26.09,0,CEDI Medellín,Medellín,Envia,KMS87902335,9900,2026-05-13 20:11:21,Entregado,2026-05-13 00:16:33,True,1.0,1.0869444444444445,True
PED002202,10,10,2026-01-13 11:45:21,2026-01-16 02:35:34,62.839999999999996,0,CEDI Medellín,Medellín,Inter Rapidísimo,KMS95223033,8900,2026-01-15 09:45:21,Entregado,2026-01-16 02:35:34,True,0.0,2.6182060185185185,True
PED002203,10,10,2026-05-15 10:40:01,2026-05-16 14:59:46,28.33,1,CEDI Bogotá,Bogotá D.C.,Servientrega,KMS49471824,20790,2026-05-17 02:40:01,Entregado,2026-05-16 14:59:46,True,1.0,1.1803819444444446,True
PED002204,10,10,2026-05-02 18:21:49,2026-05-04 07:46:11,37.4,0,CEDI Bucaramanga,Bucaramanga,Envia,KMS49327137,18900,2026-05-04 15:21:49,Entregado,2026-05-04 07:46:11,True,1.0,1.5585879629629629,True
PED002205,10,10,2026-01-21 20:57:26,2026-01-23 20:09:41,47.2,0,CEDI Barranquilla,Barranquilla,Envia,KMS77172670,8900,2026-01-24 06:57:26,Entregado,2026-01-23 20:09:41,True,1.0,1.9668402777777778,True
PED002206,10,10,2026-01-15 12:15:27,2026-01-16 19:35:51,31.34,0,CEDI Medellín,Medellín,Servientrega,KMS93651224,8900,2026-01-17 03:15:27,Entregado,2026-01-16 19:35:51,True,1.0,1.3058333333333334,True
PED002207,10,10,2026-03-02 15:30:49,2026-03-05 02:31:19,59.01,0,CEDI Cali,Cali,TCC,KMS57272556,13900,2026-03-04 15:30:49,Entregado,2026-03-05 02:31:19,True,0.0,2.4586805555555555,True
PED002208,10,10,2026-03-06 05:23:44,2026-03-07 14:23:27,33.0,0,CEDI Barranquilla,Barranquilla,Servientrega,KMS29972073,9900,2026-03-08 15:23:44,Entregado,2026-03-07 14:23:27,True,1.0,1.3748032407407407,True
PED002209,10,10,2026-04-02 04:28:08,2026-04-04 10:32:46,54.08,1,CEDI Cali,Cali,Envia,KMS15177731,8900,2026-04-04 04:28:08,Entregado,2026-04-04 10:32:46,True,0.0,2.2532175925925926,True
PED002210,10,10,2026-03-28 07:10:22,2026-03-29 12:33:36,29.38,0,CEDI Medellín,Medellín,Envia,KMS79131465,13900,2026-03-29 22:10:22,Entregado,2026-03-29 12:33:36,True,1.0,1.2244675925925925,True
PED002211,10,10,2026-01-07 12:57:29,2026-01-08 13:47:22,24.83,0,CEDI Bogotá,Bogotá D.C.,Servientrega,KMS59586112,9900,2026-01-08 21:57:29,Entregado,2026-01-08 13:47:22,True,1.0,1.0346412037037036,True
PED002212,10,10,2026-06-13 19:52:12,2026-06-15 16:24:33,44.54,0,CEDI Barranquilla,Barranquilla,Servientrega,KMS89762149,15290,2026-06-16 05:52:12,Entregado,2026-06-15 16:24:33,True,1.0,1.855798611111111,True
PED002213,10,10,2026-04-29 03:55:43,2026-04-30 18:14:38,38.32,0,CEDI Pereira,Pereira,Servientrega,KMS44850471,13900,2026-05-01 05:55:43,Entregado,2026-04-30 18:14:38,True,1.0,1.5964699074074074,True
PED002214,10,10,2026-03-08 09:59:56,2026-03-10 12:38:10,50.64,0,CEDI Cali,Cali,Inter Rapidísimo,KMS78056092,15290,2026-03-10 09:59:56,Entregado,2026-03-10 12:38:10,True,0.0,2.109884259259259,True
PED002215,10,10,2026-05-09 05:03:35,2026-05-10 23:26:12,42.370000000000005,0,CEDI Medellín,Medellín,Servientrega,KMS94386758,9900,2026-05-11 03:03:35,Entregado,2026-05-10 23:26:12,True,1.0,1.7657060185185185,True
PED002216,10,10,2026-03-08 11:35:25,2026-03-10 03:42:42,40.120000000000005,0,CEDI Cali,Cali,Inter Rapidísimo,KMS48616371,15900,2026-03-10 11:35:25,Entregado,2026-03-10 03:42:42,True,1.0,1.671724537037037,True
PED002217,10,10,2026-05-03 20:49:19,2026-05-05 07:25:36,34.6,0,CEDI Medellín,Medellín,Coordinadora,KMS86345844,13900,2026-05-05 18:49:19,Entregado,2026-05-05 07:25:36,True,1.0,1.441863425925926,True
PED002218,10,10,2026-03-22 10:00:01,2026-03-24 09:00:01,47.01,0,CEDI Barranquilla,Barranquilla,Servientrega,KMS17422447,17490,2026-03-24 13:00:01,Entregado,2026-03-24 09:00:01,True,1.0,1.9583333333333333,True
PED002219,10,10,2026-04-26 03:38:22,2026-04-27 07:26:09,27.8,0,CEDI Bogotá,Bogotá D.C.,Inter Rapidísimo,KMS46287625,17490,2026-04-27 19:38:22,Entregado,2026-04-27 07:26:09,True,1.0,1.1581828703703703,True
PED002220,10,10,2026-03-04 16:52:49,2026-03-05 21:00:18,28.11,0,CEDI Medellín,Medellín,Coordinadora,KMS27597086,13900,2026-03-06 14:52:49,Entregado,2026-03-05 21:00:18,True,1.0,1.171863425925926,True
PED002221,10,10,2026-05-17 22:12:24,2026-05-19 05:55:49,31.740000000000002,1,CEDI Cali,Cali,Servientrega,KMS31768829,20790,2026-05-19 22:12:24,Entregado,2026-05-19 05:55:49,True,1.0,1.3218171296296297,True
PED002222,10,10,2026-02-14 00:21:04,2026-02-16 14:41:13,62.33,0,CEDI Bogotá,Bogotá D.C.,Inter Rapidísimo,KMS95590909,13900,2026-02-15 09:21:04,Entregado,2026-02-16 14:41:13,True,0.0,2.597326388888889,True
PED002223,10,10,2026-03-15 13:00:30,2026-03-17 00:17:17,35.28,0,CEDI Cali,Cali,Servientrega,KMS46008252,13090,2026-03-17 13:00:30,Entregado,2026-03-17 00:17:17,True,1.0,1.469988425925926,True
PED002224,10,10,2026-04-07 21:06:46,2026-04-09 03:36:27,30.49,0,CEDI Cali,Cali,Inter Rapidísimo,KMS63442921,20790,2026-04-09 21:06:46,Entregado,2026-04-09 03:36:27,True,1.0,1.2706134259259259,True
PED002225,10,10,2026-06-04 18:15:22,2026-06-05 21:32:18,27.28,0,CEDI Bogotá,Bogotá D.C.,Envia,KMS47886815,13090,2026-06-06 10:15:22,Entregado,2026-06-05 21:32:18,True,1.0,1.1367592592592592,True
PED002226,10,10,2026-01-29 00:14:51,2026-01-30 11:31:06,35.269999999999996,0,CEDI Cali,Cali,Inter Rapidísimo,KMS93510508,13900,2026-01-30 17:14:51,Entregado,2026-01-30 11:31:06,True,1.0,1.4696180555555556,True
PED002227,10,10,2026-04-26 21:24:48,2026-04-28 13:11:42,39.769999999999996,0,CEDI Medellín,Medellín,Envia,KMS34172199,9790,2026-04-28 19:24:48,Entregado,2026-04-28 13:11:42,True,1.0,1.6575694444444444,True
PED002228,10,10,2026-01-07 04:13:52,2026-01-08 07:31:03,27.299999999999997,0,CEDI Cali,Cali,Coordinadora,KMS43685386,18900,2026-01-08 21:13:52,Entregado,2026-01-08 07:31:03,True,1.0,1.1369328703703703,True
PED002229,10,10,2026-06-02 21:33:10,2026-06-04 15:21:26,41.79,0,CEDI Bucaramanga,Bucaramanga,Coordinadora,KMS13507272,8900,2026-06-04 18:33:10,Entregado,2026-06-04 15:21:26,True,1.0,1.7418518518518518,True
PED002230,10,10,2026-06-25 19:59:11,2026-06-27 07:58:01,35.98,0,CEDI Barranquilla,Barranquilla,Envia,KMS97160305,8900,2026-06-28 05:59:11,Entregado,2026-06-27 07:58:01,True,1.0,1.4991898148148148,True
PED002231,10,10,2026-01-20 09:37:07,2026-01-20 21:10:17,11.55,0,CEDI Bogotá,Bogotá D.C.,Inter Rapidísimo,KMS77801057,10890,2026-01-21 18:37:07,Entregado,2026-01-20 21:10:17,True,1.0,0.48136574074074073,True
PED002232,10,10,2026-06-11 23:04:43,2026-06-12 20:42:59,21.65,0,CEDI Medellín,Medellín,Envia,KMS27356600,9900,2026-06-13 21:04:43,Entregado,2026-06-12 20:42:59,True,1.0,0.9015740740740741,True
PED002233,10,10,2026-03-18 11:23:02,2026-03-20 02:49:57,39.44,0,CEDI Bucaramanga,Bucaramanga,Envia,KMS33759861,18900,2026-03-20 15:23:02,Entregado,2026-03-20 02:49:57,True,1.0,1.6436921296296296,True
PED002234,10,10,2026-05-25 05:48:37,2026-05-26 10:48:03,29.0,0,CEDI Bogotá,Bogotá D.C.,Servientrega,KMS17974115,10890,2026-05-26 21:48:37,Entregado,2026-05-26 10:48:03,True,1.0,1.2079398148148148,True
PED002235,9,9,2026-03-03 23:25:10,2026-03-04 22:36:07,22.92,0,CEDI Bogotá,Bogotá D.C.,TCC,KMS45244731,18900,2026-03-05 15:25:10,Entregado,2026-03-04 22:36:07,True,1.0,0.9659375,False
PED002236,10,10,2026-05-18 15:45:55,2026-05-20 08:47:51,41.050000000000004,0,CEDI Bucaramanga,Bucaramanga,Coordinadora,KMS36765130,11900,2026-05-20 19:45:55,Entregado,2026-05-20 08:47:51,True,1.0,1.709675925925926,True
PED002237,10,10,2026-05-23 12:34:26,2026-05-25 09:18:15,44.72,0,CEDI Cali,Cali,Inter Rapidísimo,KMS56244402,13900,2026-05-25 12:34:26,Entregado,2026-05-25 09:18:15,True,1.0,1.863761574074074,True
PED002238,10,10,2026-03-09 15:19:24,2026-03-10 12:53:13,21.56,0,CEDI Medellín,Medellín,TCC,KMS30972218,20790,2026-03-11 13:19:24,Entregado,2026-03-10 12:53:13,True,1.0,0.8984837962962963,True
PED002239,10,10,2026-03-02 00:48:53,2026-03-03 07:55:17,31.11,0,CEDI Medellín,Medellín,Coordinadora,KMS83392864,15900,2026-03-03 15:48:53,Entregado,2026-03-03 07:55:17,True,1.0,1.2961111111111112,True
PED002240,10,10,2026-04-01 12:15:16,2026-04-02 00:21:00,12.11,1,CEDI Bogotá,Bogotá D.C.,TCC,KMS98354695,9900,2026-04-02 21:15:16,Entregado,2026-04-02 00:21:00,True,1.0,0.5039814814814815,True
PED002241,10,10,2026-01-20 20:01:37,2026-01-23 06:45:04,58.72,0,CEDI Barranquilla,Barranquilla,Inter Rapidísimo,KMS34802127,8900,2026-01-23 06:01:37,Entregado,2026-01-23 06:45:04,True,0.0,2.4468402777777776,True
PED002242,10,10,2026-03-07 19:41:51,2026-03-09 08:23:14,36.69,0,CEDI Medellín,Medellín,Inter Rapidísimo,KMS83258283,8900,2026-03-09 17:41:51,Entregado,2026-03-09 08:23:14,True,1.0,1.528738425925926,True
PED002243,10,10,2026-01-17 04:00:04,2026-01-18 20:45:33,40.76,0,CEDI Barranquilla,Barranquilla,Inter Rapidísimo,KMS66270907,13090,2026-01-19 14:00:04,Entregado,2026-01-18 20:45:33,True,1.0,1.6982523148148148,True
PED002244,10,10,2026-03-19 07:10:26,2026-03-21 07:11:16,48.01,1,CEDI Bogotá,Bogotá D.C.,TCC,KMS20682606,11900,2026-03-20 16:10:26,Entregado,2026-03-21 07:11:16,True,0.0,2.0005787037037037,True
PED002245,10,10,2026-06-28 06:12:31,2026-06-29 09:43:08,27.5,1,CEDI Medellín,Medellín,Servientrega,KMS61493517,18900,2026-06-30 04:12:31,Entregado,2026-06-29 09:43:08,True,1.0,1.146261574074074,True
PED002246,10,10,2026-06-08 05:40:50,2026-06-10 03:41:21,45.989999999999995,0,CEDI Bogotá,Bogotá D.C.,Coordinadora,KMS61209564,13900,2026-06-09 21:40:50,Entregado,2026-06-10 03:41:21,True,0.0,1.917025462962963,True
PED002247,10,10,2026-01-12 05:27:07,2026-01-13 01:29:27,20.04,0,CEDI Medellín,Medellín,Coordinadora,KMS34792491,9900,2026-01-14 03:27:07,Entregado,2026-01-13 01:29:27,True,1.0,0.8349537037037037,True
PED002248,10,10,2026-04-27 03:25:39,2026-04-29 17:32:21,62.12,0,CEDI Barranquilla,Barranquilla,Coordinadora,KMS65255658,9790,2026-04-29 13:25:39,Entregado,2026-04-29 17:32:21,True,0.0,2.5879861111111113,True
PED002249,10,10,2026-05-17 15:03:52,2026-05-18 01:03:52,10.01,0,CEDI Bogotá,Bogotá D.C.,Coordinadora,KMS48898227,13900,2026-05-19 00:03:52,Entregado,2026-05-18 01:03:52,True,1.0,0.4166666666666667,True
PED002250,10,10,2026-04-20 22:28:38,2026-04-23 08:11:13,57.71,0,CEDI Barranquilla,Barranquilla,TCC,KMS89657404,15900,2026-04-23 08:28:38,Entregado,2026-04-23 08:11:13,True,1.0,2.4045717592592593,True
PED002251,10,10,2026-06-10 08:17:51,2026-06-11 18:54:51,34.62,0,CEDI Cali,Cali,Servientrega,KMS21262508,15900,2026-06-12 08:17:51,Entregado,2026-06-11 18:54:51,True,1.0,1.4423611111111112,True
PED002252,10,10,2026-02-19 03:17:32,2026-02-19 22:28:24,19.169999999999998,0,CEDI Medellín,Medellín,Inter Rapidísimo,KMS48012478,18900,2026-02-21 01:17:32,Entregado,2026-02-19 22:28:24,True,1.0,0.799212962962963,True
PED002253,10,10,2026-05-12 00:43:25,2026-05-12 13:21:31,12.629999999999999,0,CEDI Medellín,Medellín,Coordinadora,KMS99775406,13900,2026-05-13 15:43:25,Entregado,2026-05-12 13:21:31,True,1.0,0.5264583333333334,True
PED002254,10,10,2026-01-16 05:18:37,2026-01-16 22:47:13,17.48,0,CEDI Bogotá,Bogotá D.C.,Envia,KMS80165665,9900,2026-01-17 14:18:37,Entregado,2026-01-16 22:47:13,True,1.0,0.7281944444444445,True
PED002255,10,10,2026-03-06 22:26:52,2026-03-08 05:41:19,31.259999999999998,0,CEDI Bogotá,Bogotá D.C.,Inter Rapidísimo,KMS90394140,17490,2026-03-08 14:26:52,Entregado,2026-03-08 05:41:19,True,1.0,1.3017013888888889,True
PED002256,10,10,2026-03-25 14:14:31,2026-03-27 07:43:06,41.47,1,CEDI Cali,Cali,TCC,KMS67288414,8900,2026-03-27 07:14:31,Entregado,2026-03-27 07:43:06,True,0.0,1.7281828703703703,True
PED002257,10,10,2026-01-23 02:05:43,2026-01-24 04:41:21,26.59,0,CEDI Bogotá,Bogotá D.C.,Inter Rapidísimo,KMS80187562,8900,2026-01-24 18:05:43,Entregado,2026-01-24 04:41:21,True,1.0,1.1080787037037036,True
PED002258,10,10,2026-06-26 11:35:10,2026-06-28 02:32:55,38.96,0,CEDI Bogotá,Bogotá D.C.,Inter Rapidísimo,KMS14926490,9790,2026-06-27 20:35:10,Entregado,2026-06-28 02:32:55,True,0.0,1.6234375,True
PED002259,10,10,2026-02-22 12:53:40,2026-02-23 14:34:05,25.669999999999998,1,CEDI Medellín,Medellín,Inter Rapidísimo,KMS13457077,8900,2026-02-24 03:53:40,Entregado,2026-02-23 14:34:05,True,1.0,1.0697337962962963,True
PED002260,10,10,2026-02-24 12:55:16,2026-02-27 13:22:14,72.45,0,CEDI Pereira,Pereira,TCC,KMS86118354,8900,2026-02-26 14:55:16,Entregado,2026-02-27 13:22:14,True,0.0,3.0187268518518517,True
PED002261,10,10,2026-03-14 13:15:06,2026-03-16 01:31:56,36.28,1,CEDI Barranquilla,Barranquilla,TCC,KMS96116857,11900,2026-03-16 16:15:06,Entregado,2026-03-16 01:31:56,True,1.0,1.5116898148148148,True
PED002262,10,10,2026-03-05 03:14:54,2026-03-06 13:55:57,34.68,0,CEDI Bogotá,Bogotá D.C.,Envia,KMS70474509,11900,2026-03-06 19:14:54,Entregado,2026-03-06 13:55:57,True,1.0,1.445173611111111,True
PED002263,10,10,2026-05-08 15:27:06,2026-05-10 03:15:20,35.8,0,CEDI Medellín,Medellín,TCC,KMS48583610,9900,2026-05-10 13:27:06,Entregado,2026-05-10 03:15:20,True,1.0,1.4918287037037037,True
PED002264,10,10,2026-01-10 09:51:38,2026-01-11 16:54:49,31.05,0,CEDI Medellín,Medellín,Servientrega,KMS68525883,13900,2026-01-12 07:51:38,Entregado,2026-01-11 16:54:49,True,1.0,1.2938773148148148,True
PED002265,10,10,2026-06-12 08:46:51,2026-06-14 17:44:53,56.96,0,CEDI Bogotá,Bogotá D.C.,Servientrega,KMS63886146,10890,2026-06-13 17:46:51,Entregado,2026-06-14 17:44:53,True,0.0,2.3736342592592594,True
PED002266,10,10,2026-01-13 17:14:54,2026-01-14 21:11:04,27.939999999999998,0,CEDI Pereira,Pereira,Inter Rapidísimo,KMS39406042,13900,2026-01-15 19:14:54,Entregado,2026-01-14 21:11:04,True,1.0,1.1640046296296296,True
PED002267,10,10,2026-04-13 23:22:01,2026-04-15 17:12:29,41.83,0,CEDI Barranquilla,Barranquilla,Envia,KMS44434408,17490,2026-04-16 09:22:01,Entregado,2026-04-15 17:12:29,True,1.0,1.7433796296296296,True
PED002268,10,10,2026-03-14 00:15:16,2026-03-14 18:58:26,18.73,0,CEDI Bogotá,Bogotá D.C.,TCC,KMS55580318,20790,2026-03-15 09:15:16,Entregado,2026-03-14 18:58:26,True,1.0,0.7799768518518518,True
PED002269,10,10,2026-02-06 02:34:15,2026-02-07 11:25:04,32.85,0,CEDI Medellín,Medellín,TCC,KMS61875860,15900,2026-02-08 00:34:15,Entregado,2026-02-07 11:25:04,True,1.0,1.3686226851851853,True
PED002270,10,10,2026-03-29 08:36:31,2026-03-30 18:12:31,33.6,0,CEDI Medellín,Medellín,Coordinadora,KMS63845250,13900,2026-03-31 06:36:31,Entregado,2026-03-30 18:12:31,True,1.0,1.4,True
PED002271,10,10,2026-03-19 18:52:43,2026-03-21 00:19:34,29.46,0,CEDI Pereira,Pereira,Coordinadora,KMS97337333,13900,2026-03-21 20:52:43,Entregado,2026-03-21 00:19:34,True,1.0,1.2269791666666667,True
PED002272,10,10,2026-04-27 16:13:31,2026-04-28 23:28:02,31.240000000000002,1,CEDI Barranquilla,Barranquilla,Coordinadora,KMS93791645,11900,2026-04-29 19:13:31,Entregado,2026-04-28 23:28:02,True,1.0,1.3017476851851852,True
PED002273,10,10,2026-05-02 08:21:46,2026-05-04 04:48:18,44.44,1,CEDI Pereira,Pereira,Envia,KMS95084770,20790,2026-05-04 10:21:46,Entregado,2026-05-04 04:48:18,True,1.0,1.8517592592592593,True
PED002274,10,10,2026-04-15 23:33:27,2026-04-17 09:59:14,34.43,0,CEDI Bogotá,Bogotá D.C.,Inter Rapidísimo,KMS50438964,8900,2026-04-17 15:33:27,Entregado,2026-04-17 09:59:14,True,1.0,1.4345717592592593,True
PED002275,10,10,2026-05-28 02:46:53,2026-05-29 10:19:10,31.54,0,CEDI Barranquilla,Barranquilla,Inter Rapidísimo,KMS47191057,8900,2026-05-30 05:46:53,Entregado,2026-05-29 10:19:10,True,1.0,1.3140856481481482,True
PED002276,10,10,2026-05-22 16:23:46,2026-05-23 12:34:04,20.16,0,CEDI Bogotá,Bogotá D.C.,Coordinadora,KMS18578172,8900,2026-05-24 08:23:46,Entregado,2026-05-23 12:34:04,True,1.0,0.8404861111111112,True
PED002277,10,10,2026-02-05 08:05:32,2026-02-07 22:14:11,62.15,0,CEDI Pereira,Pereira,Servientrega,KMS61661943,15290,2026-02-07 03:05:32,Entregado,2026-02-07 22:14:11,True,0.0,2.5893402777777776,True
PED002278,10,10,2026-06-25 11:17:17,2026-06-26 14:29:01,27.2,0,CEDI Bogotá,Bogotá D.C.,TCC,KMS77480902,15900,2026-06-27 03:17:17,Entregado,2026-06-26 14:29:01,True,1.0,1.1331481481481482,True
PED002279,10,10,2026-03-22 05:00:43,2026-03-22 18:28:19,13.45,0,CEDI Bogotá,Bogotá D.C.,Inter Rapidísimo,KMS17306542,17490,2026-03-23 14:00:43,Entregado,2026-03-22 18:28:19,True,1.0,0.5608333333333333,True
PED002280,10,10,2026-06-21 06:17:55,2026-06-22 03:24:40,21.11,0,CEDI Bogotá,Bogotá D.C.,Envia,KMS72085857,13900,2026-06-22 22:17:55,Entregado,2026-06-22 03:24:40,True,1.0,0.8796875,True
PED002281,10,10,2026-02-27 17:33:48,2026-03-02 07:45:40,62.21,0,CEDI Bogotá,Bogotá D.C.,Coordinadora,KMS64356646,8900,2026-03-01 02:33:48,Entregado,2026-03-02 07:45:40,True,0.0,2.591574074074074,True
PED002282,10,10,2026-04-08 12:32:59,2026-04-09 13:31:37,24.990000000000002,1,CEDI Bogotá,Bogotá D.C.,Inter Rapidísimo,KMS47181133,9900,2026-04-09 21:32:59,Entregado,2026-04-09 13:31:37,True,1.0,1.0407175925925927,True
PED002283,10,10,2026-01-28 17:34:57,2026-01-31 01:24:29,55.83,0,CEDI Barranquilla,Barranquilla,Inter Rapidísimo,KMS13629597,9790,2026-01-31 03:34:57,Entregado,2026-01-31 01:24:29,True,1.0,2.326064814814815,True
PED002284,10,10,2026-06-30 18:38:47,2026-07-02 14:30:29,43.88,0,CEDI Bucaramanga,Bucaramanga,TCC,KMS54121333,8900,2026-07-02 22:38:47,Entregado,2026-07-02 14:30:29,True,1.0,1.8275694444444444,True
PED002285,10,10,2026-01-08 15:12:59,2026-01-10 14:43:00,47.5,0,CEDI Barranquilla,Barranquilla,Inter Rapidísimo,KMS21795969,13900,2026-01-11 01:12:59,Entregado,2026-01-10 14:43:00,True,1.0,1.9791782407407408,True
PED002286,10,10,2026-05-31 18:23:25,2026-06-03 17:06:03,70.71,0,CEDI Barranquilla,Barranquilla,Inter Rapidísimo,KMS28185058,9790,2026-06-03 04:23:25,Entregado,2026-06-03 17:06:03,True,0.0,2.946273148148148,True
PED002287,10,10,2026-05-22 00:45:21,2026-05-23 10:35:06,33.81,0,CEDI Medellín,Medellín,Servientrega,KMS77272908,8900,2026-05-23 22:45:21,Entregado,2026-05-23 10:35:06,True,1.0,1.409548611111111,True
PED002288,10,10,2026-02-04 15:09:34,2026-02-06 05:29:28,38.34,0,CEDI Pereira,Pereira,Inter Rapidísimo,KMS24054614,11900,2026-02-06 17:09:34,Entregado,2026-02-06 05:29:28,True,1.0,1.5971527777777779,True
PED002289,10,10,2026-02-28 14:18:56,2026-03-01 22:25:32,32.13,1,CEDI Medellín,Medellín,TCC,KMS28243685,8900,2026-03-02 05:18:56,Entregado,2026-03-01 22:25:32,True,1.0,1.3379166666666666,True
PED002290,10,10,2026-03-28 03:45:52,2026-03-30 02:14:54,46.48,0,CEDI Bucaramanga,Bucaramanga,Envia,KMS21034853,8900,2026-03-30 00:45:52,Entregado,2026-03-30 02:14:54,True,0.0,1.9368287037037037,True
PED002291,10,10,2026-02-13 00:42:05,2026-02-15 23:02:11,70.34,0,CEDI Medellín,Medellín,Servientrega,KMS81892206,13900,2026-02-14 22:42:05,Entregado,2026-02-15 23:02:11,True,0.0,2.930625,True
PED002292,10,10,2026-05-12 12:21:01,2026-05-15 13:55:44,73.59,0,CEDI Bogotá,Bogotá D.C.,Coordinadora,KMS77371131,11900,2026-05-14 04:21:01,Entregado,2026-05-15 13:55:44,True,0.0,3.065775462962963,True
PED002293,10,10,2026-06-05 14:21:31,2026-06-06 22:16:34,31.93,0,CEDI Bucaramanga,Bucaramanga,Envia,KMS65254950,13090,2026-06-07 11:21:31,Entregado,2026-06-06 22:16:34,True,1.0,1.3298958333333333,True
PED002294,10,10,2026-01-15 22:37:56,2026-01-17 06:23:51,31.77,0,CEDI Bogotá,Bogotá D.C.,TCC,KMS25986705,17490,2026-01-17 14:37:56,Entregado,2026-01-17 06:23:51,True,1.0,1.3235532407407407,True
PED002295,10,10,2026-01-27 22:43:55,2026-01-29 11:21:47,36.62,0,CEDI Bucaramanga,Bucaramanga,Envia,KMS36669970,9900,2026-01-30 02:43:55,Entregado,2026-01-29 11:21:47,True,1.0,1.5262962962962963,True
PED002296,10,10,2026-05-04 21:36:36,2026-05-06 17:00:14,43.4,0,CEDI Bogotá,Bogotá D.C.,TCC,KMS77911320,13900,2026-05-06 13:36:36,Entregado,2026-05-06 17:00:14,True,0.0,1.8080787037037036,True
PED002297,10,10,2026-02-15 21:02:48,2026-02-16 15:20:41,18.3,0,CEDI Medellín,Medellín,Coordinadora,KMS70240618,8900,2026-02-17 12:02:48,Entregado,2026-02-16 15:20:41,True,1.0,0.7624189814814815,True
PED002298,10,10,2026-06-02 18:05:06,2026-06-05 05:44:55,59.67,0,CEDI Pereira,Pereira,Servientrega,KMS61416467,17490,2026-06-04 20:05:06,Entregado,2026-06-05 05:44:55,True,0.0,2.4859837962962965,True
PED002299,10,10,2026-02-06 19:04:34,2026-02-07 19:02:45,23.98,0,CEDI Medellín,Medellín,Inter Rapidísimo,KMS94820284,8900,2026-02-08 17:04:34,Entregado,2026-02-07 19:02:45,True,1.0,0.9987384259259259,True
PED002300,10,10,2026-02-26 20:03:41,2026-03-01 07:17:54,59.24,0,CEDI Barranquilla,Barranquilla,Envia,KMS38851770,13900,2026-02-28 23:03:41,Entregado,2026-03-01 07:17:54,True,0.0,2.4682060185185186,True
PED002301,10,10,2026-03-26 12:28:25,2026-03-28 07:16:40,42.8,0,CEDI Bogotá,Bogotá D.C.,Servientrega,KMS95897086,9900,2026-03-28 04:28:25,Entregado,2026-03-28 07:16:40,True,0.0,1.7835069444444445,True
PED002302,10,10,2026-05-21 17:14:02,2026-05-23 04:12:58,34.97,0,CEDI Medellín,Medellín,TCC,KMS54392035,8900,2026-05-23 08:14:02,Entregado,2026-05-23 04:12:58,True,1.0,1.4575925925925926,True
PED002303,10,10,2026-02-08 19:51:20,2026-02-09 22:32:02,26.68,0,CEDI Medellín,Medellín,Coordinadora,KMS57157635,9790,2026-02-10 10:51:20,Entregado,2026-02-09 22:32:02,True,1.0,1.1115972222222221,True
PED002304,10,10,2026-05-22 16:47:34,2026-05-24 09:39:38,40.86,0,CEDI Bucaramanga,Bucaramanga,Inter Rapidísimo,KMS76587541,13090,2026-05-24 20:47:34,Entregado,2026-05-24 09:39:38,True,1.0,1.702824074074074,True
PED002305,10,10,2026-04-07 19:45:30,2026-04-09 04:49:41,33.06,0,CEDI Bucaramanga,Bucaramanga,Inter Rapidísimo,KMS56593220,15900,2026-04-09 23:45:30,Entregado,2026-04-09 04:49:41,True,1.0,1.3779050925925926,True
PED002306,10,10,2026-03-01 12:19:18,2026-03-03 05:41:41,41.36,1,CEDI Bogotá,Bogotá D.C.,TCC,KMS91334186,11900,2026-03-03 04:19:18,Entregado,2026-03-03 05:41:41,True,0.0,1.7238773148148148,True
PED002307,10,10,2026-04-21 12:35:22,2026-04-23 00:06:47,35.51,0,CEDI Cali,Cali,Servientrega,KMS81218158,13090,2026-04-23 05:35:22,Entregado,2026-04-23 00:06:47,True,1.0,1.480150462962963,True
PED002308,10,10,2026-05-17 18:05:38,2026-05-18 23:50:29,29.740000000000002,0,CEDI Bogotá,Bogotá D.C.,TCC,KMS48744558,8900,2026-05-19 10:05:38,Entregado,2026-05-18 23:50:29,True,1.0,1.2394791666666667,True
PED002309,10,10,2026-05-02 15:49:31,2026-05-04 06:10:46,38.36,1,CEDI Cali,Cali,Servientrega,KMS36157322,17490,2026-05-04 15:49:31,Entregado,2026-05-04 06:10:46,True,1.0,1.5980902777777777,True
PED002310,10,10,2026-04-17 03:12:08,2026-04-17 20:31:56,17.34,0,CEDI Cali,Cali,Inter Rapidísimo,KMS28815484,8900,2026-04-18 20:12:08,Entregado,2026-04-17 20:31:56,True,1.0,0.7220833333333333,True
PED002311,10,10,2026-06-15 11:59:26,2026-06-17 00:33:11,36.55,0,CEDI Barranquilla,Barranquilla,Servientrega,KMS96604408,11900,2026-06-17 21:59:26,Entregado,2026-06-17 00:33:11,True,1.0,1.5234375,True
PED002312,10,10,2026-05-10 04:51:04,2026-05-12 06:38:37,49.8,0,CEDI Pereira,Pereira,TCC,KMS55352861,17490,2026-05-11 23:51:04,Entregado,2026-05-12 06:38:37,True,0.0,2.0746875,True
PED002313,10,10,2026-04-06 22:36:45,2026-04-07 19:52:46,21.27,0,CEDI Bogotá,Bogotá D.C.,Coordinadora,KMS54436252,15900,2026-04-08 07:36:45,Entregado,2026-04-07 19:52:46,True,1.0,0.8861226851851852,True
PED002314,10,10,2026-04-26 01:35:55,2026-04-27 13:23:07,35.78,0,CEDI Medellín,Medellín,TCC,KMS18279317,18900,2026-04-27 16:35:55,Entregado,2026-04-27 13:23:07,True,1.0,1.491111111111111,True
PED002315,10,10,2026-05-02 02:17:53,2026-05-03 03:14:31,24.94,0,CEDI Medellín,Medellín,TCC,KMS28617669,9900,2026-05-03 17:17:53,Entregado,2026-05-03 03:14:31,True,1.0,1.0393287037037038,True
PED002316,10,10,2026-03-07 08:32:49,2026-03-08 13:04:33,28.53,0,CEDI Medellín,Medellín,TCC,KMS27572181,18900,2026-03-09 06:32:49,Entregado,2026-03-08 13:04:33,True,1.0,1.1887037037037036,True
PED002317,10,10,2026-06-21 16:27:07,2026-06-23 16:28:26,48.03,0,CEDI Cali,Cali,Coordinadora,KMS92052062,9900,2026-06-23 16:27:07,Entregado,2026-06-23 16:28:26,True,0.0,2.000914351851852,True
PED002318,10,10,2026-02-08 03:02:53,2026-02-09 20:20:57,41.3,0,CEDI Bogotá,Bogotá D.C.,Coordinadora,KMS88961443,15900,2026-02-09 19:02:53,Entregado,2026-02-09 20:20:57,True,0.0,1.7208796296296296,True
PED002319,10,10,2026-02-20 07:18:36,2026-02-21 01:29:33,18.18,0,CEDI Pereira,Pereira,TCC,KMS18284401,15900,2026-02-22 02:18:36,Entregado,2026-02-21 01:29:33,True,1.0,0.7576041666666666,True
PED002320,10,10,2026-04-27 00:29:02,2026-04-29 01:32:20,49.05,0,CEDI Medellín,Medellín,Envia,KMS46249437,17490,2026-04-28 22:29:02,Entregado,2026-04-29 01:32:20,True,0.0,2.0439583333333333,True
PED002321,10,10,2026-02-09 04:57:15,2026-02-11 05:21:56,48.4,0,CEDI Medellín,Medellín,Coordinadora,KMS63245563,13900,2026-02-11 02:57:15,Entregado,2026-02-11 05:21:56,True,0.0,2.0171412037037038,True
PED002322,10,10,2026-02-18 00:08:44,2026-02-19 09:41:41,33.55,0,CEDI Bogotá,Bogotá D.C.,Envia,KMS31779330,11900,2026-02-19 16:08:44,Entregado,2026-02-19 09:41:41,True,1.0,1.3978819444444444,True
PED002323,10,10,2026-05-06 07:05:09,2026-05-07 17:12:38,34.14,0,CEDI Cali,Cali,Coordinadora,KMS93584982,9900,2026-05-08 07:05:09,Entregado,2026-05-07 17:12:38,True,1.0,1.421863425925926,True
PED002324,10,10,2026-05-27 23:57:11,2026-05-29 12:41:52,36.76,0,CEDI Medellín,Medellín,Coordinadora,KMS18886950,17490,2026-05-29 21:57:11,Entregado,2026-05-29 12:41:52,True,1.0,1.5310300925925926,True
PED002325,10,10,2026-05-17 20:16:45,2026-05-18 19:48:17,23.51,0,CEDI Bogotá,Bogotá D.C.,Inter Rapidísimo,KMS38804638,11900,2026-05-19 12:16:45,Entregado,2026-05-18 19:48:17,True,1.0,0.9802314814814815,True
PED002326,10,10,2026-03-08 18:02:29,2026-03-11 04:05:32,58.06,0,CEDI Bogotá,Bogotá D.C.,Coordinadora,KMS38567051,15900,2026-03-10 03:02:29,Entregado,2026-03-11 04:05:32,True,0.0,2.418784722222222,True
PED002327,10,10,2026-03-12 09:27:06,2026-03-14 07:41:14,46.24,0,CEDI Bucaramanga,Bucaramanga,Coordinadora,KMS84823949,13900,2026-03-14 13:27:06,Entregado,2026-03-14 07:41:14,True,1.0,1.9264814814814815,True
PED002328,10,10,2026-06-22 09:21:14,2026-06-23 14:33:00,29.200000000000003,0,CEDI Bogotá,Bogotá D.C.,Inter Rapidísimo,KMS42732058,13900,2026-06-24 01:21:14,Entregado,2026-06-23 14:33:00,True,1.0,1.2165046296296296,True
PED002329,10,10,2026-06-28 23:57:25,2026-06-30 06:22:41,30.41,1,CEDI Cali,Cali,TCC,KMS12277611,9900,2026-06-30 16:57:25,Entregado,2026-06-30 06:22:41,True,1.0,1.2675462962962962,True
PED002330,10,10,2026-02-25 16:47:07,2026-02-26 21:11:41,28.41,0,CEDI Bogotá,Bogotá D.C.,Servientrega,KMS99688120,20790,2026-02-27 01:47:07,Entregado,2026-02-26 21:11:41,True,1.0,1.1837268518518518,True
PED002331,10,10,2026-01-22 06:03:47,2026-01-24 10:14:52,52.2,0,CEDI Cali,Cali,Envia,KMS71952258,15900,2026-01-24 06:03:47,Entregado,2026-01-24 10:14:52,True,0.0,2.174363425925926,True
PED002332,10,10,2026-01-13 19:43:14,2026-01-16 00:06:32,52.38,0,CEDI Barranquilla,Barranquilla,Servientrega,KMS74974974,15900,2026-01-16 05:43:14,Entregado,2026-01-16 00:06:32,True,1.0,2.182847222222222,True
PED002333,10,10,2026-01-31 13:17:31,2026-02-01 21:40:40,32.39,0,CEDI Pereira,Pereira,Servientrega,KMS13214808,18900,2026-02-02 15:17:31,Entregado,2026-02-01 21:40:40,True,1.0,1.3494097222222223,True
PED002334,10,10,2026-02-12 20:06:27,2026-02-13 23:16:08,27.17,0,CEDI Bogotá,Bogotá D.C.,Coordinadora,KMS65723216,17490,2026-02-14 12:06:27,Entregado,2026-02-13 23:16:08,True,1.0,1.131724537037037,True
PED002335,10,10,2026-03-05 01:20:04,2026-03-05 20:59:00,19.64,0,CEDI Bogotá,Bogotá D.C.,TCC,KMS50330837,11900,2026-03-06 10:20:04,Entregado,2026-03-05 20:59:00,True,1.0,0.8187037037037037,True
PED002336,10,10,2026-05-14 03:36:42,2026-05-16 04:04:00,48.45,1,CEDI Bucaramanga,Bucaramanga,Envia,KMS83080804,20790,2026-05-16 07:36:42,Entregado,2026-05-16 04:04:00,True,1.0,2.0189583333333334,True
PED002337,10,10,2026-05-10 11:54:30,2026-05-11 02:23:23,14.5,0,CEDI Medellín,Medellín,Envia,KMS50360222,11900,2026-05-12 02:54:30,Entregado,2026-05-11 02:23:23,True,1.0,0.6033912037037037,True
PED002338,10,10,2026-05-10 02:55:38,2026-05-11 03:35:41,24.68,0,CEDI Cali,Cali,Envia,KMS99728584,15290,2026-05-12 02:55:38,Entregado,2026-05-11 03:35:41,True,1.0,1.0278125,True
PED002339,10,10,2026-04-08 06:51:28,2026-04-09 17:06:06,34.24,0,CEDI Medellín,Medellín,Coordinadora,KMS46342999,9900,2026-04-09 21:51:28,Entregado,2026-04-09 17:06:06,True,1.0,1.4268287037037037,True
PED002340,10,10,2026-03-20 19:22:57,2026-03-22 18:16:24,46.91,0,CEDI Barranquilla,Barranquilla,TCC,KMS22076995,8900,2026-03-23 05:22:57,Entregado,2026-03-22 18:16:24,True,1.0,1.9537847222222222,True
PED002341,10,10,2026-06-24 02:05:41,2026-06-25 00:24:59,22.32,0,CEDI Bogotá,Bogotá D.C.,TCC,KMS90081121,8900,2026-06-25 11:05:41,Entregado,2026-06-25 00:24:59,True,1.0,0.9300694444444444,True
PED002342,10,10,2026-05-20 04:30:31,2026-05-22 05:20:44,48.83,1,CEDI Barranquilla,Barranquilla,Inter Rapidísimo,KMS84960522,18900,2026-05-22 14:30:31,Entregado,2026-05-22 05:20:44,True,1.0,2.034872685185185,True
PED002343,10,10,2026-06-11 13:28:44,2026-06-12 22:43:41,33.25,0,CEDI Cali,Cali,TCC,KMS66469260,20790,2026-06-13 13:28:44,Entregado,2026-06-12 22:43:41,True,1.0,1.3853819444444444,True
PED002344,10,10,2026-02-21 08:36:18,2026-02-23 08:43:07,48.120000000000005,0,CEDI Cali,Cali,Envia,KMS53468468,8900,2026-02-23 08:36:18,Entregado,2026-02-23 08:43:07,True,0.0,2.0047337962962963,True
PED002345,10,10,2026-02-04 22:12:26,2026-02-06 12:46:59,38.58,0,CEDI Medellín,Medellín,TCC,KMS56540700,13900,2026-02-06 20:12:26,Entregado,2026-02-06 12:46:59,True,1.0,1.607326388888889,True
PED002346,10,10,2026-04-14 17:58:20,2026-04-16 05:26:57,35.48,0,CEDI Bogotá,Bogotá D.C.,Inter Rapidísimo,KMS79747875,13900,2026-04-16 09:58:20,Entregado,2026-04-16 05:26:57,True,1.0,1.4782060185185186,True
PED002347,10,10,2026-04-26 11:27:55,2026-04-27 13:26:45,25.99,0,CEDI Bogotá,Bogotá D.C.,Inter Rapidísimo,KMS89636231,11900,2026-04-28 03:27:55,Entregado,2026-04-27 13:26:45,True,1.0,1.082523148148148,True
PED002348,10,10,2026-05-13 18:56:13,2026-05-15 12:53:45,41.97,0,CEDI Barranquilla,Barranquilla,TCC,KMS83047308,11900,2026-05-16 04:56:13,Entregado,2026-05-15 12:53:45,True,1.0,1.7482870370370371,True
PED002349,10,10,2026-02-10 10:30:57,2026-02-11 11:28:33,24.95,0,CEDI Bogotá,Bogotá D.C.,Envia,KMS55504540,13900,2026-02-11 19:30:57,Entregado,2026-02-11 11:28:33,True,1.0,1.04,True
PED002350,10,10,2026-05-17 00:39:27,2026-05-18 18:38:04,41.97,0,CEDI Medellín,Medellín,Envia,KMS85157597,13900,2026-05-18 22:39:27,Entregado,2026-05-18 18:38:04,True,1.0,1.7490393518518519,True
PED002351,10,10,2026-02-28 20:59:56,2026-03-02 13:15:15,40.25,0,CEDI Cali,Cali,Envia,KMS44033487,13900,2026-03-02 20:59:56,Entregado,2026-03-02 13:15:15,True,1.0,1.6773032407407407,True
PED002352,10,10,2026-05-12 14:49:00,2026-05-14 06:44:37,39.94,0,CEDI Bogotá,Bogotá D.C.,TCC,KMS74905884,15290,2026-05-13 23:49:00,Entregado,2026-05-14 06:44:37,True,0.0,1.6636226851851852,True
PED002353,10,10,2026-02-24 06:25:59,2026-02-26 20:35:05,62.15,0,CEDI Barranquilla,Barranquilla,TCC,KMS30969612,13900,2026-02-26 16:25:59,Entregado,2026-02-26 20:35:05,True,0.0,2.589652777777778,True
PED002354,10,10,2026-04-29 10:16:11,2026-05-01 01:42:36,39.45,0,CEDI Cali,Cali,Servientrega,KMS11657488,18900,2026-05-01 10:16:11,Entregado,2026-05-01 01:42:36,True,1.0,1.6433449074074074,True
PED002355,10,10,2026-06-08 20:10:20,2026-06-10 02:02:08,29.86,0,CEDI Pereira,Pereira,TCC,KMS42882312,13900,2026-06-10 22:10:20,Entregado,2026-06-10 02:02:08,True,1.0,1.2443055555555556,True
PED002356,10,10,2026-03-17 17:32:36,2026-03-19 02:12:24,32.66,0,CEDI Bogotá,Bogotá D.C.,Envia,KMS70599568,13900,2026-03-19 02:32:36,Entregado,2026-03-19 02:12:24,True,1.0,1.3609722222222222,True
PED002357,10,10,2026-06-27 19:15:07,2026-06-29 09:07:58,37.879999999999995,0,CEDI Barranquilla,Barranquilla,Servientrega,KMS66979155,13900,2026-06-30 05:15:07,Entregado,2026-06-29 09:07:58,True,1.0,1.5783680555555555,True
PED002358,10,10,2026-06-11 14:36:14,2026-06-13 22:39:30,56.07,0,CEDI Barranquilla,Barranquilla,Coordinadora,KMS58188862,18900,2026-06-14 00:36:14,Entregado,2026-06-13 22:39:30,True,1.0,2.3356018518518518,True
PED002359,10,10,2026-06-30 00:38:43,2026-07-01 04:51:46,28.21,0,CEDI Bogotá,Bogotá D.C.,Coordinadora,KMS55568139,13900,2026-07-01 16:38:43,Entregado,2026-07-01 04:51:46,True,1.0,1.1757291666666667,True
PED002360,10,10,2026-01-04 09:55:48,2026-01-05 22:25:04,36.49,0,CEDI Cali,Cali,TCC,KMS54993191,11900,2026-01-06 09:55:48,Entregado,2026-01-05 22:25:04,True,1.0,1.520324074074074,True
PED002361,10,10,2026-06-02 01:16:23,2026-06-03 15:42:07,38.43,0,CEDI Cali,Cali,Envia,KMS23485306,9900,2026-06-04 01:16:23,Entregado,2026-06-03 15:42:07,True,1.0,1.6012037037037037,True
PED002362,10,10,2026-01-18 18:08:01,2026-01-20 19:07:12,49.0,0,CEDI Bucaramanga,Bucaramanga,Envia,KMS50292609,13900,2026-01-20 15:08:01,Entregado,2026-01-20 19:07:12,True,0.0,2.041099537037037,True
PED002363,10,10,2026-04-29 15:25:58,2026-05-01 02:22:34,34.94,0,CEDI Pereira,Pereira,Envia,KMS76016676,11900,2026-05-01 17:25:58,Entregado,2026-05-01 02:22:34,True,1.0,1.4559722222222222,True
PED002364,10,10,2026-03-11 07:53:11,2026-03-13 22:42:01,62.81,0,CEDI Medellín,Medellín,Inter Rapidísimo,KMS32634415,15290,2026-03-12 22:53:11,Entregado,2026-03-13 22:42:01,True,0.0,2.6172453703703704,True
PED002365,10,10,2026-06-20 16:00:59,2026-06-22 06:29:59,38.480000000000004,0,CEDI Bucaramanga,Bucaramanga,Coordinadora,KMS75102847,9900,2026-06-22 20:00:59,Entregado,2026-06-22 06:29:59,True,1.0,1.6034722222222222,True
PED002366,10,10,2026-06-20 15:51:51,2026-06-22 21:26:58,53.589999999999996,0,CEDI Cali,Cali,Inter Rapidísimo,KMS81233168,15290,2026-06-22 15:51:51,Entregado,2026-06-22 21:26:58,True,0.0,2.2327199074074073,True
PED002367,10,10,2026-03-09 11:57:30,2026-03-11 05:22:07,41.41,0,CEDI Cali,Cali,Inter Rapidísimo,KMS80997239,11900,2026-03-11 11:57:30,Entregado,2026-03-11 05:22:07,True,1.0,1.7254282407407406,True
PED002368,10,10,2026-06-20 06:27:15,2026-06-21 15:28:07,33.019999999999996,0,CEDI Medellín,Medellín,TCC,KMS17714323,9900,2026-06-22 04:27:15,Entregado,2026-06-21 15:28:07,True,1.0,1.3756018518518518,True
PED002369,10,10,2026-05-09 05:20:32,2026-05-10 20:37:35,39.269999999999996,0,CEDI Barranquilla,Barranquilla,Envia,KMS27394526,18900,2026-05-11 15:20:32,Entregado,2026-05-10 20:37:35,True,1.0,1.6368402777777777,True
PED002370,10,10,2026-06-14 02:44:02,2026-06-15 14:57:50,36.230000000000004,0,CEDI Cali,Cali,Coordinadora,KMS82714466,15900,2026-06-16 02:44:02,Entregado,2026-06-15 14:57:50,True,1.0,1.5095833333333333,True
PED002371,10,10,2026-04-01 05:43:01,2026-04-04 04:59:08,71.25999999999999,0,CEDI Medellín,Medellín,Envia,KMS57377878,9790,2026-04-03 03:43:01,Entregado,2026-04-04 04:59:08,True,0.0,2.969525462962963,True
PED002372,10,10,2026-01-24 19:58:03,2026-01-26 03:06:14,31.14,0,CEDI Bucaramanga,Bucaramanga,Envia,KMS31644992,20790,2026-01-26 16:58:03,Entregado,2026-01-26 03:06:14,True,1.0,1.297349537037037,True
PED002373,10,10,2026-04-17 11:08:03,2026-04-18 22:33:20,35.43,1,CEDI Medellín,Medellín,Envia,KMS47723539,8900,2026-04-19 02:08:03,Entregado,2026-04-18 22:33:20,True,1.0,1.4758912037037037,True
PED002374,10,10,2026-06-04 20:54:20,2026-06-05 15:48:16,18.9,0,CEDI Cali,Cali,Inter Rapidísimo,KMS52147077,13090,2026-06-06 13:54:20,Entregado,2026-06-05 15:48:16,True,1.0,0.7874537037037037,True
PED002375,10,10,2026-04-04 05:14:30,2026-04-05 13:18:30,32.08,0,CEDI Cali,Cali,Servientrega,KMS10782738,15900,2026-04-06 05:14:30,Entregado,2026-04-05 13:18:30,True,1.0,1.336111111111111,True
PED002376,10,10,2026-05-23 07:22:24,2026-05-25 03:29:24,44.1,0,CEDI Pereira,Pereira,Coordinadora,KMS11757094,15900,2026-05-25 09:22:24,Entregado,2026-05-25 03:29:24,True,1.0,1.8381944444444445,True
PED002377,10,10,2026-04-25 00:15:35,2026-04-26 01:33:18,25.3,0,CEDI Bogotá,Bogotá D.C.,Servientrega,KMS94428597,18900,2026-04-26 16:15:35,Entregado,2026-04-26 01:33:18,True,1.0,1.0539699074074074,True
PED002378,10,10,2026-05-03 08:32:53,2026-05-04 14:00:25,29.47,0,CEDI Bogotá,Bogotá D.C.,Inter Rapidísimo,KMS76635320,13900,2026-05-05 00:32:53,Entregado,2026-05-04 14:00:25,True,1.0,1.2274537037037037,True
PED002379,10,10,2026-04-01 15:19:52,2026-04-04 15:50:45,72.52,0,CEDI Bucaramanga,Bucaramanga,Envia,KMS30701770,13900,2026-04-03 19:19:52,Entregado,2026-04-04 15:50:45,True,0.0,3.021446759259259,True
PED002380,10,10,2026-05-08 21:27:57,2026-05-09 11:20:34,13.870000000000001,0,CEDI Bogotá,Bogotá D.C.,Servientrega,KMS81986774,9900,2026-05-10 06:27:57,Entregado,2026-05-09 11:20:34,True,1.0,0.5782060185185185,True
PED002381,10,10,2026-06-12 22:47:49,2026-06-15 22:05:16,71.28,0,CEDI Bucaramanga,Bucaramanga,Coordinadora,KMS22662608,8900,2026-06-14 19:47:49,Entregado,2026-06-15 22:05:16,True,0.0,2.970451388888889,True
PED002382,10,10,2026-04-30 10:50:48,2026-05-01 22:26:40,35.59,0,CEDI Barranquilla,Barranquilla,Envia,KMS54790759,9900,2026-05-02 20:50:48,Entregado,2026-05-01 22:26:40,True,1.0,1.4832407407407406,True
PED002383,10,10,2026-05-17 16:32:35,2026-05-18 18:29:31,25.93,0,CEDI Cali,Cali,Servientrega,KMS19723226,18900,2026-05-19 09:32:35,Entregado,2026-05-18 18:29:31,True,1.0,1.0812037037037037,True
PED002384,10,10,2026-06-08 03:21:02,2026-06-10 02:36:26,47.25,0,CEDI Medellín,Medellín,Envia,KMS12149873,17490,2026-06-10 01:21:02,Entregado,2026-06-10 02:36:26,True,0.0,1.9690277777777778,True
PED002385,10,10,2026-04-25 13:36:12,2026-04-27 07:51:06,42.25,0,CEDI Barranquilla,Barranquilla,Coordinadora,KMS24805867,13900,2026-04-27 16:36:12,Entregado,2026-04-27 07:51:06,True,1.0,1.7603472222222223,True
PED002386,10,10,2026-04-01 09:55:19,2026-04-02 10:33:23,24.63,0,CEDI Bogotá,Bogotá D.C.,Servientrega,KMS42831206,18900,2026-04-03 01:55:19,Entregado,2026-04-02 10:33:23,True,1.0,1.0264351851851852,True
PED002387,10,10,2026-04-06 18:14:12,2026-04-08 06:40:21,36.44,0,CEDI Bucaramanga,Bucaramanga,Servientrega,KMS66765354,13900,2026-04-08 22:14:12,Entregado,2026-04-08 06:40:21,True,1.0,1.5181597222222223,True
PED002388,10,10,2026-02-01 01:09:22,2026-02-01 17:48:11,16.66,0,CEDI Bogotá,Bogotá D.C.,Servientrega,KMS12881301,17490,2026-02-02 10:09:22,Entregado,2026-02-01 17:48:11,True,1.0,0.6936226851851852,True
PED002389,10,10,2026-06-12 12:10:11,2026-06-13 11:16:17,23.1,0,CEDI Bogotá,Bogotá D.C.,Coordinadora,KMS14000589,13900,2026-06-13 21:10:11,Entregado,2026-06-13 11:16:17,True,1.0,0.9625694444444445,True
PED002390,10,10,2026-02-01 02:40:56,2026-02-02 17:36:06,38.910000000000004,0,CEDI Cali,Cali,Coordinadora,KMS57886835,13900,2026-02-03 02:40:56,Entregado,2026-02-02 17:36:06,True,1.0,1.6216435185185185,True
PED002391,10,10,2026-01-24 14:47:53,2026-01-25 07:16:29,16.48,0,CEDI Bogotá,Bogotá D.C.,TCC,KMS68300466,11900,2026-01-26 06:47:53,Entregado,2026-01-25 07:16:29,True,1.0,0.6865277777777777,True
PED002392,10,10,2026-01-14 10:45:57,2026-01-16 02:16:21,39.5,1,CEDI Cali,Cali,Inter Rapidísimo,KMS36409692,18900,2026-01-16 10:45:57,Entregado,2026-01-16 02:16:21,True,1.0,1.646111111111111,True
PED002393,10,10,2026-06-10 05:33:20,2026-06-11 23:51:42,42.300000000000004,0,CEDI Barranquilla,Barranquilla,Servientrega,KMS15652529,13900,2026-06-12 15:33:20,Entregado,2026-06-11 23:51:42,True,1.0,1.7627546296296297,True
PED002394,10,10,2026-01-20 12:05:39,2026-01-21 16:29:33,28.4,0,CEDI Bogotá,Bogotá D.C.,TCC,KMS59894293,17490,2026-01-22 04:05:39,Entregado,2026-01-21 16:29:33,True,1.0,1.183263888888889,True
PED002395,10,10,2026-03-30 10:39:06,2026-04-01 09:08:44,46.510000000000005,0,CEDI Cali,Cali,TCC,KMS26174877,13090,2026-04-01 10:39:06,Entregado,2026-04-01 09:08:44,True,1.0,1.9372453703703705,True
PED002396,10,10,2026-06-07 08:01:28,2026-06-09 16:44:20,56.72,0,CEDI Barranquilla,Barranquilla,Inter Rapidísimo,KMS75307332,15900,2026-06-09 18:01:28,Entregado,2026-06-09 16:44:20,True,1.0,2.363101851851852,True
PED002397,10,10,2026-03-29 19:16:50,2026-03-31 12:03:42,40.79,0,CEDI Cali,Cali,TCC,KMS59055814,8900,2026-03-31 19:16:50,Entregado,2026-03-31 12:03:42,True,1.0,1.6992129629629629,True
PED002398,10,10,2026-06-08 18:08:04,2026-06-10 00:39:33,30.53,0,CEDI Bogotá,Bogotá D.C.,Coordinadora,KMS58428651,15290,2026-06-10 03:08:04,Entregado,2026-06-10 00:39:33,True,1.0,1.2718634259259258,True
PED002399,10,10,2026-04-26 13:07:04,2026-04-28 00:22:28,35.25,0,CEDI Bucaramanga,Bucaramanga,Envia,KMS79905087,9790,2026-04-28 17:07:04,Entregado,2026-04-28 00:22:28,True,1.0,1.4690277777777778,True
PED002400,10,10,2026-04-09 09:19:08,2026-04-10 04:35:41,19.26,0,CEDI Medellín,Medellín,Coordinadora,KMS89881605,9900,2026-04-11 00:19:08,Entregado,2026-04-10 04:35:41,True,1.0,0.8031597222222222,True
PED002401,10,10,2026-06-21 15:09:14,2026-06-23 03:04:24,35.93,0,CEDI Cali,Cali,Coordinadora,KMS49016489,17490,2026-06-23 15:09:14,Entregado,2026-06-23 03:04:24,True,1.0,1.4966435185185185,True
PED002402,10,10,2026-02-24 15:36:23,2026-02-25 11:43:00,20.11,0,CEDI Bogotá,Bogotá D.C.,Servientrega,KMS75401474,8900,2026-02-26 00:36:23,Entregado,2026-02-25 11:43:00,True,1.0,0.8379282407407408,True
PED002403,10,10,2026-01-04 08:11:39,2026-01-05 15:50:16,31.65,0,CEDI Cali,Cali,Coordinadora,KMS16720844,11900,2026-01-06 08:11:39,Entregado,2026-01-05 15:50:16,True,1.0,1.3184837962962963,True
PED002404,10,10,2026-02-20 22:30:23,2026-02-23 17:47:05,67.28,0,CEDI Cali,Cali,TCC,KMS89224187,15900,2026-02-22 22:30:23,Entregado,2026-02-23 17:47:05,True,0.0,2.803263888888889,True
PED002405,10,10,2026-01-21 13:11:28,2026-01-23 09:13:06,44.03,0,CEDI Bogotá,Bogotá D.C.,Inter Rapidísimo,KMS66478875,18900,2026-01-22 22:11:28,Entregado,2026-01-23 09:13:06,True,0.0,1.8344675925925926,True
PED002406,10,10,2026-04-30 00:19:42,2026-04-30 17:31:59,17.229999999999997,0,CEDI Bogotá,Bogotá D.C.,TCC,KMS26929241,15290,2026-05-01 16:19:42,Entregado,2026-04-30 17:31:59,True,1.0,0.7168634259259259,True
PED002407,10,10,2026-02-03 06:09:20,2026-02-05 04:21:00,46.18,0,CEDI Barranquilla,Barranquilla,Coordinadora,KMS29839671,13900,2026-02-05 16:09:20,Entregado,2026-02-05 04:21:00,True,1.0,1.9247685185185186,True
PED002408,10,10,2026-05-13 14:14:16,2026-05-14 20:28:54,30.25,0,CEDI Bucaramanga,Bucaramanga,Coordinadora,KMS57829638,15900,2026-05-15 18:14:16,Entregado,2026-05-14 20:28:54,True,1.0,1.260162037037037,True
PED002409,10,10,2026-01-15 06:40:06,2026-01-17 07:50:09,49.16,0,CEDI Bogotá,Bogotá D.C.,Servientrega,KMS49343549,9790,2026-01-16 15:40:06,Entregado,2026-01-17 07:50:09,True,0.0,2.0486458333333335,True
PED002410,10,10,2026-02-14 17:03:55,2026-02-15 20:23:06,27.31,0,CEDI Bogotá,Bogotá D.C.,Coordinadora,KMS84086370,9900,2026-02-16 02:03:55,Entregado,2026-02-15 20:23:06,True,1.0,1.1383217592592592,True
PED002411,10,10,2026-01-26 13:05:51,2026-01-27 20:42:45,31.62,0,CEDI Medellín,Medellín,Coordinadora,KMS31759742,18900,2026-01-28 11:05:51,Entregado,2026-01-27 20:42:45,True,1.0,1.3172916666666667,True
PED002412,10,10,2026-03-28 21:39:37,2026-03-30 21:54:10,48.25,0,CEDI Barranquilla,Barranquilla,Servientrega,KMS93115738,11900,2026-03-31 07:39:37,Entregado,2026-03-30 21:54:10,True,1.0,2.010104166666667,True
PED002413,10,10,2026-06-22 02:54:17,2026-06-23 10:54:23,32.0,0,CEDI Bogotá,Bogotá D.C.,Coordinadora,KMS43913839,20790,2026-06-23 18:54:17,Entregado,2026-06-23 10:54:23,True,1.0,1.3334027777777777,True
PED002414,10,10,2026-06-22 09:44:01,2026-06-23 03:56:58,18.22,0,CEDI Bogotá,Bogotá D.C.,Servientrega,KMS83667956,15900,2026-06-24 01:44:01,Entregado,2026-06-23 03:56:58,True,1.0,0.7589930555555555,True
PED002415,10,10,2026-02-16 12:54:45,2026-02-18 01:07:23,36.2,0,CEDI Cali,Cali,TCC,KMS78063804,9790,2026-02-18 12:54:45,Entregado,2026-02-18 01:07:23,True,1.0,1.5087731481481481,True
PED002416,10,10,2026-04-03 04:35:51,2026-04-04 08:15:55,27.66,0,CEDI Bogotá,Bogotá D.C.,Envia,KMS73911688,17490,2026-04-04 20:35:51,Entregado,2026-04-04 08:15:55,True,1.0,1.152824074074074,True
PED002417,10,10,2026-01-16 15:32:56,2026-01-17 09:58:23,18.419999999999998,0,CEDI Bogotá,Bogotá D.C.,Inter Rapidísimo,KMS67376034,8900,2026-01-18 00:32:56,Entregado,2026-01-17 09:58:23,True,1.0,0.7676736111111111,True
PED002418,10,10,2026-06-27 07:59:43,2026-06-28 12:05:32,28.1,1,CEDI Medellín,Medellín,TCC,KMS40407043,9900,2026-06-28 22:59:43,Entregado,2026-06-28 12:05:32,True,1.0,1.1707060185185185,True
PED002419,10,10,2026-05-01 14:06:10,2026-05-02 13:50:27,23.74,1,CEDI Bogotá,Bogotá D.C.,Servientrega,KMS69250710,11900,2026-05-02 23:06:10,Entregado,2026-05-02 13:50:27,True,1.0,0.9890856481481481,True
PED002420,10,10,2026-01-25 23:37:39,2026-01-27 23:25:56,47.8,0,CEDI Bucaramanga,Bucaramanga,Servientrega,KMS79254669,8900,2026-01-28 03:37:39,Entregado,2026-01-27 23:25:56,True,1.0,1.991863425925926,True
PED002421,10,10,2026-06-06 08:41:28,2026-06-08 00:22:04,39.68,0,CEDI Cali,Cali,Coordinadora,KMS13463500,9900,2026-06-08 08:41:28,Entregado,2026-06-08 00:22:04,True,1.0,1.6531944444444444,True
PED002422,10,10,2026-04-30 22:42:40,2026-05-02 09:41:18,34.980000000000004,0,CEDI Pereira,Pereira,Coordinadora,KMS43455546,9900,2026-05-03 00:42:40,Entregado,2026-05-02 09:41:18,True,1.0,1.4573842592592592,True
PED002423,10,10,2026-03-14 06:12:17,2026-03-16 12:02:36,53.839999999999996,0,CEDI Cali,Cali,Envia,KMS83538125,18900,2026-03-15 23:12:17,Entregado,2026-03-16 12:02:36,True,0.0,2.2432754629629628,True
PED002424,10,10,2026-02-08 06:06:00,2026-02-09 10:36:11,28.5,0,CEDI Bogotá,Bogotá D.C.,Servientrega,KMS52420029,13900,2026-02-09 22:06:00,Entregado,2026-02-09 10:36:11,True,1.0,1.1876273148148149,True
PED002425,10,10,2026-03-26 03:52:03,2026-03-26 20:12:39,16.35,0,CEDI Bogotá,Bogotá D.C.,Inter Rapidísimo,KMS18473619,9790,2026-03-27 19:52:03,Entregado,2026-03-26 20:12:39,True,1.0,0.6809722222222222,True
PED002426,10,10,2026-05-13 05:14:10,2026-05-14 19:40:10,38.43,0,CEDI Medellín,Medellín,Coordinadora,KMS48799075,20790,2026-05-15 03:14:10,Entregado,2026-05-14 19:40:10,True,1.0,1.601388888888889,True
PED002427,10,10,2026-04-19 20:57:34,2026-04-21 01:58:47,29.03,0,CEDI Barranquilla,Barranquilla,Coordinadora,KMS66719088,10890,2026-04-21 23:57:34,Entregado,2026-04-21 01:58:47,True,1.0,1.2091782407407408,True
PED002428,10,10,2026-01-12 06:51:54,2026-01-14 03:13:01,44.35,0,CEDI Cali,Cali,Coordinadora,KMS21109671,15900,2026-01-14 06:51:54,Entregado,2026-01-14 03:13:01,True,1.0,1.8479976851851851,True
PED002429,10,10,2026-06-29 06:51:54,2026-06-30 15:05:08,32.22,0,CEDI Cali,Cali,Envia,KMS32391448,17490,2026-07-01 06:51:54,Entregado,2026-06-30 15:05:08,True,1.0,1.342523148148148,True
PED002430,10,10,2026-04-03 03:08:53,2026-04-04 22:25:07,43.29,0,CEDI Bucaramanga,Bucaramanga,Coordinadora,KMS22179647,9900,2026-04-05 07:08:53,Entregado,2026-04-04 22:25:07,True,1.0,1.8029398148148148,True
PED002431,10,10,2026-05-08 15:24:28,2026-05-09 18:04:27,26.66,0,CEDI Cali,Cali,Inter Rapidísimo,KMS40913345,11900,2026-05-10 15:24:28,Entregado,2026-05-09 18:04:27,True,1.0,1.1110995370370371,True
PED002432,10,10,2026-03-22 09:04:15,2026-03-23 10:11:35,25.12,0,CEDI Bogotá,Bogotá D.C.,Envia,KMS27229183,11900,2026-03-24 01:04:15,Entregado,2026-03-23 10:11:35,True,1.0,1.0467592592592592,True
PED002433,10,10,2026-04-21 22:17:25,2026-04-23 13:56:52,39.66,0,CEDI Barranquilla,Barranquilla,Servientrega,KMS55520701,20790,2026-04-24 08:17:25,Entregado,2026-04-23 13:56:52,True,1.0,1.6523958333333333,True
PED002434,10,10,2026-04-23 18:10:41,2026-04-26 09:20:37,63.15,0,CEDI Cali,Cali,Coordinadora,KMS79259255,17490,2026-04-25 18:10:41,Entregado,2026-04-26 09:20:37,True,0.0,2.631898148148148,True
PED002435,10,10,2026-04-06 23:35:52,2026-04-08 04:39:12,29.060000000000002,0,CEDI Medellín,Medellín,Coordinadora,KMS34991348,18900,2026-04-08 21:35:52,Entregado,2026-04-08 04:39:12,True,1.0,1.2106481481481481,True
PED002436,10,10,2026-02-21 12:47:37,2026-02-22 19:10:00,30.39,0,CEDI Bogotá,Bogotá D.C.,TCC,KMS45514607,9900,2026-02-23 04:47:37,Entregado,2026-02-22 19:10:00,True,1.0,1.2655439814814815,True
PED002437,10,10,2026-01-25 02:15:35,2026-01-27 12:43:33,58.47,0,CEDI Medellín,Medellín,Inter Rapidísimo,KMS73043913,9900,2026-01-27 00:15:35,Entregado,2026-01-27 12:43:33,True,0.0,2.436087962962963,True
PED002438,10,10,2026-04-25 07:48:21,2026-04-26 13:40:27,29.87,0,CEDI Bogotá,Bogotá D.C.,Envia,KMS62704144,13900,2026-04-26 16:48:21,Entregado,2026-04-26 13:40:27,True,1.0,1.244513888888889,True
PED002439,10,10,2026-05-19 12:04:52,2026-05-20 00:34:37,12.49,0,CEDI Bogotá,Bogotá D.C.,TCC,KMS60100011,11900,2026-05-20 21:04:52,Entregado,2026-05-20 00:34:37,True,1.0,0.5206597222222222,True
PED002440,10,10,2026-06-20 07:23:46,2026-06-21 20:46:35,37.38,0,CEDI Pereira,Pereira,Servientrega,KMS10833839,8900,2026-06-22 09:23:46,Entregado,2026-06-21 20:46:35,True,1.0,1.5575115740740741,True
PED002441,10,10,2026-03-23 00:29:51,2026-03-24 13:41:15,37.19,0,CEDI Pereira,Pereira,Coordinadora,KMS68319298,9900,2026-03-25 02:29:51,Entregado,2026-03-24 13:41:15,True,1.0,1.5495833333333333,True
PED002442,10,10,2026-03-06 09:30:32,2026-03-07 21:32:05,36.02,0,CEDI Barranquilla,Barranquilla,Coordinadora,KMS72134034,9900,2026-03-08 12:30:32,Entregado,2026-03-07 21:32:05,True,1.0,1.501076388888889,True
PED002443,10,10,2026-06-06 00:48:46,2026-06-08 16:47:13,64.0,0,CEDI Barranquilla,Barranquilla,Coordinadora,KMS95281457,8900,2026-06-08 03:48:46,Entregado,2026-06-08 16:47:13,True,0.0,2.6655902777777776,True
PED002444,10,10,2026-04-14 13:09:26,2026-04-15 02:50:55,13.68,0,CEDI Bogotá,Bogotá D.C.,Envia,KMS33208342,15900,2026-04-15 22:09:26,Entregado,2026-04-15 02:50:55,True,1.0,0.570474537037037,True
PED002445,10,10,2026-04-01 12:59:01,2026-04-03 14:58:13,50.0,0,CEDI Bucaramanga,Bucaramanga,Servientrega,KMS39548898,13900,2026-04-03 16:59:01,Entregado,2026-04-03 14:58:13,True,1.0,2.082777777777778,True
PED002446,10,10,2026-02-17 08:16:45,2026-02-18 23:45:43,39.49,1,CEDI Medellín,Medellín,Servientrega,KMS88838086,15290,2026-02-19 06:16:45,Entregado,2026-02-18 23:45:43,True,1.0,1.6451157407407409,True
PED002447,10,10,2026-03-11 05:36:43,2026-03-12 11:14:56,29.65,0,CEDI Cali,Cali,TCC,KMS32693651,9900,2026-03-12 22:36:43,Entregado,2026-03-12 11:14:56,True,1.0,1.2348726851851852,True
PED002448,10,10,2026-02-27 19:46:50,2026-03-01 08:33:25,36.79,0,CEDI Cali,Cali,Inter Rapidísimo,KMS20393923,18900,2026-03-01 19:46:50,Entregado,2026-03-01 08:33:25,True,1.0,1.532349537037037,True
PED002449,10,10,2026-03-24 08:38:38,2026-03-26 23:04:14,62.43,0,CEDI Medellín,Medellín,Inter Rapidísimo,KMS47576484,9790,2026-03-26 06:38:38,Entregado,2026-03-26 23:04:14,True,0.0,2.601111111111111,True
PED002450,10,10,2026-05-08 23:58:33,2026-05-11 04:53:59,52.92,0,CEDI Bogotá,Bogotá D.C.,Inter Rapidísimo,KMS88381486,11900,2026-05-10 15:58:33,Entregado,2026-05-11 04:53:59,True,0.0,2.205162037037037,True
PED002451,10,10,2026-03-18 22:49:29,2026-03-19 21:35:17,22.759999999999998,0,CEDI Bogotá,Bogotá D.C.,Envia,KMS95601769,13900,2026-03-20 07:49:29,Entregado,2026-03-19 21:35:17,True,1.0,0.9484722222222223,True
PED002452,10,10,2026-03-20 09:15:25,2026-03-21 00:07:49,14.870000000000001,0,CEDI Bogotá,Bogotá D.C.,Servientrega,KMS10152135,13900,2026-03-22 01:15:25,Entregado,2026-03-21 00:07:49,True,1.0,0.6197222222222222,True
PED002453,10,10,2026-02-04 18:22:08,2026-02-06 10:44:47,40.4,0,CEDI Pereira,Pereira,Inter Rapidísimo,KMS55077968,11900,2026-02-06 20:22:08,Entregado,2026-02-06 10:44:47,True,1.0,1.6823958333333333,True
PED002454,10,10,2026-02-10 02:57:19,2026-02-11 08:46:49,29.82,1,CEDI Medellín,Medellín,Inter Rapidísimo,KMS57911325,13900,2026-02-12 00:57:19,Entregado,2026-02-11 08:46:49,True,1.0,1.2427083333333333,True
PED002455,10,10,2026-04-23 05:19:26,2026-04-23 19:07:35,13.79,0,CEDI Bogotá,Bogotá D.C.,Inter Rapidísimo,KMS81336142,11900,2026-04-24 14:19:26,Entregado,2026-04-23 19:07:35,True,1.0,0.5751041666666666,True
PED002456,10,10,2026-06-06 07:56:06,2026-06-07 18:14:42,34.32,0,CEDI Pereira,Pereira,TCC,KMS89581994,8900,2026-06-08 02:56:06,Entregado,2026-06-07 18:14:42,True,1.0,1.4295833333333334,True
PED002457,10,10,2026-01-31 11:16:05,2026-02-03 02:01:44,62.76,1,CEDI Cali,Cali,TCC,KMS70137717,9900,2026-02-02 04:16:05,Entregado,2026-02-03 02:01:44,True,0.0,2.615034722222222,True
PED002458,10,10,2026-05-24 23:39:57,2026-05-26 14:12:43,38.55,0,CEDI Medellín,Medellín,Envia,KMS24910138,9900,2026-05-26 21:39:57,Entregado,2026-05-26 14:12:43,True,1.0,1.606087962962963,True
PED002459,10,10,2026-05-17 08:09:23,2026-05-18 18:12:42,34.06,0,CEDI Bogotá,Bogotá D.C.,TCC,KMS82101710,8900,2026-05-19 00:09:23,Entregado,2026-05-18 18:12:42,True,1.0,1.4189699074074074,True
PED002460,10,10,2026-06-19 11:42:48,2026-06-22 11:58:14,72.24000000000001,0,CEDI Cali,Cali,Inter Rapidísimo,KMS99256316,9900,2026-06-21 11:42:48,Entregado,2026-06-22 11:58:14,True,0.0,3.0107175925925924,True
PED002461,10,10,2026-05-12 01:05:06,2026-05-13 05:09:19,28.07,1,CEDI Bogotá,Bogotá D.C.,TCC,KMS12206910,13900,2026-05-13 10:05:06,Entregado,2026-05-13 05:09:19,True,1.0,1.1695949074074075,True
PED002462,10,10,2026-04-12 05:51:17,2026-04-13 11:43:48,29.88,0,CEDI Pereira,Pereira,Inter Rapidísimo,KMS78766788,9900,2026-04-14 07:51:17,Entregado,2026-04-13 11:43:48,True,1.0,1.2448032407407408,True
PED002463,10,10,2026-03-31 06:12:51,2026-04-02 15:04:11,56.85,0,CEDI Barranquilla,Barranquilla,Coordinadora,KMS37963797,11900,2026-04-02 09:12:51,Entregado,2026-04-02 15:04:11,True,0.0,2.3689814814814816,True
PED002464,10,10,2026-03-28 04:13:28,2026-03-29 03:37:47,23.39,1,CEDI Cali,Cali,TCC,KMS22606001,8900,2026-03-29 21:13:28,Entregado,2026-03-29 03:37:47,True,1.0,0.9752199074074074,True
PED002465,10,10,2026-02-22 21:32:47,2026-02-24 11:30:11,37.959999999999994,0,CEDI Cali,Cali,Envia,KMS76206411,11900,2026-02-24 14:32:47,Entregado,2026-02-24 11:30:11,True,1.0,1.5815277777777779,True
PED002466,10,10,2026-03-20 04:55:56,2026-03-21 14:42:21,33.79,0,CEDI Cali,Cali,Envia,KMS57179734,9900,2026-03-22 04:55:56,Entregado,2026-03-21 14:42:21,True,1.0,1.4072337962962962,True
PED002467,10,10,2026-02-19 07:05:56,2026-02-20 05:00:26,21.91,0,CEDI Bucaramanga,Bucaramanga,Servientrega,KMS13530828,20790,2026-02-21 04:05:56,Entregado,2026-02-20 05:00:26,True,1.0,0.9128472222222223,True
PED002468,9,9,2026-06-21 17:44:32,2026-06-23 12:34:49,40.84,0,CEDI Bucaramanga,Bucaramanga,Envia,KMS92828825,9900,2026-06-23 21:44:32,Entregado,2026-06-23 12:34:49,True,1.0,1.7849189814814814,False
PED002469,10,10,2026-06-17 20:10:55,2026-06-19 09:22:19,37.19,0,CEDI Cali,Cali,Servientrega,KMS16440187,13900,2026-06-19 13:10:55,Entregado,2026-06-19 09:22:19,True,1.0,1.5495833333333333,True
PED002470,10,10,2026-04-18 19:40:04,2026-04-21 09:23:27,61.72,1,CEDI Cali,Cali,Envia,KMS35629873,11900,2026-04-20 19:40:04,Entregado,2026-04-21 09:23:27,True,0.0,2.5717939814814814,True
PED002471,10,10,2026-02-04 23:07:20,2026-02-07 02:40:47,51.57,0,CEDI Medellín,Medellín,Servientrega,KMS17148968,8900,2026-02-06 21:07:20,Entregado,2026-02-07 02:40:47,True,0.0,2.148229166666667,True
PED002472,10,10,2026-01-10 00:22:12,2026-01-10 17:49:41,17.46,0,CEDI Bogotá,Bogotá D.C.,Servientrega,KMS50880948,9900,2026-01-11 16:22:12,Entregado,2026-01-10 17:49:41,True,1.0,0.7274189814814814,True
PED002473,10,10,2026-01-08 11:13:20,2026-01-09 21:53:40,34.68,0,CEDI Bogotá,Bogotá D.C.,Inter Rapidísimo,KMS96462918,18900,2026-01-10 03:13:20,Entregado,2026-01-09 21:53:40,True,1.0,1.4446759259259259,True
PED002474,10,10,2026-02-17 07:12:06,2026-02-18 22:16:30,39.08,0,CEDI Bucaramanga,Bucaramanga,Inter Rapidísimo,KMS30554276,9900,2026-02-19 11:12:06,Entregado,2026-02-18 22:16:30,True,1.0,1.6280555555555556,True
PED002475,10,10,2026-06-28 17:52:15,2026-06-30 19:44:17,49.87,0,CEDI Pereira,Pereira,Inter Rapidísimo,KMS21823366,13900,2026-06-30 19:52:15,Entregado,2026-06-30 19:44:17,True,1.0,2.077800925925926,True
PED002476,10,10,2026-05-13 18:41:25,2026-05-15 01:08:04,30.439999999999998,0,CEDI Pereira,Pereira,Envia,KMS72025159,15900,2026-05-15 20:41:25,Entregado,2026-05-15 01:08:04,True,1.0,1.2685069444444443,True
PED002477,10,10,2026-06-17 23:56:52,2026-06-19 20:58:54,45.03,0,CEDI Cali,Cali,TCC,KMS88890062,9900,2026-06-19 23:56:52,Entregado,2026-06-19 20:58:54,True,1.0,1.876412037037037,True
PED002478,10,10,2026-04-26 17:54:40,2026-04-28 01:56:08,32.019999999999996,0,CEDI Bogotá,Bogotá D.C.,Servientrega,KMS51890687,9900,2026-04-28 09:54:40,Entregado,2026-04-28 01:56:08,True,1.0,1.3343518518518518,True
PED002479,10,10,2026-04-01 05:19:04,2026-04-02 23:12:15,41.88,0,CEDI Bucaramanga,Bucaramanga,Inter Rapidísimo,KMS37421983,9900,2026-04-03 02:19:04,Entregado,2026-04-02 23:12:15,True,1.0,1.7452662037037037,True
PED002480,10,10,2026-05-17 23:35:33,2026-05-19 07:04:11,31.47,0,CEDI Cali,Cali,Inter Rapidísimo,KMS34825657,8900,2026-05-19 23:35:33,Entregado,2026-05-19 07:04:11,True,1.0,1.311550925925926,True
PED002481,10,10,2026-05-23 11:34:18,2026-05-25 20:02:31,56.46,0,CEDI Barranquilla,Barranquilla,Envia,KMS63619057,10890,2026-05-25 14:34:18,Entregado,2026-05-25 20:02:31,True,0.0,2.3529282407407406,True
PED002482,10,10,2026-05-29 22:57:30,2026-05-31 07:12:25,32.25,0,CEDI Pereira,Pereira,TCC,KMS19224913,10890,2026-06-01 00:57:30,Entregado,2026-05-31 07:12:25,True,1.0,1.3436921296296296,True
PED002483,10,10,2026-05-07 20:37:56,2026-05-08 21:50:06,25.2,0,CEDI Bogotá,Bogotá D.C.,Servientrega,KMS31030613,11900,2026-05-09 12:37:56,Entregado,2026-05-08 21:50:06,True,1.0,1.0501157407407407,True
PED002484,10,10,2026-05-13 21:44:38,2026-05-15 07:19:41,33.58,0,CEDI Medellín,Medellín,Envia,KMS33035794,9900,2026-05-15 19:44:38,Entregado,2026-05-15 07:19:41,True,1.0,1.3993402777777777,True
PED002485,10,10,2026-05-14 11:36:19,2026-05-15 09:28:09,21.86,0,CEDI Bogotá,Bogotá D.C.,Servientrega,KMS82002507,8900,2026-05-15 20:36:19,Entregado,2026-05-15 09:28:09,True,1.0,0.9109953703703704,True
PED002486,10,10,2026-02-08 16:30:34,2026-02-09 18:10:52,25.67,0,CEDI Bogotá,Bogotá D.C.,Coordinadora,KMS28917365,18900,2026-02-10 08:30:34,Entregado,2026-02-09 18:10:52,True,1.0,1.0696527777777778,True
PED002487,10,10,2026-05-11 19:03:37,2026-05-13 01:58:18,30.91,0,CEDI Medellín,Medellín,Servientrega,KMS65463315,9900,2026-05-13 10:03:37,Entregado,2026-05-13 01:58:18,True,1.0,1.287974537037037,True
PED002488,10,10,2026-04-10 14:23:21,2026-04-11 18:40:21,28.27,0,CEDI Bogotá,Bogotá D.C.,Servientrega,KMS68083718,18900,2026-04-12 06:23:21,Entregado,2026-04-11 18:40:21,True,1.0,1.1784722222222221,True
PED002489,10,10,2026-02-08 01:16:39,2026-02-09 08:44:35,31.46,0,CEDI Bogotá,Bogotá D.C.,TCC,KMS56973770,15290,2026-02-09 17:16:39,Entregado,2026-02-09 08:44:35,True,1.0,1.3110648148148147,True
PED002490,10,10,2026-01-18 21:15:41,2026-01-20 08:31:06,35.26,0,CEDI Cali,Cali,Inter Rapidísimo,KMS71381575,10890,2026-01-20 21:15:41,Entregado,2026-01-20 08:31:06,True,1.0,1.4690393518518519,True
PED002491,10,10,2026-05-31 13:52:13,2026-06-02 02:33:47,36.68,0,CEDI Cali,Cali,Servientrega,KMS50172432,15290,2026-06-02 13:52:13,Entregado,2026-06-02 02:33:47,True,1.0,1.5288657407407407,True
PED002492,10,10,2026-02-19 07:20:29,2026-02-21 07:01:43,47.699999999999996,0,CEDI Bogotá,Bogotá D.C.,Inter Rapidísimo,KMS64949429,15900,2026-02-20 23:20:29,Entregado,2026-02-21 07:01:43,True,0.0,1.9869675925925927,True
PED002493,10,10,2026-03-10 06:41:20,2026-03-12 13:46:33,55.07,0,CEDI Pereira,Pereira,Envia,KMS38231824,13900,2026-03-12 08:41:20,Entregado,2026-03-12 13:46:33,True,0.0,2.295289351851852,True
PED002494,10,10,2026-05-11 22:49:06,2026-05-13 13:11:23,38.37,0,CEDI Pereira,Pereira,Servientrega,KMS62021341,9900,2026-05-14 00:49:06,Entregado,2026-05-13 13:11:23,True,1.0,1.5988078703703703,True
PED002495,10,10,2026-05-11 13:52:11,2026-05-13 02:54:57,37.05,0,CEDI Bogotá,Bogotá D.C.,Envia,KMS44083459,15900,2026-05-13 05:52:11,Entregado,2026-05-13 02:54:57,True,1.0,1.543587962962963,True
PED002496,10,10,2026-01-09 23:04:48,2026-01-11 14:36:50,39.53,0,CEDI Barranquilla,Barranquilla,Inter Rapidísimo,KMS80787104,11900,2026-01-12 02:04:48,Entregado,2026-01-11 14:36:50,True,1.0,1.6472453703703704,True
PED002497,10,10,2026-03-31 12:25:35,2026-04-01 10:57:23,22.54,0,CEDI Bogotá,Bogotá D.C.,Servientrega,KMS46264539,13090,2026-04-02 04:25:35,Entregado,2026-04-01 10:57:23,True,1.0,0.93875,True
PED002498,10,10,2026-06-10 09:59:47,2026-06-12 01:31:40,39.55,0,CEDI Barranquilla,Barranquilla,Envia,KMS47382602,15900,2026-06-12 12:59:47,Entregado,2026-06-12 01:31:40,True,1.0,1.6471412037037036,True
PED002499,10,10,2026-05-12 00:21:52,2026-05-13 20:03:06,43.68,0,CEDI Pereira,Pereira,Inter Rapidísimo,KMS41035361,13090,2026-05-14 02:21:52,Entregado,2026-05-13 20:03:06,True,1.0,1.820300925925926,True
PED002500,10,10,2026-04-21 03:25:18,2026-04-22 12:28:19,33.06,0,CEDI Cali,Cali,Coordinadora,KMS76835893,13900,2026-04-23 03:25:18,Entregado,2026-04-22 12:28:19,True,1.0,1.3770949074074075,True
PED002501,10,10,2026-02-07 02:51:15,2026-02-09 03:44:43,48.89,1,CEDI Barranquilla,Barranquilla,Coordinadora,KMS52448859,13090,2026-02-09 12:51:15,Entregado,2026-02-09 03:44:43,True,1.0,2.0371296296296295,True
PED002502,10,10,2026-06-19 12:12:02,2026-06-21 21:00:48,56.82,0,CEDI Medellín,Medellín,Envia,KMS25575986,18900,2026-06-21 10:12:02,Entregado,2026-06-21 21:00:48,True,0.0,2.3671990740740743,True
PED002503,10,10,2026-03-10 22:40:48,2026-03-12 08:03:30,33.39,0,CEDI Bogotá,Bogotá D.C.,Inter Rapidísimo,KMS73658649,15290,2026-03-12 14:40:48,Entregado,2026-03-12 08:03:30,True,1.0,1.390763888888889,True
PED002504,10,10,2026-03-09 23:47:10,2026-03-10 23:02:48,23.25,0,CEDI Bogotá,Bogotá D.C.,TCC,KMS71250810,10890,2026-03-11 15:47:10,Entregado,2026-03-10 23:02:48,True,1.0,0.9691898148148148,True
PED002505,10,10,2026-02-18 23:23:15,2026-02-19 23:48:17,24.41,0,CEDI Bogotá,Bogotá D.C.,TCC,KMS58759813,18900,2026-02-20 08:23:15,Entregado,2026-02-19 23:48:17,True,1.0,1.0173842592592592,True
PED002506,10,10,2026-04-15 11:49:02,2026-04-17 04:13:09,40.4,0,CEDI Bogotá,Bogotá D.C.,Envia,KMS51977135,9900,2026-04-17 03:49:02,Entregado,2026-04-17 04:13:09,True,0.0,1.6834143518518518,True
PED002507,10,10,2026-01-05 18:56:39,2026-01-07 16:10:34,45.23,0,CEDI Cali,Cali,Inter Rapidísimo,KMS29050692,18900,2026-01-07 18:56:39,Entregado,2026-01-07 16:10:34,True,1.0,1.8846643518518518,True
PED002508,10,10,2026-05-21 03:32:42,2026-05-22 08:44:44,29.2,0,CEDI Cali,Cali,TCC,KMS89687052,9900,2026-05-22 20:32:42,Entregado,2026-05-22 08:44:44,True,1.0,1.2166898148148149,True
PED002509,10,10,2026-05-25 22:39:00,2026-05-27 13:34:20,38.92,0,CEDI Bogotá,Bogotá D.C.,TCC,KMS32448670,13900,2026-05-27 14:39:00,Entregado,2026-05-27 13:34:20,True,1.0,1.6217592592592593,True
PED002510,10,10,2026-04-04 23:21:43,2026-04-06 09:08:27,33.79,1,CEDI Bucaramanga,Bucaramanga,Coordinadora,KMS75901603,18900,2026-04-06 20:21:43,Entregado,2026-04-06 09:08:27,True,1.0,1.4074537037037036,True
PED002511,10,10,2026-01-09 20:52:00,2026-01-10 21:07:05,24.25,0,CEDI Medellín,Medellín,Envia,KMS77922572,13090,2026-01-11 11:52:00,Entregado,2026-01-10 21:07:05,True,1.0,1.010474537037037,True
PED002512,10,10,2026-01-31 09:50:49,2026-02-01 12:46:21,26.91,0,CEDI Bogotá,Bogotá D.C.,Inter Rapidísimo,KMS62786127,18900,2026-02-02 01:50:49,Entregado,2026-02-01 12:46:21,True,1.0,1.1218981481481483,True
PED002513,10,10,2026-05-06 15:29:48,2026-05-08 22:01:15,54.53,0,CEDI Cali,Cali,Coordinadora,KMS57837163,15900,2026-05-08 08:29:48,Entregado,2026-05-08 22:01:15,True,0.0,2.2718402777777778,True
PED002514,10,10,2026-03-13 20:35:10,2026-03-15 07:26:36,34.86,1,CEDI Bucaramanga,Bucaramanga,Envia,KMS52822507,20790,2026-03-15 17:35:10,Entregado,2026-03-15 07:26:36,True,1.0,1.4523842592592593,True
PED002515,10,10,2026-03-04 10:33:52,2026-03-06 00:06:09,37.53,1,CEDI Bogotá,Bogotá D.C.,TCC,KMS54037626,18900,2026-03-06 02:33:52,Entregado,2026-03-06 00:06:09,True,1.0,1.5640856481481482,True
PED002516,10,10,2026-03-20 05:47:49,2026-03-21 19:13:55,37.410000000000004,0,CEDI Cali,Cali,Inter Rapidísimo,KMS21247241,11900,2026-03-22 05:47:49,Entregado,2026-03-21 19:13:55,True,1.0,1.5597916666666667,True
PED002517,10,10,2026-06-21 07:33:14,2026-06-22 17:08:11,33.59,0,CEDI Bucaramanga,Bucaramanga,Servientrega,KMS13759240,15290,2026-06-23 11:33:14,Entregado,2026-06-22 17:08:11,True,1.0,1.3992708333333332,True
PED002518,10,10,2026-05-31 19:35:10,2026-06-02 08:28:29,36.89,0,CEDI Bogotá,Bogotá D.C.,Envia,KMS48349468,11900,2026-06-02 11:35:10,Entregado,2026-06-02 08:28:29,True,1.0,1.537025462962963,True
PED002519,10,10,2026-03-20 04:42:59,2026-03-21 11:31:43,30.82,0,CEDI Bogotá,Bogotá D.C.,Servientrega,KMS50227612,8900,2026-03-21 20:42:59,Entregado,2026-03-21 11:31:43,True,1.0,1.2838425925925927,True
PED002520,10,10,2026-04-24 12:59:33,2026-04-26 12:21:04,47.36,0,CEDI Bogotá,Bogotá D.C.,Servientrega,KMS87987003,15900,2026-04-26 04:59:33,Entregado,2026-04-26 12:21:04,True,0.0,1.973275462962963,True
PED002521,10,10,2026-06-21 04:04:03,2026-06-22 12:10:07,32.1,0,CEDI Bogotá,Bogotá D.C.,Envia,KMS86634897,11900,2026-06-22 20:04:03,Entregado,2026-06-22 12:10:07,True,1.0,1.3375462962962963,True
PED002522,9,9,2026-01-24 18:03:02,2026-01-26 00:52:37,28.380000000000003,0,CEDI Bogotá,Bogotá D.C.,Coordinadora,KMS17764378,9900,2026-01-26 10:03:02,Entregado,2026-01-26 00:52:37,True,1.0,1.2844328703703705,False
PED002523,10,10,2026-01-23 04:07:05,2026-01-24 01:42:55,21.61,0,CEDI Bogotá,Bogotá D.C.,TCC,KMS93870531,11900,2026-01-24 20:07:05,Entregado,2026-01-24 01:42:55,True,1.0,0.8998842592592593,True
PED002524,10,10,2026-01-19 02:35:37,2026-01-20 18:09:16,39.56,0,CEDI Medellín,Medellín,Inter Rapidísimo,KMS95429122,9900,2026-01-21 00:35:37,Entregado,2026-01-20 18:09:16,True,1.0,1.6483680555555555,True
PED002525,10,10,2026-04-18 00:51:02,2026-04-20 16:01:30,63.17,0,CEDI Bucaramanga,Bucaramanga,Servientrega,KMS11760667,11900,2026-04-19 21:51:02,Entregado,2026-04-20 16:01:30,True,0.0,2.6322685185185186,True
PED002526,10,10,2026-05-08 09:24:40,2026-05-09 09:20:03,23.93,0,CEDI Pereira,Pereira,Envia,KMS54493466,18900,2026-05-10 04:24:40,Entregado,2026-05-09 09:20:03,True,1.0,0.9967939814814815,True
PED002527,10,10,2026-03-02 03:11:22,2026-03-03 16:32:37,37.36,0,CEDI Bogotá,Bogotá D.C.,Inter Rapidísimo,KMS80827663,18900,2026-03-03 12:11:22,Entregado,2026-03-03 16:32:37,True,0.0,1.5564236111111112,True
PED002528,10,10,2026-02-23 01:02:33,2026-02-24 09:03:33,32.019999999999996,0,CEDI Bogotá,Bogotá D.C.,Coordinadora,KMS36266952,9790,2026-02-24 17:02:33,Entregado,2026-02-24 09:03:33,True,1.0,1.3340277777777778,True
PED002529,10,10,2026-01-15 21:45:41,2026-01-17 21:35:39,47.83,0,CEDI Barranquilla,Barranquilla,Inter Rapidísimo,KMS71082300,10890,2026-01-18 07:45:41,Entregado,2026-01-17 21:35:39,True,1.0,1.9930324074074075,True
PED002530,10,10,2026-05-27 06:38:58,2026-05-28 15:12:17,32.55,0,CEDI Bogotá,Bogotá D.C.,TCC,KMS19172644,8900,2026-05-28 22:38:58,Entregado,2026-05-28 15:12:17,True,1.0,1.3564699074074074,True
PED002531,10,10,2026-05-19 02:25:42,2026-05-21 05:50:38,51.43,0,CEDI Barranquilla,Barranquilla,Envia,KMS25640906,20790,2026-05-21 05:25:42,Entregado,2026-05-21 05:50:38,True,0.0,2.142314814814815,True
PED002532,10,10,2026-06-17 23:14:33,2026-06-19 08:59:31,33.75,0,CEDI Cali,Cali,Coordinadora,KMS57775564,13900,2026-06-19 23:14:33,Entregado,2026-06-19 08:59:31,True,1.0,1.406226851851852,True
PED002533,10,10,2026-05-20 02:07:49,2026-05-22 09:51:04,55.71,0,CEDI Medellín,Medellín,TCC,KMS34182055,15900,2026-05-22 00:07:49,Entregado,2026-05-22 09:51:04,True,0.0,2.321701388888889,True
PED002534,10,10,2026-02-10 13:55:06,2026-02-11 10:04:49,20.18,0,CEDI Bogotá,Bogotá D.C.,Envia,KMS98729842,11900,2026-02-12 05:55:06,Entregado,2026-02-11 10:04:49,True,1.0,0.8400810185185185,True
PED002535,10,10,2026-01-23 01:41:46,2026-01-24 19:52:13,42.17,0,CEDI Pereira,Pereira,Envia,KMS88268589,13900,2026-01-25 03:41:46,Entregado,2026-01-24 19:52:13,True,1.0,1.7572569444444444,True
PED002536,10,10,2026-04-22 08:15:55,2026-04-24 11:49:11,51.55,0,CEDI Barranquilla,Barranquilla,TCC,KMS95371306,18900,2026-04-24 18:15:55,Entregado,2026-04-24 11:49:11,True,1.0,2.1481018518518518,True
PED002537,10,10,2026-05-26 13:50:01,2026-05-28 11:33:52,45.730000000000004,0,CEDI Barranquilla,Barranquilla,Servientrega,KMS97440625,13900,2026-05-28 16:50:01,Entregado,2026-05-28 11:33:52,True,1.0,1.9054513888888889,True
PED002538,10,10,2026-01-29 04:14:49,2026-01-30 16:36:42,36.36,0,CEDI Cali,Cali,Coordinadora,KMS73505104,8900,2026-01-31 04:14:49,Entregado,2026-01-30 16:36:42,True,1.0,1.5151967592592592,True
PED002539,10,10,2026-04-26 01:28:30,2026-04-26 21:13:43,19.75,0,CEDI Bogotá,Bogotá D.C.,Servientrega,KMS63096779,13090,2026-04-27 17:28:30,Entregado,2026-04-26 21:13:43,True,1.0,0.8230671296296296,True
PED002540,10,10,2026-06-08 05:57:21,2026-06-09 20:39:08,38.7,0,CEDI Bogotá,Bogotá D.C.,Inter Rapidísimo,KMS21172316,15900,2026-06-09 21:57:21,Entregado,2026-06-09 20:39:08,True,1.0,1.612349537037037,True
PED002541,10,10,2026-04-21 05:46:31,2026-04-22 09:26:32,27.67,0,CEDI Cali,Cali,Envia,KMS58938679,15900,2026-04-22 22:46:31,Entregado,2026-04-22 09:26:32,True,1.0,1.152789351851852,True
PED002542,10,10,2026-03-09 15:23:49,2026-03-11 15:43:50,48.34,0,CEDI Barranquilla,Barranquilla,Coordinadora,KMS24443530,9900,2026-03-12 01:23:49,Entregado,2026-03-11 15:43:50,True,1.0,2.013900462962963,True
PED002543,10,10,2026-04-11 06:18:41,2026-04-12 04:47:07,22.48,0,CEDI Medellín,Medellín,Coordinadora,KMS44825530,18900,2026-04-12 21:18:41,Entregado,2026-04-12 04:47:07,True,1.0,0.936412037037037,True
PED002544,10,10,2026-02-13 03:53:01,2026-02-15 07:21:28,51.47,0,CEDI Bogotá,Bogotá D.C.,Inter Rapidísimo,KMS87761430,13900,2026-02-14 19:53:01,Entregado,2026-02-15 07:21:28,True,0.0,2.1447569444444445,True
PED002545,10,10,2026-05-29 19:01:28,2026-05-30 20:16:19,25.23,0,CEDI Bogotá,Bogotá D.C.,Servientrega,KMS39626559,17490,2026-05-31 11:01:28,Entregado,2026-05-30 20:16:19,True,1.0,1.0519791666666667,True
PED002546,10,10,2026-04-21 14:39:12,2026-04-23 21:01:29,54.36,0,CEDI Barranquilla,Barranquilla,TCC,KMS48350606,20790,2026-04-24 00:39:12,Entregado,2026-04-23 21:01:29,True,1.0,2.265474537037037,True
PED002547,10,10,2026-01-16 01:15:11,2026-01-17 20:27:47,43.19,0,CEDI Bucaramanga,Bucaramanga,Coordinadora,KMS46187446,8900,2026-01-17 22:15:11,Entregado,2026-01-17 20:27:47,True,1.0,1.8004166666666668,True
PED002548,10,10,2026-01-03 23:34:43,2026-01-05 08:39:59,33.1,0,CEDI Cali,Cali,Envia,KMS11218394,18900,2026-01-05 16:34:43,Entregado,2026-01-05 08:39:59,True,1.0,1.3786574074074074,True
PED002549,10,10,2026-04-27 07:43:32,2026-04-29 03:17:13,43.57,0,CEDI Bogotá,Bogotá D.C.,TCC,KMS34005646,13900,2026-04-28 23:43:32,Entregado,2026-04-29 03:17:13,True,0.0,1.8150578703703704,True
PED002550,10,10,2026-06-16 15:14:30,2026-06-18 02:03:04,34.81,0,CEDI Medellín,Medellín,Servientrega,KMS99734649,10890,2026-06-18 06:14:30,Entregado,2026-06-18 02:03:04,True,1.0,1.4503935185185186,True
PED002551,10,10,2026-04-27 10:19:58,2026-04-28 04:30:26,18.18,0,CEDI Bogotá,Bogotá D.C.,TCC,KMS32053192,9900,2026-04-29 02:19:58,Entregado,2026-04-28 04:30:26,True,1.0,0.7572685185185185,True
PED002552,10,10,2026-06-22 03:35:48,2026-06-23 11:50:38,32.24,0,CEDI Medellín,Medellín,Servientrega,KMS19612373,9900,2026-06-24 01:35:48,Entregado,2026-06-23 11:50:38,True,1.0,1.3436342592592592,True
PED002553,10,10,2026-05-26 20:30:45,2026-05-29 04:18:57,55.79,0,CEDI Medellín,Medellín,Envia,KMS74936155,11900,2026-05-28 18:30:45,Entregado,2026-05-29 04:18:57,True,0.0,2.325138888888889,True
PED002554,10,10,2026-06-15 19:53:35,2026-06-16 09:16:00,13.38,0,CEDI Bogotá,Bogotá D.C.,Inter Rapidísimo,KMS52175890,13900,2026-06-17 04:53:35,Entregado,2026-06-16 09:16:00,True,1.0,0.5572337962962963,True
PED002555,10,10,2026-05-23 16:13:48,2026-05-24 19:44:38,27.52,1,CEDI Cali,Cali,TCC,KMS92156165,15900,2026-05-25 16:13:48,Entregado,2026-05-24 19:44:38,True,1.0,1.146412037037037,True
PED002556,10,10,2026-03-24 00:21:12,2026-03-25 02:49:49,26.490000000000002,0,CEDI Bogotá,Bogotá D.C.,Envia,KMS84383254,11900,2026-03-25 16:21:12,Entregado,2026-03-25 02:49:49,True,1.0,1.1032060185185186,True
PED002557,10,10,2026-02-06 21:12:02,2026-02-07 18:00:26,20.8,0,CEDI Medellín,Medellín,Inter Rapidísimo,KMS66850644,15900,2026-02-08 12:12:02,Entregado,2026-02-07 18:00:26,True,1.0,0.8669444444444444,True
PED002558,10,10,2026-03-27 16:58:05,2026-03-29 03:27:56,34.5,0,CEDI Cali,Cali,Coordinadora,KMS98602845,15900,2026-03-29 16:58:05,Entregado,2026-03-29 03:27:56,True,1.0,1.4373958333333334,True
PED002559,10,10,2026-03-16 11:27:16,2026-03-18 00:28:19,37.04,0,CEDI Barranquilla,Barranquilla,Servientrega,KMS69867902,13090,2026-03-18 14:27:16,Entregado,2026-03-18 00:28:19,True,1.0,1.5423958333333334,True
PED002560,10,10,2026-06-22 05:45:19,2026-06-23 01:54:00,20.150000000000002,0,CEDI Bogotá,Bogotá D.C.,TCC,KMS35853123,18900,2026-06-23 14:45:19,Entregado,2026-06-23 01:54:00,True,1.0,0.8393634259259259,True
PED002561,10,10,2026-03-14 13:19:59,2026-03-16 02:02:37,36.71,0,CEDI Pereira,Pereira,TCC,KMS25984953,18900,2026-03-16 15:19:59,Entregado,2026-03-16 02:02:37,True,1.0,1.5296064814814814,True
PED002562,10,10,2026-04-04 06:18:54,2026-04-05 19:19:19,37.01,0,CEDI Bucaramanga,Bucaramanga,Envia,KMS88910523,15900,2026-04-06 03:18:54,Entregado,2026-04-05 19:19:19,True,1.0,1.5419560185185186,True
PED002563,10,10,2026-05-23 22:38:18,2026-05-25 07:37:31,32.980000000000004,0,CEDI Bucaramanga,Bucaramanga,Servientrega,KMS83257029,15900,2026-05-25 19:38:18,Entregado,2026-05-25 07:37:31,True,1.0,1.3744560185185186,True
PED002564,10,10,2026-05-13 21:35:13,2026-05-15 01:44:30,28.16,0,CEDI Medellín,Medellín,Inter Rapidísimo,KMS73336109,18900,2026-05-15 19:35:13,Entregado,2026-05-15 01:44:30,True,1.0,1.173113425925926,True
PED002565,10,10,2026-03-03 10:29:31,2026-03-05 07:22:19,44.87,0,CEDI Bogotá,Bogotá D.C.,Coordinadora,KMS89860425,20790,2026-03-05 02:29:31,Entregado,2026-03-05 07:22:19,True,0.0,1.87,True
PED002566,10,10,2026-05-24 00:53:19,2026-05-24 20:34:13,19.68,0,CEDI Medellín,Medellín,Envia,KMS51068349,13900,2026-05-25 15:53:19,Entregado,2026-05-24 20:34:13,True,1.0,0.8200694444444444,True
PED002567,10,10,2026-05-30 07:59:16,2026-05-31 23:43:06,39.72,0,CEDI Medellín,Medellín,Inter Rapidísimo,KMS95676343,13900,2026-06-01 05:59:16,Entregado,2026-05-31 23:43:06,True,1.0,1.6554398148148148,True
PED002568,10,10,2026-05-05 09:22:37,2026-05-07 04:55:11,43.53,0,CEDI Bogotá,Bogotá D.C.,TCC,KMS22908926,13900,2026-05-07 01:22:37,Entregado,2026-05-07 04:55:11,True,0.0,1.8142824074074073,True
PED002569,10,10,2026-05-24 04:59:29,2026-05-25 16:55:51,35.95,0,CEDI Cali,Cali,Servientrega,KMS65693505,15900,2026-05-26 04:59:29,Entregado,2026-05-25 16:55:51,True,1.0,1.4974768518518518,True
PED002570,10,10,2026-03-08 08:13:53,2026-03-09 21:49:38,37.59,0,CEDI Cali,Cali,Inter Rapidísimo,KMS88505436,11900,2026-03-10 08:13:53,Entregado,2026-03-09 21:49:38,True,1.0,1.5664930555555556,True
PED002571,9,9,2026-06-06 01:50:33,2026-06-07 11:50:29,34.33,0,CEDI Medellín,Medellín,Coordinadora,KMS35959387,11900,2026-06-07 23:30:17,Entregado,2026-06-07 11:50:29,True,1.0,1.4166203703703704,False
PED002572,10,10,2026-02-06 15:32:54,2026-02-08 06:10:09,38.62,0,CEDI Cali,Cali,Servientrega,KMS13558013,13090,2026-02-08 15:32:54,Entregado,2026-02-08 06:10:09,True,1.0,1.609201388888889,True
PED002573,10,10,2026-06-10 11:41:19,2026-06-11 22:28:57,34.81,0,CEDI Cali,Cali,Coordinadora,KMS76170924,10890,2026-06-12 04:41:19,Entregado,2026-06-11 22:28:57,True,1.0,1.4497453703703704,True
PED002574,10,10,2026-02-14 19:29:29,2026-02-16 12:10:14,40.68,0,CEDI Cali,Cali,Envia,KMS28724351,8900,2026-02-16 12:29:29,Entregado,2026-02-16 12:10:14,True,1.0,1.6949652777777777,True
PED002575,10,10,2026-01-04 02:42:25,2026-01-05 18:30:55,39.79,0,CEDI Cali,Cali,Envia,KMS93921593,15900,2026-01-06 02:42:25,Entregado,2026-01-05 18:30:55,True,1.0,1.6586805555555555,True
PED002576,10,10,2026-04-12 12:32:38,2026-04-13 06:19:16,17.77,1,CEDI Bogotá,Bogotá D.C.,TCC,KMS76929515,15900,2026-04-13 21:32:38,Entregado,2026-04-13 06:19:16,True,1.0,0.7407175925925926,True
PED002577,10,10,2026-02-16 02:55:02,2026-02-17 04:08:51,25.21,0,CEDI Pereira,Pereira,Coordinadora,KMS95065622,8900,2026-02-18 04:55:02,Entregado,2026-02-17 04:08:51,True,1.0,1.051261574074074,True
PED002578,10,10,2026-03-08 22:26:28,2026-03-10 06:48:10,32.36,0,CEDI Cali,Cali,Coordinadora,KMS92046095,17490,2026-03-10 15:26:28,Entregado,2026-03-10 06:48:10,True,1.0,1.3484027777777778,True
PED002579,10,10,2026-06-26 02:14:41,2026-06-27 02:38:44,24.4,0,CEDI Medellín,Medellín,Servientrega,KMS41555860,18900,2026-06-28 00:14:41,Entregado,2026-06-27 02:38:44,True,1.0,1.016701388888889,True
PED002580,10,10,2026-04-27 18:38:30,2026-04-29 19:41:56,49.06,0,CEDI Medellín,Medellín,TCC,KMS22143909,20790,2026-04-29 16:38:30,Entregado,2026-04-29 19:41:56,True,0.0,2.044050925925926,True
PED002581,10,10,2026-06-22 20:23:49,2026-06-23 07:49:42,11.44,0,CEDI Bogotá,Bogotá D.C.,Coordinadora,KMS20211712,13900,2026-06-24 05:23:49,Entregado,2026-06-23 07:49:42,True,1.0,0.47630787037037037,True
PED002582,10,10,2026-04-11 07:22:12,2026-04-12 03:12:16,19.84,0,CEDI Bogotá,Bogotá D.C.,Servientrega,KMS94837970,15900,2026-04-12 23:22:12,Entregado,2026-04-12 03:12:16,True,1.0,0.8264351851851852,True
PED002583,10,10,2026-01-09 00:24:25,2026-01-09 21:10:42,20.78,0,CEDI Bogotá,Bogotá D.C.,Coordinadora,KMS79688549,13900,2026-01-10 16:24:25,Entregado,2026-01-09 21:10:42,True,1.0,0.865474537037037,True
PED002584,10,10,2026-02-15 19:11:01,2026-02-17 11:57:53,40.79,0,CEDI Bucaramanga,Bucaramanga,Servientrega,KMS51778369,8900,2026-02-17 23:11:01,Entregado,2026-02-17 11:57:53,True,1.0,1.6992129629629629,True
PED002585,10,10,2026-04-01 11:04:40,2026-04-02 05:03:55,17.98,0,CEDI Bogotá,Bogotá D.C.,Coordinadora,KMS46857744,11900,2026-04-03 03:04:40,Entregado,2026-04-02 05:03:55,True,1.0,0.7494791666666667,True
PED002586,10,10,2026-05-22 03:25:19,2026-05-24 02:04:53,46.660000000000004,0,CEDI Bucaramanga,Bucaramanga,Inter Rapidísimo,KMS30273707,13900,2026-05-24 07:25:19,Entregado,2026-05-24 02:04:53,True,1.0,1.9441435185185185,True
PED002587,10,10,2026-05-09 09:23:12,2026-05-11 01:19:09,39.93,0,CEDI Bucaramanga,Bucaramanga,Envia,KMS70068882,15900,2026-05-11 13:23:12,Entregado,2026-05-11 01:19:09,True,1.0,1.6638541666666666,True
PED002588,10,10,2026-05-14 23:41:56,2026-05-16 08:28:45,32.77,0,CEDI Medellín,Medellín,Servientrega,KMS63099289,13900,2026-05-16 21:41:56,Entregado,2026-05-16 08:28:45,True,1.0,1.3658449074074075,True
PED002589,10,10,2026-01-20 23:38:32,2026-01-22 05:33:26,29.92,0,CEDI Medellín,Medellín,Envia,KMS62078508,10890,2026-01-22 14:38:32,Entregado,2026-01-22 05:33:26,True,1.0,1.2464583333333332,True
PED002590,10,10,2026-02-28 14:17:31,2026-03-01 17:53:30,27.6,0,CEDI Bogotá,Bogotá D.C.,Inter Rapidísimo,KMS76379688,17490,2026-03-02 06:17:31,Entregado,2026-03-01 17:53:30,True,1.0,1.1499884259259259,True
PED002591,10,10,2026-03-27 11:58:08,2026-03-28 15:39:13,27.68,0,CEDI Bogotá,Bogotá D.C.,Coordinadora,KMS22898841,15900,2026-03-29 03:58:08,Entregado,2026-03-28 15:39:13,True,1.0,1.1535300925925926,True
PED002592,10,10,2026-03-31 12:55:56,2026-04-02 00:28:10,35.54,0,CEDI Bogotá,Bogotá D.C.,Envia,KMS13736553,9900,2026-04-02 04:55:56,Entregado,2026-04-02 00:28:10,True,1.0,1.4807175925925926,True
PED002593,10,10,2026-02-27 08:31:35,2026-02-28 12:15:15,27.71,0,CEDI Bogotá,Bogotá D.C.,Inter Rapidísimo,KMS20564037,11900,2026-03-01 00:31:35,Entregado,2026-02-28 12:15:15,True,1.0,1.155324074074074,True
PED002594,10,10,2026-05-14 07:48:59,2026-05-15 15:10:54,31.36,0,CEDI Bucaramanga,Bucaramanga,Inter Rapidísimo,KMS91056202,8900,2026-05-16 04:48:59,Entregado,2026-05-15 15:10:54,True,1.0,1.306886574074074,True
PED002595,10,10,2026-06-07 01:58:30,2026-06-07 23:53:29,21.91,0,CEDI Bogotá,Bogotá D.C.,Inter Rapidísimo,KMS22473975,11900,2026-06-08 17:58:30,Entregado,2026-06-07 23:53:29,True,1.0,0.9131828703703704,True
PED002596,9,9,2026-04-22 04:55:01,2026-04-23 03:20:01,22.42,0,CEDI Bogotá,Bogotá D.C.,Envia,KMS64839420,15290,2026-04-23 20:55:01,En ruta de entrega,,False,,,False
PED002597,10,10,2026-01-07 03:07:58,2026-01-09 02:10:01,47.03,0,CEDI Bucaramanga,Bucaramanga,Coordinadora,KMS18154639,9900,2026-01-09 07:07:58,Entregado,2026-01-09 02:10:01,True,1.0,1.9597569444444445,True
PED002598,10,10,2026-03-01 07:59:52,2026-03-02 18:24:03,34.4,0,CEDI Bogotá,Bogotá D.C.,TCC,KMS91843558,20790,2026-03-02 23:59:52,Entregado,2026-03-02 18:24:03,True,1.0,1.4334606481481482,True
PED002599,9,9,2026-02-03 16:29:24,2026-02-04 16:45:25,18.1,0,CEDI Bogotá,Bogotá D.C.,Inter Rapidísimo,KMS23769605,15900,2026-02-05 08:29:24,Entregado,2026-02-04 16:45:25,True,1.0,1.011122685185185,False
PED002600,10,10,2026-04-04 23:17:05,2026-04-05 22:05:22,22.82,0,CEDI Bogotá,Bogotá D.C.,TCC,KMS40718671,18900,2026-04-06 15:17:05,Entregado,2026-04-05 22:05:22,True,1.0,0.9501967592592593,True
PED002601,10,10,2026-05-31 16:32:33,2026-06-01 18:15:08,25.72,0,CEDI Bogotá,Bogotá D.C.,Coordinadora,KMS72882872,20790,2026-06-02 01:32:33,Entregado,2026-06-01 18:15:08,True,1.0,1.071238425925926,True
PED002602,10,10,2026-05-17 15:53:51,2026-05-18 21:37:43,29.74,0,CEDI Pereira,Pereira,Coordinadora,KMS84899298,18900,2026-05-19 17:53:51,Entregado,2026-05-18 21:37:43,True,1.0,1.2387962962962964,True
PED002603,10,10,2026-02-22 20:08:42,2026-02-24 15:45:44,43.63,1,CEDI Barranquilla,Barranquilla,Coordinadora,KMS86736154,9900,2026-02-24 23:08:42,Entregado,2026-02-24 15:45:44,True,1.0,1.8173842592592593,True
PED002604,10,10,2026-02-10 03:30:33,2026-02-11 10:46:00,31.26,0,CEDI Cali,Cali,Inter Rapidísimo,KMS83968072,11900,2026-02-11 20:30:33,Entregado,2026-02-11 10:46:00,True,1.0,1.3023958333333334,True
PED002605,10,10,2026-05-20 09:23:57,2026-05-22 19:56:31,58.54,0,CEDI Bogotá,Bogotá D.C.,Coordinadora,KMS59953296,9790,2026-05-22 01:23:57,Entregado,2026-05-22 19:56:31,True,0.0,2.4392824074074073,True
PED002606,10,10,2026-04-17 20:14:27,2026-04-19 05:15:56,33.02,0,CEDI Medellín,Medellín,Coordinadora,KMS53617218,9900,2026-04-19 18:14:27,Entregado,2026-04-19 05:15:56,True,1.0,1.3760300925925926,True
PED002607,10,10,2026-01-28 03:07:12,2026-01-29 18:56:11,39.81,0,CEDI Bogotá,Bogotá D.C.,Inter Rapidísimo,KMS96545120,8900,2026-01-29 12:07:12,Entregado,2026-01-29 18:56:11,True,0.0,1.6590162037037037,True
PED002608,10,10,2026-05-06 11:52:59,2026-05-08 16:38:45,52.76,0,CEDI Pereira,Pereira,Envia,KMS17970010,9790,2026-05-08 13:52:59,Entregado,2026-05-08 16:38:45,True,0.0,2.198449074074074,True
PED002609,10,10,2026-01-31 09:50:38,2026-02-02 07:54:39,46.07,1,CEDI Bucaramanga,Bucaramanga,Envia,KMS31450255,17490,2026-02-02 06:50:38,Entregado,2026-02-02 07:54:39,True,0.0,1.9194560185185185,True
PED002610,10,10,2026-06-26 06:27:56,2026-06-26 22:51:58,16.41,0,CEDI Bogotá,Bogotá D.C.,Envia,KMS85481700,11900,2026-06-27 15:27:56,Entregado,2026-06-26 22:51:58,True,1.0,0.6833564814814815,True
PED002611,10,10,2026-05-06 17:35:50,2026-05-07 17:18:14,23.69,0,CEDI Cali,Cali,Coordinadora,KMS49992366,18900,2026-05-08 10:35:50,Entregado,2026-05-07 17:18:14,True,1.0,0.9877777777777778,True
PED002612,10,10,2026-03-27 21:32:45,2026-03-29 16:43:34,43.17,0,CEDI Medellín,Medellín,Envia,KMS32536733,10890,2026-03-29 19:32:45,Entregado,2026-03-29 16:43:34,True,1.0,1.7991782407407408,True
PED002613,10,10,2026-06-17 13:25:37,2026-06-19 08:20:18,42.91,0,CEDI Bogotá,Bogotá D.C.,Servientrega,KMS43866655,8900,2026-06-19 05:25:25,Entregado,2026-06-19 08:20:18,True,0.0,1.787974537037037,True
PED002614,10,10,2026-01-23 03:03:07,2026-01-24 09:22:03,30.32,0,CEDI Bogotá,Bogotá D.C.,Coordinadora,KMS65900843,15900,2026-01-24 19:03:07,Entregado,2026-01-24 09:22:03,True,1.0,1.2631481481481481,True
PED002615,10,10,2026-06-06 14:51:47,2026-06-07 13:57:23,23.1,0,CEDI Bogotá,Bogotá D.C.,Coordinadora,KMS96413531,9900,2026-06-07 23:51:47,Entregado,2026-06-07 13:57:23,True,1.0,0.9622222222222222,True
PED002616,10,10,2026-04-06 23:18:51,2026-04-07 14:12:42,14.91,0,CEDI Medellín,Medellín,Coordinadora,KMS66893733,11900,2026-04-08 14:18:51,Entregado,2026-04-07 14:12:42,True,1.0,0.6207291666666667,True
PED002617,10,10,2026-05-10 12:26:05,2026-05-11 16:19:51,27.900000000000002,0,CEDI Bogotá,Bogotá D.C.,Inter Rapidísimo,KMS95373749,17490,2026-05-12 04:26:05,Entregado,2026-05-11 16:19:51,True,1.0,1.1623379629629629,True
PED002618,10,10,2026-06-10 03:21:36,2026-06-11 19:37:56,40.269999999999996,0,CEDI Bogotá,Bogotá D.C.,TCC,KMS53506201,9790,2026-06-11 19:21:36,Entregado,2026-06-11 19:37:56,True,0.0,1.6780092592592593,True
PED002619,10,10,2026-03-28 15:20:40,2026-03-29 16:48:26,25.45,0,CEDI Medellín,Medellín,Coordinadora,KMS48733308,11900,2026-03-30 13:20:40,Entregado,2026-03-29 16:48:26,True,1.0,1.0609490740740741,True
PED002620,10,10,2026-03-15 21:08:14,2026-03-17 12:42:45,39.57,0,CEDI Cali,Cali,Servientrega,KMS10698852,15900,2026-03-17 21:08:14,Entregado,2026-03-17 12:42:45,True,1.0,1.6489699074074073,True
PED002621,10,10,2026-01-13 12:37:47,2026-01-14 15:07:39,26.5,1,CEDI Bogotá,Bogotá D.C.,Inter Rapidísimo,KMS71321870,9900,2026-01-15 04:37:47,Entregado,2026-01-14 15:07:39,True,1.0,1.104074074074074,True
PED002622,10,10,2026-04-27 14:09:50,2026-04-30 09:29:30,67.33,0,CEDI Pereira,Pereira,Inter Rapidísimo,KMS35848826,15900,2026-04-29 16:09:50,Entregado,2026-04-30 09:29:30,True,0.0,2.805324074074074,True
PED002623,10,10,2026-01-15 02:52:49,2026-01-16 04:40:09,25.8,0,CEDI Cali,Cali,Coordinadora,KMS36560008,10890,2026-01-17 02:52:49,Entregado,2026-01-16 04:40:09,True,1.0,1.074537037037037,True
PED002624,10,10,2026-03-26 11:58:54,2026-03-29 06:30:30,66.53,0,CEDI Barranquilla,Barranquilla,Coordinadora,KMS16078455,18900,2026-03-28 21:58:54,Entregado,2026-03-29 06:30:30,True,0.0,2.7719444444444443,True
PED002625,10,10,2026-02-09 13:38:52,2026-02-11 05:09:52,39.510000000000005,0,CEDI Pereira,Pereira,Envia,KMS23866001,18900,2026-02-11 15:38:52,Entregado,2026-02-11 05:09:52,True,1.0,1.6465277777777778,True
PED002626,10,10,2026-03-11 23:19:56,2026-03-13 12:34:34,37.24,0,CEDI Medellín,Medellín,Servientrega,KMS95259353,13900,2026-03-13 21:19:56,Entregado,2026-03-13 12:34:34,True,1.0,1.5518287037037037,True
PED002627,10,10,2026-02-16 23:17:03,2026-02-17 17:21:33,18.07,0,CEDI Medellín,Medellín,Inter Rapidísimo,KMS12988041,13900,2026-02-18 14:17:03,Entregado,2026-02-17 17:21:33,True,1.0,0.753125,True
PED002628,10,10,2026-02-03 01:11:34,2026-02-04 06:56:00,29.74,0,CEDI Bogotá,Bogotá D.C.,Coordinadora,KMS53613244,8900,2026-02-04 10:11:34,Entregado,2026-02-04 06:56:00,True,1.0,1.2391898148148148,True
PED002629,10,10,2026-05-17 08:06:45,2026-05-18 08:40:01,24.55,0,CEDI Bogotá,Bogotá D.C.,TCC,KMS41826317,9900,2026-05-19 00:06:45,Entregado,2026-05-18 08:40:01,True,1.0,1.0231018518518518,True
PED002630,10,10,2026-04-15 10:43:17,2026-04-17 11:16:56,48.55,0,CEDI Medellín,Medellín,Servientrega,KMS76360253,15900,2026-04-17 08:43:17,Entregado,2026-04-17 11:16:56,True,0.0,2.0233680555555558,True
PED002631,10,10,2026-03-19 00:51:29,2026-03-20 18:40:22,41.83,0,CEDI Bogotá,Bogotá D.C.,Servientrega,KMS73757140,13900,2026-03-20 16:51:29,Entregado,2026-03-20 18:40:22,True,0.0,1.7422800925925925,True
PED002632,10,10,2026-06-05 21:49:30,2026-06-07 16:18:13,42.47,0,CEDI Bogotá,Bogotá D.C.,Coordinadora,KMS84042812,13900,2026-06-07 13:49:30,Entregado,2026-06-07 16:18:13,True,0.0,1.7699421296296296,True
PED002633,10,10,2026-02-16 12:18:45,2026-02-17 00:55:55,12.63,0,CEDI Bogotá,Bogotá D.C.,TCC,KMS25916524,17490,2026-02-18 04:18:45,Entregado,2026-02-17 00:55:55,True,1.0,0.5258101851851852,True
PED002634,10,10,2026-03-08 12:47:11,2026-03-09 17:51:57,29.08,0,CEDI Bucaramanga,Bucaramanga,Servientrega,KMS25482860,18900,2026-03-10 09:47:11,Entregado,2026-03-09 17:51:57,True,1.0,1.2116435185185186,True
PED002635,10,10,2026-04-01 17:27:06,2026-04-03 11:46:01,42.31,0,CEDI Cali,Cali,Inter Rapidísimo,KMS49217034,20790,2026-04-03 10:27:06,Entregado,2026-04-03 11:46:01,True,0.0,1.763136574074074,True
PED002636,10,10,2026-05-25 05:04:26,2026-05-26 13:46:48,32.7,1,CEDI Bogotá,Bogotá D.C.,Servientrega,KMS67720776,13900,2026-05-26 21:04:26,Entregado,2026-05-26 13:46:48,True,1.0,1.3627546296296296,True
PED002637,10,10,2026-02-12 18:34:17,2026-02-14 08:33:21,37.980000000000004,0,CEDI Cali,Cali,Inter Rapidísimo,KMS76804939,15900,2026-02-14 18:34:17,Entregado,2026-02-14 08:33:21,True,1.0,1.582685185185185,True
PED002638,10,10,2026-01-24 09:35:50,2026-01-25 21:22:28,35.769999999999996,1,CEDI Barranquilla,Barranquilla,Servientrega,KMS97086400,15900,2026-01-26 19:35:50,Entregado,2026-01-25 21:22:28,True,1.0,1.4907175925925926,True
PED002639,9,9,2026-03-22 06:57:48,2026-03-23 16:47:08,26.42,0,CEDI Barranquilla,Barranquilla,TCC,KMS19076440,10890,2026-03-24 16:57:48,Entregado,2026-03-23 16:47:08,True,1.0,1.4092592592592592,False
PED002640,10,10,2026-02-20 17:25:58,2026-02-22 00:13:39,30.79,0,CEDI Bogotá,Bogotá D.C.,TCC,KMS81552484,17490,2026-02-22 02:25:58,Entregado,2026-02-22 00:13:39,True,1.0,1.283113425925926,True
PED002641,10,10,2026-02-23 05:26:58,2026-02-24 14:45:13,33.3,0,CEDI Pereira,Pereira,Coordinadora,KMS36694652,18900,2026-02-25 00:26:58,Entregado,2026-02-24 14:45:13,True,1.0,1.3876736111111112,True
PED002642,10,10,2026-02-14 18:17:40,2026-02-16 21:18:14,51.0,0,CEDI Bogotá,Bogotá D.C.,Servientrega,KMS84523022,8900,2026-02-16 10:17:40,Entregado,2026-02-16 21:18:14,True,0.0,2.1253935185185187,True
PED002643,10,10,2026-02-18 20:02:43,2026-02-20 19:32:42,47.5,0,CEDI Barranquilla,Barranquilla,Envia,KMS12098910,9900,2026-02-20 23:02:43,Entregado,2026-02-20 19:32:42,True,1.0,1.9791550925925927,True
PED002644,10,10,2026-04-26 08:18:51,2026-04-27 23:44:59,39.44,0,CEDI Bogotá,Bogotá D.C.,Envia,KMS88003450,11900,2026-04-27 17:18:51,Entregado,2026-04-27 23:44:59,True,0.0,1.6431481481481482,True
PED002645,10,10,2026-05-11 18:23:37,2026-05-13 11:56:38,41.550000000000004,0,CEDI Cali,Cali,Inter Rapidísimo,KMS97586386,11900,2026-05-13 18:23:37,Entregado,2026-05-13 11:56:38,True,1.0,1.731261574074074,True
PED002646,10,10,2026-05-14 17:19:15,2026-05-15 20:27:19,27.12,1,CEDI Bogotá,Bogotá D.C.,TCC,KMS27778505,17490,2026-05-16 09:19:15,Entregado,2026-05-15 20:27:19,True,1.0,1.130601851851852,True
PED002647,10,10,2026-05-27 06:38:14,2026-05-28 04:53:14,22.25,0,CEDI Cali,Cali,TCC,KMS82651099,13900,2026-05-29 06:38:14,Entregado,2026-05-28 04:53:14,True,1.0,0.9270833333333334,True
PED002648,10,10,2026-06-04 18:23:34,2026-06-06 10:17:51,39.9,0,CEDI Medellín,Medellín,Inter Rapidísimo,KMS13715917,18900,2026-06-06 16:23:34,Entregado,2026-06-06 10:17:51,True,1.0,1.6626967592592592,True
PED002649,10,10,2026-03-18 22:02:01,2026-03-20 13:48:28,39.769999999999996,0,CEDI Cali,Cali,TCC,KMS55566082,11900,2026-03-20 22:02:01,Entregado,2026-03-20 13:48:28,True,1.0,1.6572569444444445,True
PED002650,10,10,2026-02-08 13:07:44,2026-02-10 10:48:00,45.67,0,CEDI Pereira,Pereira,Coordinadora,KMS36183093,18900,2026-02-10 15:07:44,Entregado,2026-02-10 10:48:00,True,1.0,1.902962962962963,True
PED002651,10,10,2026-01-17 16:44:32,2026-01-18 22:58:18,30.23,0,CEDI Pereira,Pereira,Inter Rapidísimo,KMS31541994,13900,2026-01-19 11:44:32,Entregado,2026-01-18 22:58:18,True,1.0,1.2595601851851852,True
PED002652,10,10,2026-03-24 18:49:16,2026-03-25 19:27:13,24.64,0,CEDI Bucaramanga,Bucaramanga,Servientrega,KMS21967879,9900,2026-03-26 15:49:16,Entregado,2026-03-25 19:27:13,True,1.0,1.0263541666666667,True
PED002653,10,10,2026-02-23 04:28:24,2026-02-24 09:09:44,28.68,1,CEDI Cali,Cali,Envia,KMS92585538,11900,2026-02-24 21:28:24,Entregado,2026-02-24 09:09:44,True,1.0,1.1953703703703704,True
PED002654,10,10,2026-05-20 23:03:48,2026-05-21 19:45:42,20.69,0,CEDI Cali,Cali,Envia,KMS34086735,11900,2026-05-22 23:03:48,Entregado,2026-05-21 19:45:42,True,1.0,0.8624305555555556,True
PED002655,10,10,2026-04-20 00:02:19,2026-04-21 23:42:04,47.67,0,CEDI Bucaramanga,Bucaramanga,Servientrega,KMS87936674,9900,2026-04-21 21:02:19,Entregado,2026-04-21 23:42:04,True,0.0,1.9859375,True
PED002656,10,10,2026-06-20 20:11:59,2026-06-21 07:44:01,11.52,0,CEDI Bogotá,Bogotá D.C.,Coordinadora,KMS66878368,18900,2026-06-22 12:11:59,Entregado,2026-06-21 07:44:01,True,1.0,0.4805787037037037,True
PED002657,10,10,2026-05-17 06:24:14,2026-05-18 19:35:17,37.18,0,CEDI Cali,Cali,Coordinadora,KMS19496470,8900,2026-05-19 06:24:14,Entregado,2026-05-18 19:35:17,True,1.0,1.5493402777777778,True
PED002658,10,10,2026-02-17 17:40:22,2026-02-19 20:07:15,50.46,0,CEDI Bucaramanga,Bucaramanga,TCC,KMS78477747,8900,2026-02-19 14:40:22,Entregado,2026-02-19 20:07:15,True,0.0,2.102002314814815,True
PED002659,10,10,2026-01-08 21:42:13,2026-01-10 09:34:06,35.86,0,CEDI Medellín,Medellín,TCC,KMS16222136,15900,2026-01-10 19:42:13,Entregado,2026-01-10 09:34:06,True,1.0,1.494363425925926,True
PED002660,10,10,2026-06-24 23:35:55,2026-06-26 01:45:00,26.17,0,CEDI Medellín,Medellín,TCC,KMS92474841,18900,2026-06-26 21:35:55,Entregado,2026-06-26 01:45:00,True,1.0,1.0896412037037038,True
PED002661,9,9,2026-03-02 08:35:02,2026-03-03 19:28:46,33.05,0,CEDI Bogotá,Bogotá D.C.,Inter Rapidísimo,KMS90199095,18900,2026-03-04 00:35:02,Entregado,2026-03-03 19:28:46,True,1.0,1.4539814814814815,False
PED002662,10,10,2026-04-22 22:53:49,2026-04-24 10:40:56,35.79,0,CEDI Bogotá,Bogotá D.C.,Coordinadora,KMS47902306,13900,2026-04-24 14:53:49,Entregado,2026-04-24 10:40:56,True,1.0,1.4910532407407406,True
PED002663,10,10,2026-06-11 04:42:06,2026-06-12 09:17:25,28.59,1,CEDI Cali,Cali,Inter Rapidísimo,KMS96367724,9900,2026-06-13 04:42:06,Entregado,2026-06-12 09:17:25,True,1.0,1.1911921296296297,True
PED002664,10,10,2026-06-18 03:00:16,2026-06-21 00:31:13,69.52,1,CEDI Cali,Cali,Servientrega,KMS22645535,18900,2026-06-20 03:00:16,Entregado,2026-06-21 00:31:13,True,0.0,2.8964930555555557,True
PED002665,10,10,2026-04-01 01:45:49,2026-04-01 19:30:09,17.74,0,CEDI Medellín,Medellín,Envia,KMS34170429,18900,2026-04-02 23:45:49,Entregado,2026-04-01 19:30:09,True,1.0,0.7391203703703704,True
PED002666,10,10,2026-06-28 02:05:19,2026-06-29 20:17:17,42.21,0,CEDI Pereira,Pereira,Inter Rapidísimo,KMS83103201,13900,2026-06-30 04:05:19,Entregado,2026-06-29 20:17:17,True,1.0,1.7583101851851852,True
PED002667,10,10,2026-06-21 06:31:42,2026-06-22 10:05:45,27.57,1,CEDI Bogotá,Bogotá D.C.,Servientrega,KMS62901743,9900,2026-06-22 22:31:42,Entregado,2026-06-22 10:05:45,True,1.0,1.1486458333333334,True
PED002668,10,10,2026-01-23 16:58:35,2026-01-24 15:00:19,22.03,0,CEDI Bucaramanga,Bucaramanga,Servientrega,KMS25900061,8900,2026-01-25 13:58:35,Entregado,2026-01-24 15:00:19,True,1.0,0.9178703703703703,True
PED002669,10,10,2026-01-30 23:31:20,2026-02-01 16:32:58,41.04,0,CEDI Bogotá,Bogotá D.C.,Servientrega,KMS58839814,17490,2026-02-01 15:31:20,Entregado,2026-02-01 16:32:58,True,0.0,1.7094675925925926,True
PED002670,10,10,2026-06-02 05:40:19,2026-06-03 09:45:50,28.08,0,CEDI Medellín,Medellín,Servientrega,KMS12932104,13900,2026-06-04 03:40:19,Entregado,2026-06-03 09:45:50,True,1.0,1.1704976851851852,True
PED002671,10,10,2026-06-19 04:12:56,2026-06-20 06:35:26,26.37,0,CEDI Medellín,Medellín,Servientrega,KMS35259744,11900,2026-06-20 19:12:56,Entregado,2026-06-20 06:35:26,True,1.0,1.0989583333333333,True
PED002672,10,10,2026-02-11 14:30:15,2026-02-14 05:20:16,62.84,0,CEDI Bogotá,Bogotá D.C.,Coordinadora,KMS15358159,11900,2026-02-13 06:30:15,Entregado,2026-02-14 05:20:16,True,0.0,2.6180671296296296,True
PED002673,10,10,2026-04-06 10:24:23,2026-04-07 11:57:31,25.54,1,CEDI Bogotá,Bogotá D.C.,TCC,KMS76489750,11900,2026-04-07 19:24:23,Entregado,2026-04-07 11:57:31,True,1.0,1.064675925925926,True
PED002674,10,10,2026-05-14 07:53:00,2026-05-15 23:55:11,40.02,0,CEDI Bogotá,Bogotá D.C.,Coordinadora,KMS65596270,15900,2026-05-15 23:53:00,Entregado,2026-05-15 23:55:11,True,0.0,1.6681828703703703,True
PED002675,10,10,2026-06-12 17:00:50,2026-06-14 07:21:17,38.34,0,CEDI Cali,Cali,TCC,KMS23415196,20790,2026-06-14 10:00:50,Entregado,2026-06-14 07:21:17,True,1.0,1.5975347222222223,True
PED002676,10,10,2026-03-16 23:37:14,2026-03-18 17:19:21,41.7,0,CEDI Cali,Cali,Coordinadora,KMS18512433,15900,2026-03-18 23:37:14,Entregado,2026-03-18 17:19:21,True,1.0,1.7375810185185185,True
PED002677,10,10,2026-06-02 03:53:51,2026-06-04 01:48:51,45.91,0,CEDI Barranquilla,Barranquilla,Servientrega,KMS38347730,15290,2026-06-04 13:53:51,Entregado,2026-06-04 01:48:51,True,1.0,1.9131944444444444,True
PED002678,10,10,2026-04-20 07:14:48,2026-04-21 06:26:46,23.2,0,CEDI Medellín,Medellín,Inter Rapidísimo,KMS14124690,18900,2026-04-21 22:14:48,Entregado,2026-04-21 06:26:46,True,1.0,0.9666435185185185,True
PED002679,10,10,2026-03-20 03:39:54,2026-03-21 20:55:02,41.26,0,CEDI Medellín,Medellín,Envia,KMS91151778,8900,2026-03-22 01:39:54,Entregado,2026-03-21 20:55:02,True,1.0,1.7188425925925925,True
PED002680,10,10,2026-01-25 02:19:36,2026-01-26 04:03:25,25.72,0,CEDI Bogotá,Bogotá D.C.,TCC,KMS97326584,13900,2026-01-26 18:19:36,Entregado,2026-01-26 04:03:25,True,1.0,1.0720949074074073,True
PED002681,10,10,2026-05-02 17:30:23,2026-05-05 12:06:14,66.61,1,CEDI Barranquilla,Barranquilla,Servientrega,KMS17291129,8900,2026-05-05 03:30:23,Entregado,2026-05-05 12:06:14,True,0.0,2.7748958333333333,True
PED002682,10,10,2026-01-27 21:35:37,2026-01-29 10:01:28,36.43,0,CEDI Pereira,Pereira,Inter Rapidísimo,KMS38115138,11900,2026-01-29 23:35:37,Entregado,2026-01-29 10:01:28,True,1.0,1.517951388888889,True
PED002683,10,10,2026-06-09 13:37:24,2026-06-10 13:37:41,24.009999999999998,0,CEDI Medellín,Medellín,Servientrega,KMS27006440,13900,2026-06-11 04:37:24,Entregado,2026-06-10 13:37:41,True,1.0,1.0001967592592593,True
PED002684,10,10,2026-06-12 16:20:54,2026-06-13 12:12:52,19.86,0,CEDI Bogotá,Bogotá D.C.,Envia,KMS41870063,15900,2026-06-14 08:20:54,Entregado,2026-06-13 12:12:52,True,1.0,0.8277546296296296,True
PED002685,10,10,2026-01-15 07:00:20,2026-01-16 20:08:57,37.16,1,CEDI Bogotá,Bogotá D.C.,Envia,KMS98782197,15900,2026-01-16 23:00:20,Entregado,2026-01-16 20:08:57,True,1.0,1.547650462962963,True
PED002686,10,10,2026-05-30 22:11:59,2026-05-31 18:34:43,20.37,0,CEDI Cali,Cali,Envia,KMS87388392,20790,2026-06-01 15:11:59,Entregado,2026-05-31 18:34:43,True,1.0,0.8491203703703704,True
PED002687,10,10,2026-04-30 00:47:25,2026-05-01 02:27:39,25.68,0,CEDI Medellín,Medellín,Coordinadora,KMS24634820,9790,2026-05-01 15:47:25,Entregado,2026-05-01 02:27:39,True,1.0,1.0696064814814814,True
PED002688,10,10,2026-01-22 22:52:19,2026-01-24 00:39:22,25.79,0,CEDI Cali,Cali,Coordinadora,KMS11749112,13900,2026-01-24 22:52:19,Entregado,2026-01-24 00:39:22,True,1.0,1.0743402777777777,True
PED002689,10,10,2026-06-14 08:03:35,2026-06-16 18:16:08,58.21,0,CEDI Pereira,Pereira,Envia,KMS97781713,13900,2026-06-16 10:03:35,Entregado,2026-06-16 18:16:08,True,0.0,2.4253819444444447,True
PED002690,10,10,2026-04-30 07:21:32,2026-05-01 08:53:59,25.54,0,CEDI Bogotá,Bogotá D.C.,Inter Rapidísimo,KMS30219161,9900,2026-05-01 16:21:32,Entregado,2026-05-01 08:53:59,True,1.0,1.0642013888888888,True
PED002691,10,10,2026-03-01 04:50:58,2026-03-02 23:52:10,43.03,0,CEDI Bucaramanga,Bucaramanga,TCC,KMS26281657,10890,2026-03-03 08:50:58,Entregado,2026-03-02 23:52:10,True,1.0,1.7925,True
PED002692,10,10,2026-06-19 06:14:15,2026-06-21 18:38:06,60.410000000000004,0,CEDI Bucaramanga,Bucaramanga,Envia,KMS92175255,9900,2026-06-21 03:14:15,Entregado,2026-06-21 18:38:06,True,0.0,2.5165625,True
PED002693,10,10,2026-04-06 09:04:54,2026-04-07 14:18:10,29.23,0,CEDI Cali,Cali,TCC,KMS26042104,15900,2026-04-08 09:04:54,Entregado,2026-04-07 14:18:10,True,1.0,1.2175462962962964,True
PED002694,10,10,2026-03-11 07:32:31,2026-03-12 21:47:57,38.27,0,CEDI Bogotá,Bogotá D.C.,TCC,KMS29717582,11900,2026-03-12 23:32:31,Entregado,2026-03-12 21:47:57,True,1.0,1.594050925925926,True
PED002695,10,10,2026-04-09 15:14:40,2026-04-11 13:06:41,45.87,0,CEDI Cali,Cali,Envia,KMS55766082,9790,2026-04-11 15:14:40,Entregado,2026-04-11 13:06:41,True,1.0,1.9111226851851852,True
PED002696,10,10,2026-02-02 08:31:45,2026-02-04 07:54:28,47.36,1,CEDI Medellín,Medellín,Coordinadora,KMS99086047,11900,2026-02-03 23:31:45,Entregado,2026-02-04 07:54:28,True,0.0,1.9741087962962962,True
PED002697,10,10,2026-06-20 02:39:39,2026-06-21 17:46:50,39.12,0,CEDI Medellín,Medellín,Envia,KMS80772334,9900,2026-06-22 00:39:39,Entregado,2026-06-21 17:46:50,True,1.0,1.6299884259259259,True
PED002698,10,10,2026-05-16 18:00:37,2026-05-17 17:16:59,23.27,0,CEDI Bogotá,Bogotá D.C.,Servientrega,KMS82551140,9790,2026-05-18 03:00:37,Entregado,2026-05-17 17:16:59,True,1.0,0.9696990740740741,True
PED002699,10,10,2026-05-20 08:48:43,2026-05-21 15:31:11,30.71,0,CEDI Bogotá,Bogotá D.C.,Coordinadora,KMS82380768,15900,2026-05-21 17:48:43,Entregado,2026-05-21 15:31:11,True,1.0,1.2794907407407408,True
PED002700,10,10,2026-03-15 08:27:05,2026-03-16 14:28:09,30.009999999999998,0,CEDI Cali,Cali,Inter Rapidísimo,KMS26544172,13900,2026-03-17 08:27:05,Entregado,2026-03-16 14:28:09,True,1.0,1.2507407407407407,True
PED002701,10,10,2026-01-06 05:22:42,2026-01-08 16:54:01,59.53,0,CEDI Cali,Cali,Inter Rapidísimo,KMS14844751,18900,2026-01-08 05:22:42,Entregado,2026-01-08 16:54:01,True,0.0,2.4800810185185185,True
PED002702,10,10,2026-03-30 12:31:50,2026-04-01 12:10:41,47.65,0,CEDI Bogotá,Bogotá D.C.,Coordinadora,KMS47050148,8900,2026-04-01 04:31:50,Entregado,2026-04-01 12:10:41,True,0.0,1.9853125,True
PED002703,10,10,2026-01-24 21:13:43,2026-01-26 01:23:55,28.17,0,CEDI Medellín,Medellín,Servientrega,KMS68793961,15900,2026-01-26 19:13:43,Entregado,2026-01-26 01:23:55,True,1.0,1.17375,True
PED002704,10,10,2026-06-05 14:31:46,2026-06-06 15:48:15,25.27,0,CEDI Bogotá,Bogotá D.C.,Envia,KMS50452722,18900,2026-06-06 23:31:46,Entregado,2026-06-06 15:48:15,True,1.0,1.0531134259259258,True
PED002705,10,10,2026-02-04 13:24:48,2026-02-06 02:23:06,36.97,0,CEDI Bucaramanga,Bucaramanga,Inter Rapidísimo,KMS98043336,9790,2026-02-06 17:24:48,Entregado,2026-02-06 02:23:06,True,1.0,1.540486111111111,True
PED002706,10,10,2026-04-22 02:00:25,2026-04-22 23:12:24,21.2,0,CEDI Medellín,Medellín,Servientrega,KMS29975564,9900,2026-04-23 17:00:25,Entregado,2026-04-22 23:12:24,True,1.0,0.8833217592592593,True
PED002707,10,10,2026-02-09 21:31:04,2026-02-11 13:43:18,40.21,0,CEDI Medellín,Medellín,Servientrega,KMS23645373,13900,2026-02-11 19:31:04,Entregado,2026-02-11 13:43:18,True,1.0,1.675162037037037,True
PED002708,10,10,2026-02-14 04:16:52,2026-02-15 14:45:34,34.47,0,CEDI Bucaramanga,Bucaramanga,TCC,KMS56687234,11900,2026-02-16 01:16:52,Entregado,2026-02-15 14:45:34,True,1.0,1.4365972222222223,True
PED002709,10,10,2026-02-08 03:55:26,2026-02-08 22:45:53,18.83,0,CEDI Bogotá,Bogotá D.C.,Servientrega,KMS56224265,13090,2026-02-09 19:55:26,Entregado,2026-02-08 22:45:53,True,1.0,0.7850347222222223,True
PED002710,10,10,2026-02-02 04:26:02,2026-02-03 00:36:37,20.18,0,CEDI Medellín,Medellín,Coordinadora,KMS40151115,15900,2026-02-03 19:26:02,Entregado,2026-02-03 00:36:37,True,1.0,0.8406828703703704,True
PED002711,10,10,2026-02-12 17:23:28,2026-02-14 08:45:49,39.36,0,CEDI Pereira,Pereira,Coordinadora,KMS24847631,13090,2026-02-14 19:23:28,Entregado,2026-02-14 08:45:49,True,1.0,1.6405208333333334,True
PED002712,10,10,2026-04-15 13:50:23,2026-04-16 23:42:37,33.88,0,CEDI Cali,Cali,Inter Rapidísimo,KMS17926606,15290,2026-04-17 13:50:23,Entregado,2026-04-16 23:42:37,True,1.0,1.4112731481481482,True
PED002713,10,10,2026-05-11 04:21:07,2026-05-13 20:42:14,64.34,1,CEDI Medellín,Medellín,Inter Rapidísimo,KMS72893365,9900,2026-05-13 02:21:07,Entregado,2026-05-13 20:42:14,True,0.0,2.6813310185185184,True
PED002714,10,10,2026-01-23 18:42:54,2026-01-25 06:26:55,35.72,0,CEDI Bucaramanga,Bucaramanga,TCC,KMS32481959,11900,2026-01-25 22:42:54,Entregado,2026-01-25 06:26:55,True,1.0,1.488900462962963,True
PED002715,10,10,2026-02-14 22:29:49,2026-02-16 09:16:56,34.79,0,CEDI Bogotá,Bogotá D.C.,Inter Rapidísimo,KMS88417069,18900,2026-02-16 14:29:49,Entregado,2026-02-16 09:16:56,True,1.0,1.4493865740740741,True
PED002716,10,10,2026-05-01 13:26:28,2026-05-03 02:19:10,36.89,0,CEDI Cali,Cali,TCC,KMS98975457,18900,2026-05-03 13:26:28,Entregado,2026-05-03 02:19:10,True,1.0,1.5365972222222222,True
PED002717,10,10,2026-01-10 08:12:03,2026-01-12 03:44:36,43.54,0,CEDI Bucaramanga,Bucaramanga,Inter Rapidísimo,KMS87676442,11900,2026-01-12 12:12:00,Entregado,2026-01-12 03:44:36,True,1.0,1.8142708333333333,True
PED002718,9,9,2026-01-18 08:08:59,2026-01-19 14:59:39,24.04,0,CEDI Cali,Cali,Inter Rapidísimo,KMS60186005,18900,2026-01-20 08:08:59,Entregado,2026-01-19 14:59:39,True,1.0,1.2851851851851852,False
PED002719,10,10,2026-03-09 00:47:39,2026-03-10 17:00:23,40.230000000000004,0,CEDI Cali,Cali,Servientrega,KMS41974457,17490,2026-03-11 00:47:39,Entregado,2026-03-10 17:00:23,True,1.0,1.6755092592592593,True
PED002720,10,10,2026-05-04 11:07:24,2026-05-05 03:35:15,16.46,0,CEDI Bogotá,Bogotá D.C.,Servientrega,KMS92482611,17490,2026-05-06 03:07:24,Entregado,2026-05-05 03:35:15,True,1.0,0.6860069444444444,True
PED002721,10,10,2026-05-30 21:39:56,2026-06-01 21:03:53,47.41,1,CEDI Medellín,Medellín,TCC,KMS64442606,18900,2026-06-01 19:39:56,Entregado,2026-06-01 21:03:53,True,0.0,1.9749652777777778,True
PED002722,10,10,2026-05-17 10:03:44,2026-05-19 02:37:28,40.57,1,CEDI Medellín,Medellín,Coordinadora,KMS96532075,15290,2026-05-19 08:03:44,Entregado,2026-05-19 02:37:28,True,1.0,1.6900925925925927,True
PED002723,10,10,2026-06-18 09:58:36,2026-06-19 23:55:25,37.95,0,CEDI Barranquilla,Barranquilla,TCC,KMS59997368,11900,2026-06-20 19:58:36,Entregado,2026-06-19 23:55:25,True,1.0,1.5811226851851852,True
PED002724,10,10,2026-01-15 14:15:37,2026-01-16 23:11:10,32.93,0,CEDI Cali,Cali,Coordinadora,KMS55007640,8900,2026-01-17 14:15:37,Entregado,2026-01-16 23:11:10,True,1.0,1.3719097222222223,True
PED002725,10,10,2026-06-03 15:14:05,2026-06-05 11:31:14,44.29,0,CEDI Pereira,Pereira,TCC,KMS58919410,18900,2026-06-05 17:14:05,Entregado,2026-06-05 11:31:14,True,1.0,1.8452430555555555,True
PED002726,10,10,2026-01-09 02:33:27,2026-01-10 04:15:27,25.7,0,CEDI Bogotá,Bogotá D.C.,Envia,KMS21843979,15900,2026-01-10 11:33:27,Entregado,2026-01-10 04:15:27,True,1.0,1.0708333333333333,True
PED002727,10,10,2026-05-10 02:53:19,2026-05-11 17:04:56,38.18,0,CEDI Cali,Cali,Envia,KMS11964832,9900,2026-05-12 02:53:19,Entregado,2026-05-11 17:04:56,True,1.0,1.591400462962963,True
PED002728,10,10,2026-05-17 11:10:09,2026-05-19 04:18:26,41.14,0,CEDI Medellín,Medellín,Servientrega,KMS33273335,15900,2026-05-19 09:10:09,Entregado,2026-05-19 04:18:26,True,1.0,1.7140856481481481,True
PED002729,10,10,2026-04-10 21:10:49,2026-04-12 00:19:08,27.14,0,CEDI Pereira,Pereira,Coordinadora,KMS44599973,13900,2026-04-12 16:10:49,Entregado,2026-04-12 00:19:08,True,1.0,1.130775462962963,True
PED002730,10,10,2026-06-11 12:55:31,2026-06-12 18:08:58,29.220000000000002,1,CEDI Medellín,Medellín,Envia,KMS93408682,20790,2026-06-13 10:55:31,Entregado,2026-06-12 18:08:58,True,1.0,1.217673611111111,True
PED002731,10,10,2026-04-19 08:28:53,2026-04-20 20:46:45,36.3,0,CEDI Bucaramanga,Bucaramanga,Inter Rapidísimo,KMS77400716,13900,2026-04-21 12:28:53,Entregado,2026-04-20 20:46:45,True,1.0,1.5124074074074074,True
PED002732,10,10,2026-03-26 08:38:30,2026-03-27 02:19:46,17.68,1,CEDI Bogotá,Bogotá D.C.,Inter Rapidísimo,KMS38676749,15900,2026-03-27 17:38:30,Entregado,2026-03-27 02:19:46,True,1.0,0.7369907407407408,True
PED002733,10,10,2026-06-30 16:49:07,2026-07-02 10:55:32,42.11,1,CEDI Cali,Cali,TCC,KMS32451149,20790,2026-07-02 16:49:07,Entregado,2026-07-02 10:55:32,True,1.0,1.7544560185185185,True
PED002734,10,10,2026-03-05 02:09:42,2026-03-06 13:01:17,34.86,0,CEDI Cali,Cali,Servientrega,KMS66940328,9790,2026-03-07 02:09:42,Entregado,2026-03-06 13:01:17,True,1.0,1.4524884259259259,True
PED002735,10,10,2026-03-28 12:18:53,2026-03-29 17:32:48,29.240000000000002,1,CEDI Bogotá,Bogotá D.C.,TCC,KMS45753831,10890,2026-03-30 04:18:53,Entregado,2026-03-29 17:32:48,True,1.0,1.2179976851851853,True
PED002736,10,10,2026-05-29 15:58:07,2026-05-31 12:39:54,44.7,0,CEDI Pereira,Pereira,Inter Rapidísimo,KMS68863504,9900,2026-05-31 17:58:07,Entregado,2026-05-31 12:39:54,True,1.0,1.862349537037037,True
PED002737,10,10,2026-01-02 13:43:33,2026-01-04 05:14:14,39.5,1,CEDI Pereira,Pereira,Servientrega,KMS81654914,11900,2026-01-04 15:43:33,Entregado,2026-01-04 05:14:14,True,1.0,1.6463078703703704,True
PED002738,10,10,2026-02-04 21:35:04,2026-02-06 13:04:02,39.480000000000004,0,CEDI Bogotá,Bogotá D.C.,Envia,KMS98102569,9900,2026-02-06 06:35:04,Entregado,2026-02-06 13:04:02,True,0.0,1.6451157407407409,True
PED002739,10,10,2026-06-07 06:53:21,2026-06-08 10:47:46,27.9,0,CEDI Bogotá,Bogotá D.C.,Coordinadora,KMS83986937,17490,2026-06-08 22:53:21,Entregado,2026-06-08 10:47:46,True,1.0,1.162789351851852,True
PED002740,10,10,2026-06-18 14:53:05,2026-06-21 08:00:15,65.15,0,CEDI Bucaramanga,Bucaramanga,Envia,KMS35263972,15290,2026-06-20 18:53:05,Entregado,2026-06-21 08:00:15,True,0.0,2.7133101851851853,True
PED002741,10,10,2026-05-21 16:38:12,2026-05-23 09:21:32,40.72,0,CEDI Barranquilla,Barranquilla,Servientrega,KMS26949685,9900,2026-05-23 19:38:12,Entregado,2026-05-23 09:21:32,True,1.0,1.6967592592592593,True
PED002742,10,10,2026-05-20 08:22:20,2026-05-22 04:50:03,44.45,0,CEDI Cali,Cali,TCC,KMS33796835,11900,2026-05-22 08:22:20,Entregado,2026-05-22 04:50:03,True,1.0,1.8525810185185185,True
PED002743,10,10,2026-04-10 07:25:20,2026-04-12 07:09:44,47.73,0,CEDI Bogotá,Bogotá D.C.,Servientrega,KMS84246696,20790,2026-04-11 23:25:20,Entregado,2026-04-12 07:09:44,True,0.0,1.9891666666666667,True
PED002744,10,10,2026-01-03 13:25:00,2026-01-05 10:00:21,44.6,0,CEDI Pereira,Pereira,Coordinadora,KMS61942577,13090,2026-01-05 15:25:00,Entregado,2026-01-05 10:00:21,True,1.0,1.8578819444444445,True
PED002745,10,10,2026-04-22 17:31:15,2026-04-23 11:12:19,17.689999999999998,0,CEDI Bogotá,Bogotá D.C.,Inter Rapidísimo,KMS93084023,13900,2026-04-24 02:31:15,Entregado,2026-04-23 11:12:19,True,1.0,0.7368518518518519,True
PED002746,10,10,2026-05-28 12:36:43,2026-05-30 03:02:55,38.44,0,CEDI Barranquilla,Barranquilla,Servientrega,KMS54086704,13090,2026-05-30 22:36:43,Entregado,2026-05-30 03:02:55,True,1.0,1.6015277777777779,True
PED002747,9,9,2026-05-31 20:53:16,2026-06-01 22:42:05,22.03,0,CEDI Cali,Cali,TCC,KMS61827366,9790,2026-06-02 13:53:16,Entregado,2026-06-01 22:42:05,True,1.0,1.0755671296296296,False
PED002748,10,10,2026-01-25 19:53:54,2026-01-28 01:29:44,53.6,0,CEDI Bucaramanga,Bucaramanga,Inter Rapidísimo,KMS45486081,13900,2026-01-27 23:53:54,Entregado,2026-01-28 01:29:44,True,0.0,2.2332175925925926,True
PED002749,10,10,2026-03-07 01:53:01,2026-03-08 11:24:41,33.519999999999996,0,CEDI Cali,Cali,Servientrega,KMS87547318,11900,2026-03-09 01:53:01,Entregado,2026-03-08 11:24:41,True,1.0,1.3969907407407407,True
PED002750,10,10,2026-06-21 06:19:43,2026-06-22 08:57:03,26.63,0,CEDI Bogotá,Bogotá D.C.,Envia,KMS73689667,13900,2026-06-22 22:19:43,Entregado,2026-06-22 08:57:03,True,1.0,1.1092592592592592,True
PED002751,10,10,2026-06-23 21:03:50,2026-06-24 17:57:43,20.89,0,CEDI Bogotá,Bogotá D.C.,Inter Rapidísimo,KMS89870450,11900,2026-06-25 06:03:50,Entregado,2026-06-24 17:57:43,True,1.0,0.8707523148148149,True
PED002752,10,10,2026-01-08 00:10:45,2026-01-09 20:50:33,44.67,0,CEDI Medellín,Medellín,Coordinadora,KMS95784043,18900,2026-01-09 15:10:45,Entregado,2026-01-09 20:50:33,True,0.0,1.8609722222222222,True
PED002753,10,10,2026-04-01 03:41:54,2026-04-03 04:52:34,49.18,0,CEDI Cali,Cali,Envia,KMS74974308,15900,2026-04-03 03:41:54,Entregado,2026-04-03 04:52:34,True,0.0,2.049074074074074,True
PED002754,10,10,2026-05-01 11:12:27,2026-05-02 19:03:38,31.85,0,CEDI Bucaramanga,Bucaramanga,Servientrega,KMS35154099,9790,2026-05-03 08:12:27,Entregado,2026-05-02 19:03:38,True,1.0,1.327210648148148,True
PED002755,10,10,2026-06-01 14:33:37,2026-06-03 05:33:01,38.980000000000004,1,CEDI Pereira,Pereira,Envia,KMS90692496,18900,2026-06-03 16:33:37,Entregado,2026-06-03 05:33:01,True,1.0,1.6245833333333333,True
PED002756,10,10,2026-04-20 11:40:48,2026-04-21 11:26:03,23.759999999999998,0,CEDI Bogotá,Bogotá D.C.,Inter Rapidísimo,KMS60098754,8900,2026-04-22 03:40:48,Entregado,2026-04-21 11:26:03,True,1.0,0.9897569444444444,True
PED002757,10,10,2026-06-06 08:55:42,2026-06-09 00:53:12,63.96,0,CEDI Medellín,Medellín,TCC,KMS35728682,8900,2026-06-08 06:55:42,Entregado,2026-06-09 00:53:12,True,0.0,2.6649305555555554,True
PED002758,10,10,2026-02-15 07:42:32,2026-02-16 22:45:34,39.06,0,CEDI Barranquilla,Barranquilla,Coordinadora,KMS81132139,11900,2026-02-17 10:42:32,Entregado,2026-02-16 22:45:34,True,1.0,1.6271064814814815,True
PED002759,10,10,2026-03-27 04:57:07,2026-03-28 21:44:07,40.79,0,CEDI Barranquilla,Barranquilla,Envia,KMS74481314,8900,2026-03-29 14:57:07,Entregado,2026-03-28 21:44:07,True,1.0,1.6993055555555556,True
PED002760,10,10,2026-02-02 10:18:46,2026-02-03 23:41:11,37.370000000000005,0,CEDI Pereira,Pereira,Inter Rapidísimo,KMS30786868,9900,2026-02-04 12:18:46,Entregado,2026-02-03 23:41:11,True,1.0,1.5572337962962963,True
PED002761,10,10,2026-05-28 19:58:28,2026-05-30 11:34:01,39.589999999999996,0,CEDI Cali,Cali,Servientrega,KMS17544213,15290,2026-05-30 19:58:28,Entregado,2026-05-30 11:34:01,True,1.0,1.6496875,True
PED002762,10,10,2026-04-20 17:57:06,2026-04-21 13:48:12,19.84,0,CEDI Medellín,Medellín,Inter Rapidísimo,KMS26332331,15900,2026-04-22 08:57:06,Entregado,2026-04-21 13:48:12,True,1.0,0.8271527777777777,True
PED002763,10,10,2026-06-24 09:24:25,2026-06-27 00:30:28,63.11,0,CEDI Bogotá,Bogotá D.C.,Servientrega,KMS64061490,13900,2026-06-25 18:24:25,Entregado,2026-06-27 00:30:28,True,0.0,2.6292013888888888,True
PED002764,10,10,2026-01-26 15:04:53,2026-01-27 21:53:12,30.799999999999997,1,CEDI Medellín,Medellín,Servientrega,KMS89160050,13900,2026-01-28 13:04:53,Entregado,2026-01-27 21:53:12,True,1.0,1.2835532407407408,True
PED002765,10,10,2026-04-18 11:03:25,2026-04-19 20:25:55,33.36,0,CEDI Medellín,Medellín,Coordinadora,KMS86274604,15900,2026-04-20 09:03:25,Entregado,2026-04-19 20:25:55,True,1.0,1.390625,True
PED002766,10,10,2026-06-02 18:28:14,2026-06-04 04:01:11,33.55,0,CEDI Pereira,Pereira,Inter Rapidísimo,KMS73309867,9900,2026-06-04 13:28:14,Entregado,2026-06-04 04:01:11,True,1.0,1.3978819444444444,True
PED002767,10,10,2026-02-12 21:28:07,2026-02-14 05:48:56,32.36,0,CEDI Bogotá,Bogotá D.C.,Inter Rapidísimo,KMS64357276,8900,2026-02-14 13:28:07,Entregado,2026-02-14 05:48:56,True,1.0,1.3477893518518518,True
PED002768,10,10,2026-01-25 08:03:46,2026-01-27 05:32:31,45.47,0,CEDI Barranquilla,Barranquilla,Inter Rapidísimo,KMS61308072,9900,2026-01-27 18:03:46,Entregado,2026-01-27 05:32:31,True,1.0,1.8949652777777777,True
PED002769,10,10,2026-04-21 06:21:45,2026-04-22 23:53:52,41.55,0,CEDI Pereira,Pereira,Envia,KMS64084179,15900,2026-04-23 01:21:45,Entregado,2026-04-22 23:53:52,True,1.0,1.7306365740740741,True
PED002770,10,10,2026-04-18 03:13:08,2026-04-19 08:38:00,29.42,0,CEDI Bogotá,Bogotá D.C.,Coordinadora,KMS23582809,13900,2026-04-19 12:13:08,Entregado,2026-04-19 08:38:00,True,1.0,1.2256018518518519,True
PED002771,10,10,2026-01-30 04:11:48,2026-01-31 09:28:02,29.27,0,CEDI Medellín,Medellín,Servientrega,KMS77811558,9790,2026-01-31 19:11:48,Entregado,2026-01-31 09:28:02,True,1.0,1.2196064814814815,True
PED002772,10,10,2026-04-03 23:28:36,2026-04-05 12:49:01,37.339999999999996,0,CEDI Bucaramanga,Bucaramanga,Envia,KMS42606478,13900,2026-04-06 03:28:36,Entregado,2026-04-05 12:49:01,True,1.0,1.5558449074074074,True
PED002773,10,10,2026-05-21 13:02:20,2026-05-23 10:53:46,45.85,0,CEDI Bucaramanga,Bucaramanga,Servientrega,KMS79704446,13900,2026-05-23 17:02:20,Entregado,2026-05-23 10:53:46,True,1.0,1.9107175925925926,True
PED002774,10,10,2026-02-26 02:54:59,2026-02-27 07:57:47,29.03,0,CEDI Bogotá,Bogotá D.C.,Servientrega,KMS40018450,17490,2026-02-27 18:54:59,Entregado,2026-02-27 07:57:47,True,1.0,1.2102777777777778,True
PED002775,10,10,2026-05-12 20:05:11,2026-05-14 08:21:08,36.260000000000005,0,CEDI Bucaramanga,Bucaramanga,Inter Rapidísimo,KMS85248280,18900,2026-05-14 17:05:11,Entregado,2026-05-14 08:21:08,True,1.0,1.511076388888889,True
PED002776,10,10,2026-06-02 14:25:19,2026-06-03 19:53:59,29.48,0,CEDI Bogotá,Bogotá D.C.,Inter Rapidísimo,KMS51359725,13900,2026-06-03 23:25:19,Entregado,2026-06-03 19:53:59,True,1.0,1.2282407407407407,True
PED002777,10,10,2026-05-24 01:07:50,2026-05-25 04:53:10,27.759999999999998,0,CEDI Cali,Cali,Envia,KMS11019894,18900,2026-05-25 18:07:50,Entregado,2026-05-25 04:53:10,True,1.0,1.1564814814814814,True
PED002778,10,10,2026-05-12 06:05:16,2026-05-13 12:17:13,30.19,0,CEDI Bogotá,Bogotá D.C.,Coordinadora,KMS73450442,11900,2026-05-13 22:05:16,Entregado,2026-05-13 12:17:13,True,1.0,1.2582986111111112,True
PED002779,10,10,2026-04-26 21:51:08,2026-04-28 01:15:12,27.41,0,CEDI Bogotá,Bogotá D.C.,Coordinadora,KMS65137097,15900,2026-04-28 13:51:08,Entregado,2026-04-28 01:15:12,True,1.0,1.141712962962963,True
PED002780,10,10,2026-04-04 09:02:00,2026-04-05 16:52:49,31.84,0,CEDI Medellín,Medellín,TCC,KMS37801868,18900,2026-04-06 07:02:00,Entregado,2026-04-05 16:52:49,True,1.0,1.3269560185185185,True
PED002781,10,10,2026-04-06 13:48:13,2026-04-07 12:01:07,22.23,0,CEDI Bogotá,Bogotá D.C.,Coordinadora,KMS68185707,20790,2026-04-08 05:48:13,Entregado,2026-04-07 12:01:07,True,1.0,0.925625,True
PED002782,10,10,2026-02-18 17:56:52,2026-02-20 03:07:07,33.16,0,CEDI Bogotá,Bogotá D.C.,Inter Rapidísimo,KMS62925148,9900,2026-02-20 09:56:52,Entregado,2026-02-20 03:07:07,True,1.0,1.3821180555555554,True
PED002783,10,10,2026-01-07 14:13:59,2026-01-08 19:33:35,29.32,0,CEDI Medellín,Medellín,Envia,KMS46744496,13900,2026-01-09 12:13:59,Entregado,2026-01-08 19:33:35,True,1.0,1.2219444444444445,True
PED002784,10,10,2026-02-28 17:28:49,2026-03-02 09:14:27,39.76,0,CEDI Bogotá,Bogotá D.C.,Coordinadora,KMS14876885,11900,2026-03-02 09:28:49,Entregado,2026-03-02 09:14:27,True,1.0,1.6566898148148148,True
PED002785,10,10,2026-04-15 04:01:52,2026-04-16 14:22:53,34.35,0,CEDI Medellín,Medellín,TCC,KMS51863921,15900,2026-04-17 02:01:52,Entregado,2026-04-16 14:22:53,True,1.0,1.4312615740740742,True
PED002786,10,10,2026-04-17 23:37:53,2026-04-18 18:36:53,18.98,0,CEDI Bogotá,Bogotá D.C.,Envia,KMS15687045,20790,2026-04-19 15:37:53,Entregado,2026-04-18 18:36:53,True,1.0,0.7909722222222222,True
PED002787,10,10,2026-01-11 04:18:19,2026-01-13 03:50:34,47.54,0,CEDI Barranquilla,Barranquilla,TCC,KMS90984685,11900,2026-01-13 14:18:19,Entregado,2026-01-13 03:50:34,True,1.0,1.9807291666666667,True
PED002788,10,10,2026-06-25 18:03:30,2026-06-27 09:11:32,39.13,0,CEDI Cali,Cali,Coordinadora,KMS65498120,8900,2026-06-27 18:03:30,Entregado,2026-06-27 09:11:32,True,1.0,1.6305787037037036,True
PED002789,10,10,2026-05-21 15:59:25,2026-05-23 08:02:25,40.06,0,CEDI Cali,Cali,Inter Rapidísimo,KMS39913560,11900,2026-05-23 15:59:25,Entregado,2026-05-23 08:02:25,True,1.0,1.66875,True
PED002790,10,10,2026-06-23 14:48:12,2026-06-25 07:02:07,40.24,0,CEDI Pereira,Pereira,Servientrega,KMS86741885,10890,2026-06-25 16:48:12,Entregado,2026-06-25 07:02:07,True,1.0,1.6763310185185185,True
PED002791,10,10,2026-04-10 14:56:04,2026-04-11 19:37:38,28.7,0,CEDI Medellín,Medellín,Inter Rapidísimo,KMS77162535,18900,2026-04-12 05:56:04,Entregado,2026-04-11 19:37:38,True,1.0,1.1955324074074074,True
PED002792,10,10,2026-04-19 15:01:06,2026-04-20 19:34:14,28.560000000000002,1,CEDI Medellín,Medellín,Inter Rapidísimo,KMS40818255,9900,2026-04-21 13:01:06,Entregado,2026-04-20 19:34:14,True,1.0,1.189675925925926,True
PED002793,10,10,2026-02-12 22:47:52,2026-02-14 04:39:47,29.869999999999997,0,CEDI Pereira,Pereira,TCC,KMS35399596,10890,2026-02-14 17:47:52,Entregado,2026-02-14 04:39:47,True,1.0,1.244386574074074,True
PED002794,10,10,2026-01-06 12:43:43,2026-01-08 02:04:49,37.349999999999994,1,CEDI Cali,Cali,Envia,KMS31274519,15290,2026-01-08 05:43:43,Entregado,2026-01-08 02:04:49,True,1.0,1.5563194444444444,True
PED002795,10,10,2026-05-25 02:08:48,2026-05-26 23:25:19,45.269999999999996,0,CEDI Medellín,Medellín,Servientrega,KMS12465809,9900,2026-05-27 00:08:48,Entregado,2026-05-26 23:25:19,True,1.0,1.8864699074074074,True
PED002796,10,10,2026-06-10 23:19:08,2026-06-12 13:21:08,38.02,0,CEDI Medellín,Medellín,Envia,KMS83182874,17490,2026-06-12 21:19:08,Entregado,2026-06-12 13:21:08,True,1.0,1.5847222222222221,True
PED002797,10,10,2026-03-05 14:29:55,2026-03-07 03:16:40,36.78,0,CEDI Bogotá,Bogotá D.C.,Inter Rapidísimo,KMS38007778,13900,2026-03-06 23:29:55,Entregado,2026-03-07 03:16:40,True,0.0,1.5324652777777779,True
PED002798,10,10,2026-06-08 18:29:48,2026-06-10 19:51:12,49.36,0,CEDI Medellín,Medellín,TCC,KMS99454224,9900,2026-06-10 16:29:48,Entregado,2026-06-10 19:51:12,True,0.0,2.0565277777777777,True
PED002799,10,10,2026-05-02 21:43:08,2026-05-04 13:58:35,40.26,0,CEDI Cali,Cali,Coordinadora,KMS31412889,15900,2026-05-04 21:43:08,Entregado,2026-05-04 13:58:35,True,1.0,1.6773958333333334,True
PED002800,10,10,2026-04-03 09:19:52,2026-04-04 01:11:24,15.86,0,CEDI Bogotá,Bogotá D.C.,TCC,KMS94677009,11900,2026-04-05 01:19:52,Entregado,2026-04-04 01:11:24,True,1.0,0.660787037037037,True
PED002801,10,10,2026-03-25 16:26:12,2026-03-27 16:55:01,48.489999999999995,0,CEDI Cali,Cali,TCC,KMS85625778,17490,2026-03-27 16:26:12,Entregado,2026-03-27 16:55:01,True,0.0,2.0200115740740743,True
PED002802,10,10,2026-01-06 06:45:40,2026-01-07 15:24:55,32.67,0,CEDI Medellín,Medellín,Envia,KMS41797267,15900,2026-01-08 04:45:40,Entregado,2026-01-07 15:24:55,True,1.0,1.3605902777777779,True
PED002803,10,10,2026-05-10 02:05:06,2026-05-12 06:21:37,52.28,0,CEDI Barranquilla,Barranquilla,Servientrega,KMS31967149,18900,2026-05-12 12:05:06,Entregado,2026-05-12 06:21:37,True,1.0,2.178136574074074,True
PED002804,10,10,2026-01-10 12:36:35,2026-01-12 02:01:32,37.41,0,CEDI Medellín,Medellín,TCC,KMS26194083,9790,2026-01-12 10:36:35,Entregado,2026-01-12 02:01:32,True,1.0,1.5589930555555556,True
PED002805,9,9,2026-05-10 18:20:51,2026-05-13 13:52:03,48.980000000000004,0,CEDI Cali,Cali,Coordinadora,KMS30022721,11900,2026-05-12 18:20:51,Entregado,2026-05-13 13:52:03,True,0.0,2.8133333333333335,False
PED002806,10,10,2026-06-17 20:04:28,2026-06-19 04:32:35,32.480000000000004,0,CEDI Bucaramanga,Bucaramanga,TCC,KMS25403911,13900,2026-06-19 17:04:28,Entregado,2026-06-19 04:32:35,True,1.0,1.3528587962962964,True
PED002807,10,10,2026-03-07 13:32:42,2026-03-10 07:08:23,65.58,0,CEDI Cali,Cali,Envia,KMS75091584,8900,2026-03-09 13:32:42,Entregado,2026-03-10 07:08:23,True,0.0,2.733113425925926,True
PED002808,10,10,2026-06-14 17:00:04,2026-06-15 23:25:44,30.439999999999998,0,CEDI Cali,Cali,Servientrega,KMS88247832,10890,2026-06-16 17:00:04,Entregado,2026-06-15 23:25:44,True,1.0,1.267824074074074,True
PED002809,10,10,2026-06-03 08:30:35,2026-06-04 10:58:54,26.48,0,CEDI Bogotá,Bogotá D.C.,Coordinadora,KMS44264126,8900,2026-06-05 00:30:35,Entregado,2026-06-04 10:58:54,True,1.0,1.1029976851851853,True
PED002810,10,10,2026-06-02 06:32:38,2026-06-03 17:05:07,34.54,1,CEDI Cali,Cali,TCC,KMS61554907,15900,2026-06-04 06:32:38,Entregado,2026-06-03 17:05:07,True,1.0,1.4392245370370371,True
PED002811,10,10,2026-02-14 06:19:45,2026-02-15 19:03:09,36.730000000000004,0,CEDI Bogotá,Bogotá D.C.,TCC,KMS92718437,18900,2026-02-15 22:19:45,Entregado,2026-02-15 19:03:09,True,1.0,1.530138888888889,True
PED002812,10,10,2026-01-11 03:41:39,2026-01-12 08:10:21,28.48,0,CEDI Bogotá,Bogotá D.C.,TCC,KMS78234531,18900,2026-01-12 19:41:39,Entregado,2026-01-12 08:10:21,True,1.0,1.1865972222222223,True
PED002813,10,10,2026-04-17 13:46:46,2026-04-18 10:20:23,20.56,0,CEDI Bogotá,Bogotá D.C.,Inter Rapidísimo,KMS11531412,20790,2026-04-19 05:46:46,Entregado,2026-04-18 10:20:23,True,1.0,0.8566782407407407,True
PED002814,10,10,2026-01-06 07:37:03,2026-01-08 04:50:18,45.22,0,CEDI Pereira,Pereira,Servientrega,KMS32927611,15290,2026-01-08 09:37:03,Entregado,2026-01-08 04:50:18,True,1.0,1.8842013888888889,True
PED002815,10,10,2026-05-23 06:09:10,2026-05-24 08:36:25,26.45,0,CEDI Bogotá,Bogotá D.C.,Servientrega,KMS22996810,17490,2026-05-24 22:09:10,Entregado,2026-05-24 08:36:25,True,1.0,1.1022569444444446,True
PED002816,10,10,2026-02-24 05:42:18,2026-02-25 03:55:29,22.21,0,CEDI Bogotá,Bogotá D.C.,Coordinadora,KMS55810987,13090,2026-02-25 21:42:18,Entregado,2026-02-25 03:55:29,True,1.0,0.9258217592592592,True
PED002817,10,10,2026-02-19 03:41:58,2026-02-21 16:49:15,61.120000000000005,0,CEDI Pereira,Pereira,Envia,KMS99706352,9900,2026-02-21 05:41:58,Entregado,2026-02-21 16:49:15,True,0.0,2.546724537037037,True
PED002818,10,10,2026-01-13 02:39:46,2026-01-14 12:45:13,34.09,0,CEDI Cali,Cali,Coordinadora,KMS64861259,13900,2026-01-14 19:39:46,Entregado,2026-01-14 12:45:13,True,1.0,1.420451388888889,True
PED002819,10,10,2026-06-21 19:39:00,2026-06-22 21:32:39,25.900000000000002,0,CEDI Bogotá,Bogotá D.C.,Coordinadora,KMS45291331,9900,2026-06-23 04:39:00,Entregado,2026-06-22 21:32:39,True,1.0,1.0789236111111111,True
PED002820,10,10,2026-03-12 03:29:15,2026-03-13 09:26:22,29.96,0,CEDI Medellín,Medellín,Inter Rapidísimo,KMS86668295,9900,2026-03-14 01:29:15,Entregado,2026-03-13 09:26:22,True,1.0,1.2479976851851853,True
PED002821,10,10,2026-06-23 01:18:06,2026-06-23 18:10:06,16.87,0,CEDI Cali,Cali,Coordinadora,KMS12944742,15900,2026-06-24 18:18:06,Entregado,2026-06-23 18:10:06,True,1.0,0.7027777777777777,True
PED002822,10,10,2026-04-06 19:19:15,2026-04-09 17:52:05,70.55,0,CEDI Barranquilla,Barranquilla,Coordinadora,KMS28901296,13900,2026-04-09 05:19:15,Entregado,2026-04-09 17:52:05,True,0.0,2.9394675925925924,True
PED002823,10,10,2026-06-29 16:34:26,2026-06-30 18:53:23,26.31,0,CEDI Medellín,Medellín,Inter Rapidísimo,KMS65153362,13900,2026-07-01 07:34:26,Entregado,2026-06-30 18:53:23,True,1.0,1.0964930555555557,True
PED002824,10,10,2026-04-21 16:06:49,2026-04-23 03:41:12,35.58,0,CEDI Pereira,Pereira,TCC,KMS79979603,11900,2026-04-23 11:06:49,Entregado,2026-04-23 03:41:12,True,1.0,1.482210648148148,True
PED002825,10,10,2026-04-29 11:16:50,2026-05-01 13:42:51,50.44,0,CEDI Medellín,Medellín,Inter Rapidísimo,KMS21752491,9900,2026-05-01 02:16:50,Entregado,2026-05-01 13:42:51,True,0.0,2.101400462962963,True
PED002826,10,10,2026-04-22 09:58:56,2026-04-23 00:11:15,14.23,0,CEDI Bogotá,Bogotá D.C.,TCC,KMS22491836,8900,2026-04-23 18:58:56,Entregado,2026-04-23 00:11:15,True,1.0,0.5918865740740741,True
PED002827,10,10,2026-06-09 12:43:35,2026-06-11 01:12:19,36.480000000000004,0,CEDI Barranquilla,Barranquilla,TCC,KMS75776844,18900,2026-06-11 15:43:35,Entregado,2026-06-11 01:12:19,True,1.0,1.5199537037037036,True
PED002828,10,10,2026-05-12 05:40:41,2026-05-14 07:45:09,50.08,0,CEDI Medellín,Medellín,TCC,KMS67760071,8900,2026-05-14 03:40:41,Entregado,2026-05-14 07:45:09,True,0.0,2.0864351851851852,True
PED002829,10,10,2026-03-04 08:55:25,2026-03-06 03:55:03,42.99,0,CEDI Cali,Cali,TCC,KMS64927936,9900,2026-03-06 08:55:25,Entregado,2026-03-06 03:55:03,True,1.0,1.791412037037037,True
PED002830,10,10,2026-03-19 12:14:14,2026-03-20 10:12:03,21.96,1,CEDI Medellín,Medellín,Coordinadora,KMS17290641,8900,2026-03-21 03:14:14,Entregado,2026-03-20 10:12:03,True,1.0,0.915150462962963,True
PED002831,9,9,2026-06-21 11:35:45,2026-06-23 14:05:47,46.94,0,CEDI Bogotá,Bogotá D.C.,Coordinadora,KMS85867313,8900,2026-06-23 03:35:45,Entregado,2026-06-23 14:05:47,True,0.0,2.1041898148148146,False
PED002832,10,10,2026-04-10 15:22:24,2026-04-11 20:06:32,28.73,0,CEDI Medellín,Medellín,Servientrega,KMS12049430,15290,2026-04-12 06:22:24,Entregado,2026-04-11 20:06:32,True,1.0,1.1973148148148147,True
PED002833,10,10,2026-03-15 04:50:21,2026-03-16 18:45:55,37.92,0,CEDI Cali,Cali,Inter Rapidísimo,KMS95059557,18900,2026-03-17 04:50:21,Entregado,2026-03-16 18:45:55,True,1.0,1.5802546296296296,True
PED002834,10,10,2026-05-18 12:06:13,2026-05-20 02:19:29,38.23,0,CEDI Medellín,Medellín,TCC,KMS20680452,13900,2026-05-20 10:06:13,Entregado,2026-05-20 02:19:29,True,1.0,1.5925462962962964,True
PED002835,10,10,2026-03-06 19:39:53,2026-03-08 07:49:35,36.16,0,CEDI Barranquilla,Barranquilla,Inter Rapidísimo,KMS40145290,9900,2026-03-09 05:39:53,Entregado,2026-03-08 07:49:35,True,1.0,1.506736111111111,True
PED002836,10,10,2026-02-23 02:17:31,2026-02-24 03:35:11,25.29,0,CEDI Bogotá,Bogotá D.C.,Envia,KMS27458498,9900,2026-02-24 18:17:31,Entregado,2026-02-24 03:35:11,True,1.0,1.0539351851851853,True
PED002837,9,9,2026-06-18 23:49:18,2026-06-20 04:23:34,22.04,0,CEDI Pereira,Pereira,TCC,KMS75988696,20790,2026-06-21 01:49:18,Entregado,2026-06-20 04:23:34,True,1.0,1.190462962962963,False
PED002838,10,10,2026-04-04 08:02:35,2026-04-04 18:02:35,10.0,0,CEDI Bogotá,Bogotá D.C.,Inter Rapidísimo,KMS94331757,18900,2026-04-05 17:02:35,Entregado,2026-04-04 18:02:35,True,1.0,0.4166666666666667,True
PED002839,10,10,2026-05-15 12:58:05,2026-05-17 07:12:16,42.24,0,CEDI Cali,Cali,Envia,KMS97722836,15900,2026-05-17 12:58:05,Entregado,2026-05-17 07:12:16,True,1.0,1.759849537037037,True
PED002840,10,10,2026-02-14 00:52:51,2026-02-16 14:56:59,62.07,0,CEDI Cali,Cali,Servientrega,KMS64842863,18900,2026-02-16 00:52:51,Entregado,2026-02-16 14:56:59,True,0.0,2.5862037037037036,True
PED002841,10,10,2026-01-27 15:48:53,2026-01-29 12:24:00,44.58,0,CEDI Barranquilla,Barranquilla,Coordinadora,KMS39213725,9900,2026-01-29 18:48:53,Entregado,2026-01-29 12:24:00,True,1.0,1.8577199074074073,True
PED002842,10,10,2026-01-31 23:07:06,2026-02-02 09:01:22,33.9,0,CEDI Cali,Cali,Inter Rapidísimo,KMS72168517,11900,2026-02-02 23:07:06,Entregado,2026-02-02 09:01:22,True,1.0,1.4126851851851852,True
PED002843,10,10,2026-02-06 05:07:02,2026-02-07 12:22:44,31.27,0,CEDI Bogotá,Bogotá D.C.,Coordinadora,KMS79654753,15900,2026-02-07 21:07:02,Entregado,2026-02-07 12:22:44,True,1.0,1.3025694444444444,True
PED002844,10,10,2026-06-19 16:13:48,2026-06-21 13:42:13,45.47,0,CEDI Medellín,Medellín,TCC,KMS82939557,20790,2026-06-21 14:13:48,Entregado,2026-06-21 13:42:13,True,1.0,1.8947337962962962,True
PED002845,10,10,2026-02-16 05:05:49,2026-02-17 15:34:13,34.48,0,CEDI Pereira,Pereira,Servientrega,KMS42944119,13900,2026-02-18 07:05:49,Entregado,2026-02-17 15:34:13,True,1.0,1.436388888888889,True
PED002846,10,10,2026-01-02 19:24:54,2026-01-04 00:55:48,29.52,0,CEDI Bucaramanga,Bucaramanga,TCC,KMS77196994,13900,2026-01-04 16:24:54,Entregado,2026-01-04 00:55:48,True,1.0,1.2297916666666666,True
PED002847,10,10,2026-04-22 15:05:39,2026-04-24 14:37:05,47.53,0,CEDI Cali,Cali,Servientrega,KMS47204723,8900,2026-04-24 15:05:39,Entregado,2026-04-24 14:37:05,True,1.0,1.980162037037037,True
PED002848,10,10,2026-01-28 04:12:48,2026-01-29 13:24:54,33.21,0,CEDI Bogotá,Bogotá D.C.,Inter Rapidísimo,KMS25429542,9790,2026-01-29 13:12:48,Entregado,2026-01-29 13:24:54,True,0.0,1.3834027777777778,True
PED002849,10,10,2026-03-21 17:26:08,2026-03-22 23:03:39,29.62,0,CEDI Cali,Cali,Envia,KMS69761980,13900,2026-03-23 10:26:08,Entregado,2026-03-22 23:03:39,True,1.0,1.234386574074074,True
PED002850,10,10,2026-02-06 02:10:40,2026-02-09 12:05:25,81.9,0,CEDI Cali,Cali,TCC,KMS65146909,9900,2026-02-08 02:10:40,Entregado,2026-02-09 12:05:25,True,0.0,3.4130208333333334,True
PED002851,10,10,2026-06-19 00:02:15,2026-06-20 00:02:35,23.990000000000002,0,CEDI Bogotá,Bogotá D.C.,Coordinadora,KMS79736587,11900,2026-06-20 16:02:15,Entregado,2026-06-20 00:02:35,True,1.0,1.0002314814814814,True
PED002852,10,10,2026-06-08 21:23:06,2026-06-10 05:27:49,32.07,0,CEDI Bucaramanga,Bucaramanga,Inter Rapidísimo,KMS75415469,9900,2026-06-11 01:23:06,Entregado,2026-06-10 05:27:49,True,1.0,1.3366087962962963,True
PED002853,10,10,2026-03-27 10:31:04,2026-03-28 18:47:04,32.26,1,CEDI Cali,Cali,Coordinadora,KMS53344828,20790,2026-03-29 03:31:04,Entregado,2026-03-28 18:47:04,True,1.0,1.3444444444444446,True
PED002854,10,10,2026-05-20 23:55:04,2026-05-23 09:15:01,57.33,0,CEDI Medellín,Medellín,Coordinadora,KMS59269666,18900,2026-05-22 21:55:04,Entregado,2026-05-23 09:15:01,True,0.0,2.3888541666666665,True
PED002855,10,10,2026-03-09 08:06:36,2026-03-12 03:11:30,67.09,0,CEDI Cali,Cali,Servientrega,KMS84044782,18900,2026-03-11 08:06:36,Entregado,2026-03-12 03:11:30,True,0.0,2.7950694444444446,True
PED002856,10,10,2026-03-31 16:07:35,2026-04-01 08:20:35,16.22,0,CEDI Bogotá,Bogotá D.C.,TCC,KMS10969433,18900,2026-04-02 01:07:35,Entregado,2026-04-01 08:20:35,True,1.0,0.6756944444444445,True
PED002857,10,10,2026-01-18 23:55:30,2026-01-19 18:56:08,19.02,1,CEDI Medellín,Medellín,Inter Rapidísimo,KMS56200635,11900,2026-01-20 21:55:30,Entregado,2026-01-19 18:56:08,True,1.0,0.7921064814814814,True
PED002858,10,10,2026-04-20 21:41:47,2026-04-22 03:36:52,29.909999999999997,0,CEDI Bogotá,Bogotá D.C.,Servientrega,KMS58698562,11900,2026-04-22 13:41:47,Entregado,2026-04-22 03:36:52,True,1.0,1.246585648148148,True
PED002859,10,10,2026-05-19 17:56:13,2026-05-21 01:45:17,31.8,0,CEDI Cali,Cali,Inter Rapidísimo,KMS93368106,9900,2026-05-21 17:56:13,Entregado,2026-05-21 01:45:17,True,1.0,1.3257407407407407,True
PED002860,10,10,2026-02-16 12:47:06,2026-02-17 20:21:04,31.55,0,CEDI Bogotá,Bogotá D.C.,Servientrega,KMS48137139,18900,2026-02-18 04:47:06,Entregado,2026-02-17 20:21:04,True,1.0,1.3152546296296297,True
PED002861,10,10,2026-03-11 11:25:29,2026-03-12 00:16:13,12.86,0,CEDI Medellín,Medellín,Envia,KMS46356649,11900,2026-03-13 02:25:29,Entregado,2026-03-12 00:16:13,True,1.0,0.5352314814814815,True
PED002862,10,10,2026-01-26 15:43:53,2026-01-28 11:58:27,44.25,0,CEDI Bucaramanga,Bucaramanga,Coordinadora,KMS86876297,9790,2026-01-28 12:43:53,Entregado,2026-01-28 11:58:27,True,1.0,1.843449074074074,True
PED002863,10,10,2026-03-09 00:11:10,2026-03-10 11:16:35,35.1,0,CEDI Cali,Cali,Inter Rapidísimo,KMS50836785,9900,2026-03-11 00:11:10,Entregado,2026-03-10 11:16:35,True,1.0,1.4620949074074074,True
PED002864,10,10,2026-01-06 20:53:37,2026-01-08 04:04:00,31.17,0,CEDI Cali,Cali,Envia,KMS25349822,18900,2026-01-08 20:53:37,Entregado,2026-01-08 04:04:00,True,1.0,1.2988773148148147,True
PED002865,10,10,2026-01-06 11:16:56,2026-01-08 09:04:26,45.79,0,CEDI Barranquilla,Barranquilla,Envia,KMS32327741,13900,2026-01-08 14:16:56,Entregado,2026-01-08 09:04:26,True,1.0,1.9079861111111112,True
PED002866,10,10,2026-03-21 23:09:29,2026-03-23 08:59:50,33.83,0,CEDI Bucaramanga,Bucaramanga,Envia,KMS83312601,13900,2026-03-24 03:09:29,Entregado,2026-03-23 08:59:50,True,1.0,1.4099652777777778,True
PED002867,10,10,2026-02-07 15:17:57,2026-02-09 22:25:31,55.13,0,CEDI Pereira,Pereira,TCC,KMS72208045,18900,2026-02-09 17:17:57,Entregado,2026-02-09 22:25:31,True,0.0,2.296921296296296,True
PED002868,10,10,2026-06-30 15:23:25,2026-07-03 01:50:22,58.45,0,CEDI Cali,Cali,TCC,KMS84833599,15900,2026-07-02 15:23:25,Entregado,2026-07-03 01:50:22,True,0.0,2.4353819444444444,True
PED002869,10,10,2026-06-01 12:04:05,2026-06-03 03:34:13,39.51,1,CEDI Pereira,Pereira,Envia,KMS14441112,13900,2026-06-03 14:04:05,Entregado,2026-06-03 03:34:13,True,1.0,1.645925925925926,True
PED002870,10,10,2026-01-26 22:37:10,2026-01-28 12:12:54,37.589999999999996,0,CEDI Bucaramanga,Bucaramanga,Servientrega,KMS47666068,9900,2026-01-29 02:37:10,Entregado,2026-01-28 12:12:54,True,1.0,1.5664814814814816,True
PED002871,10,10,2026-04-03 00:03:26,2026-04-04 23:07:21,47.07,0,CEDI Bogotá,Bogotá D.C.,Coordinadora,KMS84469686,9900,2026-04-04 16:03:26,Entregado,2026-04-04 23:07:21,True,0.0,1.9610532407407408,True
PED002872,10,10,2026-06-21 15:08:11,2026-06-23 07:08:48,40.02,0,CEDI Medellín,Medellín,Envia,KMS89880861,15900,2026-06-23 13:08:11,Entregado,2026-06-23 07:08:48,True,1.0,1.6670949074074075,True
PED002873,10,10,2026-02-12 05:53:21,2026-02-13 15:07:25,33.22,0,CEDI Bogotá,Bogotá D.C.,Coordinadora,KMS44476498,10890,2026-02-13 21:53:21,Entregado,2026-02-13 15:07:25,True,1.0,1.3847685185185186,True
PED002874,10,10,2026-06-23 01:08:23,2026-06-24 21:23:21,44.26,0,CEDI Bogotá,Bogotá D.C.,Coordinadora,KMS47312867,15900,2026-06-24 17:08:23,Entregado,2026-06-24 21:23:21,True,0.0,1.843726851851852,True
PED002875,10,10,2026-06-29 01:13:57,2026-06-29 23:46:50,22.55,0,CEDI Cali,Cali,Coordinadora,KMS73154501,8900,2026-07-01 01:13:57,Entregado,2026-06-29 23:46:50,True,1.0,0.9395023148148148,True
PED002876,10,10,2026-04-05 23:01:47,2026-04-07 05:27:28,30.42,0,CEDI Bogotá,Bogotá D.C.,Inter Rapidísimo,KMS10807086,9900,2026-04-07 15:01:47,Entregado,2026-04-07 05:27:28,True,1.0,1.267835648148148,True
PED002877,10,10,2026-06-17 04:08:59,2026-06-18 04:34:37,24.43,0,CEDI Bogotá,Bogotá D.C.,TCC,KMS22279689,13090,2026-06-18 20:08:59,Entregado,2026-06-18 04:34:37,True,1.0,1.017800925925926,True
PED002878,10,10,2026-06-17 12:32:02,2026-06-18 13:10:36,24.65,0,CEDI Bogotá,Bogotá D.C.,TCC,KMS27232249,8900,2026-06-19 04:32:02,Entregado,2026-06-18 13:10:36,True,1.0,1.0267824074074074,True
PED002879,10,10,2026-04-21 22:51:15,2026-04-23 16:11:08,41.33,0,CEDI Barranquilla,Barranquilla,TCC,KMS59676058,8900,2026-04-24 01:51:15,Entregado,2026-04-23 16:11:08,True,1.0,1.7221412037037036,True
PED002880,10,10,2026-02-20 11:41:17,2026-02-21 05:35:13,17.91,0,CEDI Bogotá,Bogotá D.C.,Servientrega,KMS90259744,15900,2026-02-21 20:41:17,Entregado,2026-02-21 05:35:13,True,1.0,0.7457870370370371,True
PED002881,10,10,2026-02-06 12:43:22,2026-02-08 08:52:07,44.14,0,CEDI Cali,Cali,Envia,KMS46930227,15900,2026-02-08 05:43:22,Entregado,2026-02-08 08:52:07,True,0.0,1.8394097222222223,True
PED002882,10,10,2026-01-27 20:44:27,2026-01-29 06:26:47,33.71,1,CEDI Cali,Cali,Inter Rapidísimo,KMS29004282,20790,2026-01-29 20:44:27,Entregado,2026-01-29 06:26:47,True,1.0,1.4043981481481482,True
PED002883,9,9,2026-02-21 10:21:31,2026-02-23 00:54:27,28.87,0,CEDI Bogotá,Bogotá D.C.,Coordinadora,KMS69682235,18900,2026-02-23 02:21:31,Entregado,2026-02-23 00:54:27,True,1.0,1.6062037037037038,False
PED002884,10,10,2026-03-15 11:48:12,2026-03-16 17:57:25,30.14,0,CEDI Cali,Cali,TCC,KMS61435531,13900,2026-03-17 11:48:12,Entregado,2026-03-16 17:57:25,True,1.0,1.256400462962963,True
PED002885,10,10,2026-02-03 14:57:08,2026-02-04 02:41:15,11.73,0,CEDI Bogotá,Bogotá D.C.,Coordinadora,KMS53649511,13900,2026-02-04 23:57:08,Entregado,2026-02-04 02:41:15,True,1.0,0.4889699074074074,True
PED002886,10,10,2026-03-24 11:18:38,2026-03-27 11:10:17,71.85,1,CEDI Medellín,Medellín,Coordinadora,KMS89559798,9900,2026-03-26 09:18:38,Entregado,2026-03-27 11:10:17,True,0.0,2.994201388888889,True
PED002887,10,10,2026-03-05 09:09:35,2026-03-07 02:36:49,41.46,0,CEDI Medellín,Medellín,TCC,KMS56199114,13900,2026-03-07 07:09:35,Entregado,2026-03-07 02:36:49,True,1.0,1.7272453703703703,True
PED002888,10,10,2026-04-16 15:43:46,2026-04-18 01:39:27,33.92,0,CEDI Cali,Cali,Servientrega,KMS65048062,9900,2026-04-18 15:43:46,Entregado,2026-04-18 01:39:27,True,1.0,1.4136689814814816,True
PED002889,10,10,2026-06-20 08:30:41,2026-06-21 15:27:59,30.97,0,CEDI Bogotá,Bogotá D.C.,Coordinadora,KMS78699985,8900,2026-06-22 00:30:41,Entregado,2026-06-21 15:27:59,True,1.0,1.2897916666666667,True
PED002890,10,10,2026-01-29 06:57:04,2026-01-31 03:29:45,44.55,1,CEDI Bucaramanga,Bucaramanga,Coordinadora,KMS54757378,13900,2026-01-31 10:57:04,Entregado,2026-01-31 03:29:45,True,1.0,1.8560300925925926,True
PED002891,10,10,2026-06-24 13:19:05,2026-06-25 09:26:17,20.119999999999997,0,CEDI Bogotá,Bogotá D.C.,Servientrega,KMS19706256,10890,2026-06-26 05:19:05,Entregado,2026-06-25 09:26:17,True,1.0,0.8383333333333334,True
PED002892,10,10,2026-01-21 13:21:17,2026-01-22 05:16:27,15.940000000000001,1,CEDI Bogotá,Bogotá D.C.,Envia,KMS27147293,18900,2026-01-23 05:21:17,Entregado,2026-01-22 05:16:27,True,1.0,0.6633101851851851,True
PED002893,10,10,2026-03-28 15:24:55,2026-03-30 09:53:49,42.47,0,CEDI Pereira,Pereira,TCC,KMS70266191,15900,2026-03-30 10:24:55,Entregado,2026-03-30 09:53:49,True,1.0,1.7700694444444445,True
PED002894,10,10,2026-05-05 12:30:29,2026-05-06 23:06:57,34.61,0,CEDI Bucaramanga,Bucaramanga,Inter Rapidísimo,KMS47935935,8900,2026-05-07 16:30:29,Entregado,2026-05-06 23:06:57,True,1.0,1.4419907407407409,True
PED002895,10,10,2026-05-08 21:23:56,2026-05-10 14:25:47,41.03,0,CEDI Medellín,Medellín,Coordinadora,KMS19695453,18900,2026-05-10 19:23:56,Entregado,2026-05-10 14:25:47,True,1.0,1.7096180555555556,True
PED002896,10,10,2026-06-09 12:10:17,2026-06-10 11:22:23,23.19,0,CEDI Bogotá,Bogotá D.C.,Servientrega,KMS45390393,18900,2026-06-11 04:10:17,Entregado,2026-06-10 11:22:23,True,1.0,0.9667361111111111,True
PED002897,10,10,2026-04-11 07:50:26,2026-04-13 00:01:08,40.18,0,CEDI Cali,Cali,TCC,KMS21273684,11900,2026-04-13 07:50:26,Entregado,2026-04-13 00:01:08,True,1.0,1.6740972222222221,True
PED002898,10,10,2026-01-19 12:56:41,2026-01-20 13:55:29,24.990000000000002,0,CEDI Cali,Cali,TCC,KMS85677651,17490,2026-01-21 05:56:41,Entregado,2026-01-20 13:55:29,True,1.0,1.0408333333333333,True
PED002899,10,10,2026-05-21 21:30:12,2026-05-24 06:31:11,57.0,1,CEDI Barranquilla,Barranquilla,Envia,KMS48762491,17490,2026-05-24 07:30:12,Entregado,2026-05-24 06:31:11,True,1.0,2.3756828703703703,True
PED002900,10,10,2026-05-14 08:36:15,2026-05-15 11:40:37,27.07,0,CEDI Cali,Cali,Servientrega,KMS20494093,15290,2026-05-16 01:36:15,Entregado,2026-05-15 11:40:37,True,1.0,1.1280324074074075,True
PED002901,10,10,2026-03-10 11:23:45,2026-03-12 04:43:08,41.32,0,CEDI Medellín,Medellín,Envia,KMS87235258,11900,2026-03-12 09:23:45,Entregado,2026-03-12 04:43:08,True,1.0,1.7217939814814816,True
PED002902,10,10,2026-03-04 10:36:19,2026-03-05 08:41:31,22.080000000000002,0,CEDI Bogotá,Bogotá D.C.,Servientrega,KMS63344756,13900,2026-03-06 02:36:19,Entregado,2026-03-05 08:41:31,True,1.0,0.9202777777777778,True
PED002903,10,10,2026-01-14 16:06:10,2026-01-15 08:35:51,16.5,0,CEDI Cali,Cali,TCC,KMS45981530,13090,2026-01-16 16:06:10,Entregado,2026-01-15 08:35:51,True,1.0,0.6872800925925926,True
PED002904,10,10,2026-03-19 02:39:55,2026-03-20 07:46:25,29.11,0,CEDI Bogotá,Bogotá D.C.,Inter Rapidísimo,KMS70910641,15290,2026-03-20 18:39:55,Entregado,2026-03-20 07:46:25,True,1.0,1.2128472222222222,True
PED002905,10,10,2026-02-22 05:03:40,2026-02-23 05:28:03,24.4,0,CEDI Bogotá,Bogotá D.C.,Coordinadora,KMS13423301,11900,2026-02-23 21:03:40,Entregado,2026-02-23 05:28:03,True,1.0,1.0169328703703704,True
PED002906,9,9,2026-04-04 19:09:27,2026-04-06 12:28:02,32.2,0,CEDI Cali,Cali,TCC,KMS10699162,9900,2026-04-06 19:09:27,Entregado,2026-04-06 12:28:02,True,1.0,1.721238425925926,False
PED002907,10,10,2026-02-18 21:41:27,2026-02-19 23:37:17,25.92,0,CEDI Bogotá,Bogotá D.C.,Envia,KMS93667056,13900,2026-02-20 06:41:27,Entregado,2026-02-19 23:37:17,True,1.0,1.0804398148148149,True
PED002908,10,10,2026-06-17 21:16:12,2026-06-19 04:09:03,30.87,0,CEDI Bogotá,Bogotá D.C.,TCC,KMS76328732,8900,2026-06-19 13:16:12,Entregado,2026-06-19 04:09:03,True,1.0,1.286701388888889,True
PED002909,10,10,2026-03-10 04:47:09,2026-03-12 18:06:48,61.34,0,CEDI Barranquilla,Barranquilla,Coordinadora,KMS46828243,15900,2026-03-12 14:47:09,Entregado,2026-03-12 18:06:48,True,0.0,2.5553125,True
PED002910,10,10,2026-04-01 08:09:17,2026-04-02 17:54:11,33.76,0,CEDI Bogotá,Bogotá D.C.,Coordinadora,KMS51405524,13090,2026-04-03 00:09:17,Entregado,2026-04-02 17:54:11,True,1.0,1.4061805555555555,True
PED002911,10,10,2026-03-06 11:40:58,2026-03-08 05:55:30,42.24,0,CEDI Bogotá,Bogotá D.C.,Envia,KMS98133734,18900,2026-03-08 03:40:58,Entregado,2026-03-08 05:55:30,True,0.0,1.7600925925925925,True
PED002912,10,10,2026-05-30 13:45:52,2026-06-01 01:45:44,36.0,0,CEDI Cali,Cali,TCC,KMS32840687,15900,2026-06-01 13:45:52,Entregado,2026-06-01 01:45:44,True,1.0,1.4999074074074075,True
PED002913,10,10,2026-05-21 11:43:57,2026-05-23 11:06:27,47.37,0,CEDI Cali,Cali,Servientrega,KMS79477251,18900,2026-05-23 11:43:57,Entregado,2026-05-23 11:06:27,True,1.0,1.9739583333333333,True
PED002914,10,10,2026-03-04 14:24:09,2026-03-05 20:30:06,30.099999999999998,0,CEDI Bogotá,Bogotá D.C.,Coordinadora,KMS66547932,11900,2026-03-06 06:24:09,Entregado,2026-03-05 20:30:06,True,1.0,1.2541319444444445,True
PED002915,10,10,2026-02-21 01:46:17,2026-02-22 21:34:54,43.8,0,CEDI Bucaramanga,Bucaramanga,Envia,KMS71812939,15900,2026-02-23 05:46:17,Entregado,2026-02-22 21:34:54,True,1.0,1.8254282407407407,True
PED002916,10,10,2026-02-21 17:55:51,2026-02-23 07:41:18,37.76,0,CEDI Cali,Cali,Coordinadora,KMS90672587,8900,2026-02-23 17:55:51,Entregado,2026-02-23 07:41:18,True,1.0,1.5732291666666667,True
PED002917,10,10,2026-03-17 19:47:14,2026-03-19 04:28:30,32.69,0,CEDI Medellín,Medellín,Servientrega,KMS49912239,11900,2026-03-19 10:47:14,Entregado,2026-03-19 04:28:30,True,1.0,1.3619907407407408,True
PED002918,10,10,2026-06-07 12:17:35,2026-06-10 01:54:57,61.63,1,CEDI Medellín,Medellín,Servientrega,KMS26992656,20790,2026-06-09 10:17:35,Entregado,2026-06-10 01:54:57,True,0.0,2.5676157407407407,True
PED002919,10,10,2026-01-09 03:43:49,2026-01-10 11:03:53,31.34,0,CEDI Barranquilla,Barranquilla,Coordinadora,KMS42941330,18900,2026-01-11 13:43:49,Entregado,2026-01-10 11:03:53,True,1.0,1.305601851851852,True
PED002920,10,10,2026-06-22 15:09:33,2026-06-23 20:04:05,28.92,0,CEDI Bogotá,Bogotá D.C.,Envia,KMS44586043,11900,2026-06-24 07:09:33,Entregado,2026-06-23 20:04:05,True,1.0,1.204537037037037,True
PED002921,10,10,2026-01-15 22:56:50,2026-01-17 11:16:38,36.35,0,CEDI Cali,Cali,Servientrega,KMS89786386,8900,2026-01-17 22:56:50,Entregado,2026-01-17 11:16:38,True,1.0,1.51375,True
PED002922,10,10,2026-03-09 03:19:45,2026-03-11 03:46:13,48.44,0,CEDI Bucaramanga,Bucaramanga,Envia,KMS42108368,13090,2026-03-11 07:19:45,Entregado,2026-03-11 03:46:13,True,1.0,2.0183796296296297,True
PED002923,10,10,2026-05-18 10:36:39,2026-05-19 19:18:49,32.71,0,CEDI Medellín,Medellín,Servientrega,KMS46361659,8900,2026-05-20 01:36:39,Entregado,2026-05-19 19:18:49,True,1.0,1.3626157407407407,True
PED002924,10,10,2026-03-08 02:01:26,2026-03-09 08:43:02,30.689999999999998,0,CEDI Bogotá,Bogotá D.C.,Inter Rapidísimo,KMS11541538,9900,2026-03-09 11:01:26,Entregado,2026-03-09 08:43:02,True,1.0,1.278888888888889,True
PED002925,10,10,2026-04-17 21:58:59,2026-04-19 00:57:10,26.96,0,CEDI Medellín,Medellín,Coordinadora,KMS12812051,9900,2026-04-19 19:58:59,Entregado,2026-04-19 00:57:10,True,1.0,1.123738425925926,True
PED002926,10,10,2026-06-10 00:17:51,2026-06-11 18:23:32,42.089999999999996,0,CEDI Pereira,Pereira,Inter Rapidísimo,KMS22048358,13900,2026-06-12 02:17:51,Entregado,2026-06-11 18:23:32,True,1.0,1.7539467592592592,True
PED002927,10,10,2026-05-18 08:12:27,2026-05-19 22:27:02,38.25,0,CEDI Medellín,Medellín,Inter Rapidísimo,KMS22751796,13090,2026-05-20 06:12:27,Entregado,2026-05-19 22:27:02,True,1.0,1.5934606481481481,True
PED002928,10,10,2026-02-10 16:30:05,2026-02-11 12:17:23,19.78,0,CEDI Bogotá,Bogotá D.C.,Coordinadora,KMS64059443,18900,2026-02-12 08:30:05,Entregado,2026-02-11 12:17:23,True,1.0,0.8245138888888889,True
PED002929,10,10,2026-06-23 17:48:26,2026-06-24 14:11:57,20.39,0,CEDI Cali,Cali,Coordinadora,KMS14607661,8900,2026-06-25 10:48:26,Entregado,2026-06-24 14:11:57,True,1.0,0.8496643518518519,True
PED002930,10,10,2026-06-10 03:20:08,2026-06-11 11:21:18,32.019999999999996,0,CEDI Bucaramanga,Bucaramanga,Envia,KMS50709783,8900,2026-06-12 00:20:08,Entregado,2026-06-11 11:21:18,True,1.0,1.3341435185185184,True
PED002931,10,10,2026-06-20 16:05:39,2026-06-22 08:27:57,40.370000000000005,0,CEDI Bucaramanga,Bucaramanga,Envia,KMS76402384,8900,2026-06-22 20:05:39,Entregado,2026-06-22 08:27:57,True,1.0,1.6821527777777778,True
PED002932,10,10,2026-04-28 09:04:09,2026-04-29 08:55:36,23.85,0,CEDI Bogotá,Bogotá D.C.,Servientrega,KMS89322003,8900,2026-04-29 18:04:09,Entregado,2026-04-29 08:55:36,True,1.0,0.9940625,True
PED002933,10,10,2026-06-20 02:27:18,2026-06-21 18:23:44,39.94,1,CEDI Bogotá,Bogotá D.C.,Envia,KMS40115257,18900,2026-06-21 18:27:18,Entregado,2026-06-21 18:23:44,True,1.0,1.6641898148148149,True
PED002934,10,10,2026-05-27 17:32:56,2026-05-29 07:34:14,38.019999999999996,0,CEDI Pereira,Pereira,Coordinadora,KMS73292605,13900,2026-05-29 19:32:56,Entregado,2026-05-29 07:34:14,True,1.0,1.5842361111111112,True
PED002935,10,10,2026-04-19 00:56:23,2026-04-20 19:19:30,42.38,0,CEDI Medellín,Medellín,Coordinadora,KMS48761185,9790,2026-04-20 22:56:23,Entregado,2026-04-20 19:19:30,True,1.0,1.7660532407407408,True
PED002936,10,10,2026-03-27 07:52:02,2026-03-28 14:31:10,30.64,0,CEDI Pereira,Pereira,TCC,KMS69259071,9790,2026-03-29 02:52:02,Entregado,2026-03-28 14:31:10,True,1.0,1.2771759259259259,True
PED002937,10,10,2026-06-16 09:52:18,2026-06-17 04:23:32,18.53,0,CEDI Bogotá,Bogotá D.C.,Coordinadora,KMS96714344,13900,2026-06-17 18:52:18,Entregado,2026-06-17 04:23:32,True,1.0,0.7716898148148148,True
PED002938,10,10,2026-02-13 21:08:04,2026-02-15 17:18:50,44.17,1,CEDI Cali,Cali,Envia,KMS91934148,9900,2026-02-15 21:08:04,Entregado,2026-02-15 17:18:50,True,1.0,1.8408101851851852,True
PED002939,10,10,2026-03-22 22:25:15,2026-03-24 09:13:57,34.81,1,CEDI Barranquilla,Barranquilla,TCC,KMS66106738,17490,2026-03-25 01:25:15,Entregado,2026-03-24 09:13:57,True,1.0,1.4504861111111111,True
PED002940,10,10,2026-01-13 13:02:11,2026-01-14 14:08:35,25.09,1,CEDI Bogotá,Bogotá D.C.,Inter Rapidísimo,KMS25759271,18900,2026-01-15 05:02:11,Entregado,2026-01-14 14:08:35,True,1.0,1.0461111111111112,True
PED002941,10,10,2026-04-12 04:37:16,2026-04-13 17:11:39,36.57,0,CEDI Bogotá,Bogotá D.C.,Coordinadora,KMS91277747,9900,2026-04-13 20:37:16,Entregado,2026-04-13 17:11:39,True,1.0,1.5238773148148148,True
PED002942,10,10,2026-05-05 12:11:52,2026-05-07 06:34:32,42.37,0,CEDI Bogotá,Bogotá D.C.,Coordinadora,KMS56985710,15900,2026-05-07 04:11:52,Entregado,2026-05-07 06:34:32,True,0.0,1.7657407407407408,True
PED002943,10,10,2026-06-22 00:36:55,2026-06-23 04:26:18,27.82,0,CEDI Bogotá,Bogotá D.C.,Envia,KMS37445145,8900,2026-06-23 16:36:55,Entregado,2026-06-23 04:26:18,True,1.0,1.1592939814814816,True
PED002944,10,10,2026-01-25 09:20:10,2026-01-27 00:31:00,39.19,0,CEDI Cali,Cali,Coordinadora,KMS83651081,13900,2026-01-27 09:20:10,Entregado,2026-01-27 00:31:00,True,1.0,1.6325231481481481,True
PED002945,10,10,2026-03-11 09:20:49,2026-03-11 20:00:53,10.65,0,CEDI Bogotá,Bogotá D.C.,TCC,KMS27888369,11900,2026-03-12 18:20:49,Entregado,2026-03-11 20:00:53,True,1.0,0.44449074074074074,True
PED002946,10,10,2026-04-26 08:42:14,2026-04-27 08:20:02,23.63,1,CEDI Bogotá,Bogotá D.C.,TCC,KMS96622042,11900,2026-04-28 00:42:14,Entregado,2026-04-27 08:20:02,True,1.0,0.9845833333333334,True
PED002947,10,10,2026-04-04 08:55:36,2026-04-05 21:24:59,36.48,0,CEDI Bogotá,Bogotá D.C.,Coordinadora,KMS98434618,11900,2026-04-06 00:55:36,Entregado,2026-04-05 21:24:59,True,1.0,1.5204050925925925,True
PED002948,10,10,2026-06-11 11:29:40,2026-06-13 06:04:51,42.58,0,CEDI Pereira,Pereira,Inter Rapidísimo,KMS70533999,13900,2026-06-13 13:29:40,Entregado,2026-06-13 06:04:51,True,1.0,1.7744328703703705,True
PED002949,10,10,2026-06-05 21:28:25,2026-06-07 03:19:53,29.87,0,CEDI Medellín,Medellín,Servientrega,KMS69558851,10890,2026-06-07 19:28:25,Entregado,2026-06-07 03:19:53,True,1.0,1.244074074074074,True
PED002950,10,10,2026-01-26 20:18:34,2026-01-28 13:34:42,41.27,0,CEDI Pereira,Pereira,Envia,KMS71302800,15290,2026-01-28 22:18:34,Entregado,2026-01-28 13:34:42,True,1.0,1.719537037037037,True
PED002951,10,10,2026-04-21 09:43:25,2026-04-22 11:56:54,26.23,0,CEDI Bogotá,Bogotá D.C.,Servientrega,KMS95478822,9900,2026-04-23 01:43:25,Entregado,2026-04-22 11:56:54,True,1.0,1.0926967592592594,True
PED002952,10,10,2026-01-11 21:41:33,2026-01-13 07:33:07,33.85,0,CEDI Bucaramanga,Bucaramanga,Coordinadora,KMS65428343,8900,2026-01-14 01:41:33,Entregado,2026-01-13 07:33:07,True,1.0,1.410810185185185,True
PED002953,10,10,2026-05-16 16:00:33,2026-05-18 13:18:33,45.3,0,CEDI Bogotá,Bogotá D.C.,Servientrega,KMS31264489,9790,2026-05-18 01:00:33,Entregado,2026-05-18 13:18:33,True,0.0,1.8875,True
PED002954,10,10,2026-01-05 18:10:29,2026-01-07 05:54:45,35.730000000000004,0,CEDI Cali,Cali,Envia,KMS73951348,8900,2026-01-07 18:10:29,Entregado,2026-01-07 05:54:45,True,1.0,1.489074074074074,True
PED002955,10,10,2026-04-28 10:59:37,2026-04-29 09:58:28,22.98,0,CEDI Medellín,Medellín,Servientrega,KMS45235106,17490,2026-04-30 01:59:37,Entregado,2026-04-29 09:58:28,True,1.0,0.9575347222222222,True
PED002956,10,10,2026-05-23 19:19:25,2026-05-24 10:57:33,15.64,1,CEDI Bogotá,Bogotá D.C.,Envia,KMS43379470,10890,2026-05-25 11:19:25,Entregado,2026-05-24 10:57:33,True,1.0,0.6514814814814814,True
PED002957,9,9,2026-03-02 22:20:09,2026-03-04 06:15:20,25.36,0,CEDI Bogotá,Bogotá D.C.,Envia,KMS14842577,15900,2026-03-04 14:20:09,Entregado,2026-03-04 06:15:20,True,1.0,1.329988425925926,False
PED002958,10,10,2026-06-04 03:44:00,2026-06-05 06:01:09,26.29,0,CEDI Pereira,Pereira,Coordinadora,KMS29225966,15900,2026-06-05 22:44:00,Entregado,2026-06-05 06:01:09,True,1.0,1.0952430555555555,True
PED002959,10,10,2026-02-20 13:41:44,2026-02-21 21:40:22,31.98,0,CEDI Bogotá,Bogotá D.C.,Servientrega,KMS17620806,17490,2026-02-22 05:41:44,Entregado,2026-02-21 21:40:22,True,1.0,1.3323842592592592,True
PED002960,10,10,2026-02-21 14:08:39,2026-02-22 23:37:14,33.480000000000004,0,CEDI Medellín,Medellín,Servientrega,KMS11777788,11900,2026-02-23 12:08:39,Entregado,2026-02-22 23:37:14,True,1.0,1.394849537037037,True
PED002961,10,10,2026-01-29 01:48:31,2026-01-30 06:08:17,28.34,0,CEDI Cali,Cali,Envia,KMS34076119,9790,2026-01-31 01:48:31,Entregado,2026-01-30 06:08:17,True,1.0,1.1803935185185186,True
PED002962,10,10,2026-06-14 09:09:47,2026-06-15 17:53:49,32.75,0,CEDI Medellín,Medellín,Envia,KMS83241177,9900,2026-06-16 00:09:47,Entregado,2026-06-15 17:53:49,True,1.0,1.363912037037037,True
PED002963,10,10,2026-04-03 17:38:32,2026-04-04 15:52:26,22.24,0,CEDI Cali,Cali,Envia,KMS63373167,11900,2026-04-05 10:38:32,Entregado,2026-04-04 15:52:26,True,1.0,0.9263194444444445,True
PED002964,10,10,2026-01-31 05:13:45,2026-02-01 16:33:59,35.339999999999996,1,CEDI Medellín,Medellín,Envia,KMS94844237,17490,2026-02-01 20:13:45,Entregado,2026-02-01 16:33:59,True,1.0,1.4723842592592593,True
PED002965,10,10,2026-01-12 14:31:08,2026-01-13 20:17:26,29.78,1,CEDI Cali,Cali,Servientrega,KMS53872981,11900,2026-01-14 07:31:08,Entregado,2026-01-13 20:17:26,True,1.0,1.2404861111111112,True
PED002966,10,10,2026-01-05 08:31:13,2026-01-06 12:04:36,27.55,0,CEDI Pereira,Pereira,Envia,KMS32046463,9900,2026-01-07 10:31:13,Entregado,2026-01-06 12:04:36,True,1.0,1.1481828703703705,True
PED002967,10,10,2026-01-24 02:54:47,2026-01-24 22:57:29,20.060000000000002,0,CEDI Medellín,Medellín,TCC,KMS43018286,11900,2026-01-25 17:54:47,Entregado,2026-01-24 22:57:29,True,1.0,0.8352083333333333,True
PED002968,10,10,2026-01-19 22:47:32,2026-01-20 13:23:51,14.6,0,CEDI Bogotá,Bogotá D.C.,Servientrega,KMS22659344,8900,2026-01-21 07:47:32,Entregado,2026-01-20 13:23:51,True,1.0,0.6085532407407407,True
PED002969,10,10,2026-06-03 09:37:28,2026-06-05 06:17:42,44.68,0,CEDI Bogotá,Bogotá D.C.,Coordinadora,KMS49303882,13090,2026-06-05 01:37:28,Entregado,2026-06-05 06:17:42,True,0.0,1.8612731481481481,True
PED002970,10,10,2026-01-06 13:57:56,2026-01-07 14:26:21,24.47,1,CEDI Medellín,Medellín,TCC,KMS43211257,11900,2026-01-08 11:57:56,Entregado,2026-01-07 14:26:21,True,1.0,1.0197337962962962,True
PED002971,10,10,2026-04-06 04:21:42,2026-04-07 10:54:51,30.54,1,CEDI Pereira,Pereira,Servientrega,KMS15151739,15900,2026-04-07 23:21:42,Entregado,2026-04-07 10:54:51,True,1.0,1.2730208333333333,True
PED002972,10,10,2026-06-26 08:20:19,2026-06-28 18:53:33,58.56,0,CEDI Bucaramanga,Bucaramanga,Envia,KMS76204509,11900,2026-06-28 12:20:19,Entregado,2026-06-28 18:53:33,True,0.0,2.43974537037037,True
PED002973,10,10,2026-05-06 06:42:14,2026-05-07 04:42:20,22.0,1,CEDI Bogotá,Bogotá D.C.,Inter Rapidísimo,KMS10473475,9790,2026-05-07 22:42:14,Entregado,2026-05-07 04:42:20,True,1.0,0.9167361111111111,True
PED002974,10,10,2026-02-18 04:54:35,2026-02-20 04:11:40,47.29,0,CEDI Bucaramanga,Bucaramanga,TCC,KMS39364600,11900,2026-02-20 08:54:35,Entregado,2026-02-20 04:11:40,True,1.0,1.9701967592592593,True
PED002975,10,10,2026-04-12 18:51:54,2026-04-13 22:07:12,27.25,1,CEDI Cali,Cali,TCC,KMS68493732,15290,2026-04-14 18:51:54,Entregado,2026-04-13 22:07:12,True,1.0,1.135625,True
PED002976,10,10,2026-06-04 14:01:31,2026-06-05 23:13:55,33.22,1,CEDI Bogotá,Bogotá D.C.,Coordinadora,KMS55517634,8900,2026-06-06 06:01:31,Entregado,2026-06-05 23:13:55,True,1.0,1.3836111111111111,True
PED002977,10,10,2026-02-14 06:03:24,2026-02-17 08:38:58,74.6,0,CEDI Barranquilla,Barranquilla,Envia,KMS44455837,18900,2026-02-16 16:03:24,Entregado,2026-02-17 08:38:58,True,0.0,3.1080324074074075,True
PED002978,9,9,2026-01-04 20:53:32,2026-01-06 01:53:08,22.82,0,CEDI Bogotá,Bogotá D.C.,Envia,KMS81903085,13090,2026-01-06 12:53:32,Entregado,2026-01-06 01:53:08,True,1.0,1.2080555555555557,False
PED002979,10,10,2026-05-20 16:08:02,2026-05-21 17:53:15,25.740000000000002,0,CEDI Pereira,Pereira,Envia,KMS68423478,9900,2026-05-22 11:08:02,Entregado,2026-05-21 17:53:15,True,1.0,1.0730671296296297,True
PED002980,10,10,2026-03-06 11:47:46,2026-03-07 13:32:03,25.74,0,CEDI Bogotá,Bogotá D.C.,Envia,KMS79165902,20790,2026-03-07 20:47:46,Entregado,2026-03-07 13:32:03,True,1.0,1.0724189814814815,True
PED002981,10,10,2026-04-04 11:23:03,2026-04-05 15:15:37,27.88,0,CEDI Bogotá,Bogotá D.C.,Inter Rapidísimo,KMS19298903,8900,2026-04-06 03:23:03,Entregado,2026-04-05 15:15:37,True,1.0,1.1615046296296296,True
PED002982,10,10,2026-04-25 23:09:03,2026-04-26 19:47:46,20.64,0,CEDI Bogotá,Bogotá D.C.,Envia,KMS85878256,10890,2026-04-27 15:09:03,Entregado,2026-04-26 19:47:46,True,1.0,0.8602199074074074,True
PED002983,10,10,2026-01-22 09:31:47,2026-01-24 07:19:12,45.78,0,CEDI Bogotá,Bogotá D.C.,Servientrega,KMS75191508,8900,2026-01-24 01:31:47,Entregado,2026-01-24 07:19:12,True,0.0,1.9079282407407407,True
PED002984,10,10,2026-04-18 10:03:01,2026-04-19 01:40:48,15.64,0,CEDI Bogotá,Bogotá D.C.,Coordinadora,KMS19193988,17490,2026-04-19 19:03:01,Entregado,2026-04-19 01:40:48,True,1.0,0.651238425925926,True
PED002985,10,10,2026-01-01 12:41:02,2026-01-03 09:52:27,45.17,0,CEDI Cali,Cali,Servientrega,KMS39984341,11900,2026-01-03 12:41:02,Entregado,2026-01-03 09:52:27,True,1.0,1.8829282407407408,True
PED002986,10,10,2026-06-08 11:20:16,2026-06-10 00:43:12,37.379999999999995,0,CEDI Cali,Cali,Envia,KMS10012293,8900,2026-06-10 11:20:16,Entregado,2026-06-10 00:43:12,True,1.0,1.5575925925925926,True
PED002987,10,10,2026-02-05 06:57:00,2026-02-06 04:58:53,22.02,0,CEDI Medellín,Medellín,Coordinadora,KMS46251458,8900,2026-02-06 21:57:00,Entregado,2026-02-06 04:58:53,True,1.0,0.917974537037037,True
PED002988,10,10,2026-02-01 20:58:46,2026-02-04 11:38:10,62.67,0,CEDI Medellín,Medellín,Servientrega,KMS22817372,9900,2026-02-03 18:58:46,Entregado,2026-02-04 11:38:10,True,0.0,2.6106944444444444,True
PED002989,10,10,2026-02-03 01:08:46,2026-02-04 19:50:02,42.69,0,CEDI Bucaramanga,Bucaramanga,Coordinadora,KMS48459545,13090,2026-02-05 05:08:46,Entregado,2026-02-04 19:50:02,True,1.0,1.7786574074074073,True
PED002990,10,10,2026-02-22 11:17:36,2026-02-24 04:30:32,41.21,0,CEDI Cali,Cali,Inter Rapidísimo,KMS98745750,9900,2026-02-24 11:17:36,Entregado,2026-02-24 04:30:32,True,1.0,1.7173148148148147,True
PED002991,10,10,2026-02-08 12:01:03,2026-02-09 14:39:31,26.66,0,CEDI Bogotá,Bogotá D.C.,Inter Rapidísimo,KMS82499020,8900,2026-02-10 04:01:03,Entregado,2026-02-09 14:39:31,True,1.0,1.1100462962962963,True
PED002992,10,10,2026-02-24 18:43:39,2026-02-26 08:36:46,37.88,0,CEDI Bucaramanga,Bucaramanga,Envia,KMS25809715,18900,2026-02-26 22:43:39,Entregado,2026-02-26 08:36:46,True,1.0,1.5785532407407408,True
PED002993,10,10,2026-05-02 08:40:43,2026-05-03 08:04:10,23.39,0,CEDI Medellín,Medellín,TCC,KMS64001509,17490,2026-05-03 23:40:43,Entregado,2026-05-03 08:04:10,True,1.0,0.9746180555555556,True
PED002994,10,10,2026-01-30 19:30:35,2026-02-01 04:06:24,32.589999999999996,0,CEDI Medellín,Medellín,Envia,KMS86732684,10890,2026-02-01 17:30:35,Entregado,2026-02-01 04:06:24,True,1.0,1.3582060185185185,True
PED002995,10,10,2026-02-11 07:21:20,2026-02-13 07:32:38,48.19,0,CEDI Cali,Cali,Servientrega,KMS99948146,11900,2026-02-13 07:21:20,Entregado,2026-02-13 07:32:38,True,0.0,2.0078472222222223,True
PED002996,10,10,2026-05-20 16:07:17,2026-05-22 15:41:16,47.57,0,CEDI Cali,Cali,Envia,KMS36599588,9900,2026-05-22 16:07:17,Entregado,2026-05-22 15:41:16,True,1.0,1.9819328703703705,True
PED002997,10,10,2026-02-17 01:11:30,2026-02-18 09:39:51,32.47,0,CEDI Medellín,Medellín,TCC,KMS30558204,11900,2026-02-18 23:11:30,Entregado,2026-02-18 09:39:51,True,1.0,1.3530208333333333,True
PED002998,10,10,2026-06-25 04:31:35,2026-06-26 08:16:12,27.759999999999998,0,CEDI Medellín,Medellín,Servientrega,KMS40506028,8900,2026-06-27 02:31:35,Entregado,2026-06-26 08:16:12,True,1.0,1.1559837962962962,True
PED002999,10,10,2026-03-30 00:26:38,2026-03-31 14:33:31,38.11,0,CEDI Barranquilla,Barranquilla,Coordinadora,KMS64370202,9790,2026-04-01 10:26:38,Entregado,2026-03-31 14:33:31,True,1.0,1.588113425925926,True
PED003000,10,10,2026-01-10 21:09:39,2026-01-12 12:49:29,39.66,0,CEDI Cali,Cali,Servientrega,KMS73223930,9900,2026-01-12 21:09:39,Entregado,2026-01-12 12:49:29,True,1.0,1.652662037037037,True
PED003001,10,10,2026-06-09 23:41:32,2026-06-11 19:56:14,44.24,1,CEDI Bucaramanga,Bucaramanga,Envia,KMS56266005,8900,2026-06-12 03:41:32,Entregado,2026-06-11 19:56:14,True,1.0,1.8435416666666666,True
PED003002,10,10,2026-01-29 04:27:24,2026-01-30 09:07:45,28.659999999999997,0,CEDI Bogotá,Bogotá D.C.,Servientrega,KMS13423956,11900,2026-01-30 20:27:24,Entregado,2026-01-30 09:07:45,True,1.0,1.1946875,True
PED003003,10,10,2026-05-12 06:59:45,2026-05-14 14:21:19,55.37,0,CEDI Bucaramanga,Bucaramanga,TCC,KMS56997220,17490,2026-05-14 10:59:45,Entregado,2026-05-14 14:21:19,True,0.0,2.3066435185185186,True
PED003004,10,10,2026-01-21 06:32:25,2026-01-22 21:03:30,38.510000000000005,0,CEDI Bucaramanga,Bucaramanga,Servientrega,KMS83577759,9900,2026-01-23 10:32:25,Entregado,2026-01-22 21:03:30,True,1.0,1.6049189814814815,True
PED003005,10,10,2026-01-10 10:52:55,2026-01-11 19:00:31,32.13,0,CEDI Bucaramanga,Bucaramanga,Inter Rapidísimo,KMS11138645,18900,2026-01-12 07:52:55,Entregado,2026-01-11 19:00:31,True,1.0,1.3386111111111112,True
PED003006,10,10,2026-02-06 06:47:06,2026-02-07 05:41:13,22.89,0,CEDI Bogotá,Bogotá D.C.,Inter Rapidísimo,KMS48965749,8900,2026-02-07 22:47:06,Entregado,2026-02-07 05:41:13,True,1.0,0.9542476851851852,True
PED003007,10,10,2026-02-10 09:13:11,2026-02-11 12:19:50,27.11,0,CEDI Medellín,Medellín,Inter Rapidísimo,KMS60443643,18900,2026-02-12 07:13:11,Entregado,2026-02-11 12:19:50,True,1.0,1.1296180555555555,True
PED003008,10,10,2026-04-19 02:53:58,2026-04-21 13:24:31,58.5,0,CEDI Cali,Cali,Inter Rapidísimo,KMS36384209,8900,2026-04-21 02:53:58,Entregado,2026-04-21 13:24:31,True,0.0,2.4378819444444444,True
PED003009,10,10,2026-03-23 20:30:05,2026-03-26 04:28:33,55.98,0,CEDI Bucaramanga,Bucaramanga,Coordinadora,KMS27107603,13900,2026-03-26 00:30:05,Entregado,2026-03-26 04:28:33,True,0.0,2.3322685185185184,True
PED003010,9,9,2026-06-09 15:32:48,2026-06-10 01:32:48,9.35,0,CEDI Bogotá,Bogotá D.C.,TCC,KMS62006691,9900,2026-06-11 07:32:48,Entregado,2026-06-10 01:32:48,True,1.0,0.4166666666666667,False
PED003011,10,10,2026-05-01 21:27:57,2026-05-02 16:10:08,18.71,0,CEDI Bogotá,Bogotá D.C.,Coordinadora,KMS96764155,15290,2026-05-03 06:27:57,Entregado,2026-05-02 16:10:08,True,1.0,0.7792939814814814,True
PED003012,10,10,2026-01-07 12:50:28,2026-01-08 19:03:02,30.21,0,CEDI Bucaramanga,Bucaramanga,Envia,KMS68686736,10890,2026-01-09 09:50:28,Entregado,2026-01-08 19:03:02,True,1.0,1.258726851851852,True
PED003013,10,10,2026-06-11 02:25:59,2026-06-14 03:26:26,73.0,1,CEDI Bogotá,Bogotá D.C.,Coordinadora,KMS84544105,9900,2026-06-12 18:25:59,Entregado,2026-06-14 03:26:26,True,0.0,3.0419791666666667,True
PED003014,10,10,2026-06-20 22:02:00,2026-06-22 21:47:19,47.760000000000005,1,CEDI Barranquilla,Barranquilla,Coordinadora,KMS56640981,15900,2026-06-23 08:02:00,Entregado,2026-06-22 21:47:19,True,1.0,1.9898032407407407,True
PED003015,10,10,2026-02-20 04:09:31,2026-02-21 07:11:36,27.04,0,CEDI Pereira,Pereira,Servientrega,KMS51724893,13900,2026-02-22 06:09:31,Entregado,2026-02-21 07:11:36,True,1.0,1.1264467592592593,True
PED003016,10,10,2026-02-19 03:28:46,2026-02-20 14:20:53,34.87,0,CEDI Cali,Cali,Coordinadora,KMS64209919,8900,2026-02-21 03:28:46,Entregado,2026-02-20 14:20:53,True,1.0,1.4528587962962962,True
PED003017,10,10,2026-06-04 15:01:40,2026-06-06 00:41:44,33.67,0,CEDI Medellín,Medellín,Inter Rapidísimo,KMS17355299,15290,2026-06-06 13:01:40,Entregado,2026-06-06 00:41:44,True,1.0,1.402824074074074,True
PED003018,10,10,2026-04-03 21:24:33,2026-04-06 04:30:19,55.09,0,CEDI Bogotá,Bogotá D.C.,TCC,KMS18886767,9900,2026-04-05 13:24:33,Entregado,2026-04-06 04:30:19,True,0.0,2.2956712962962964,True
PED003019,10,10,2026-03-04 12:54:36,2026-03-06 05:07:44,40.21,0,CEDI Cali,Cali,Envia,KMS77574063,15900,2026-03-06 12:54:36,Entregado,2026-03-06 05:07:44,True,1.0,1.6757870370370371,True
PED003020,10,10,2026-03-27 02:07:01,2026-03-28 08:41:37,30.58,0,CEDI Cali,Cali,Servientrega,KMS94525744,9790,2026-03-29 02:07:01,Entregado,2026-03-28 08:41:37,True,1.0,1.2740277777777778,True
PED003021,10,10,2026-05-09 08:58:13,2026-05-11 04:05:56,43.14,0,CEDI Barranquilla,Barranquilla,Servientrega,KMS87804751,15900,2026-05-11 18:58:13,Entregado,2026-05-11 04:05:56,True,1.0,1.797025462962963,True
PED003022,10,10,2026-06-07 04:21:53,2026-06-08 23:18:55,42.95,0,CEDI Bogotá,Bogotá D.C.,Servientrega,KMS15529584,15900,2026-06-08 13:21:53,Entregado,2026-06-08 23:18:55,True,0.0,1.7896064814814814,True
PED003023,10,10,2026-05-09 10:21:02,2026-05-10 04:59:10,18.65,0,CEDI Medellín,Medellín,TCC,KMS24315637,11900,2026-05-11 01:21:02,Entregado,2026-05-10 04:59:10,True,1.0,0.7764814814814814,True
PED003024,10,10,2026-05-05 18:30:06,2026-05-06 16:01:02,21.53,0,CEDI Bogotá,Bogotá D.C.,Servientrega,KMS80181295,9900,2026-05-07 03:30:06,Entregado,2026-05-06 16:01:02,True,1.0,0.8964814814814814,True
PED003025,10,10,2026-06-30 16:23:01,2026-07-01 22:39:06,30.28,1,CEDI Medellín,Medellín,Coordinadora,KMS11198443,11900,2026-07-02 07:23:01,Entregado,2026-07-01 22:39:06,True,1.0,1.2611689814814815,True
PED003026,10,10,2026-03-28 17:29:24,2026-03-30 04:50:13,35.35,0,CEDI Pereira,Pereira,Coordinadora,KMS64286263,13900,2026-03-30 19:29:24,Entregado,2026-03-30 04:50:13,True,1.0,1.4727893518518518,True
PED003027,10,10,2026-01-07 08:28:06,2026-01-08 20:56:37,36.47,0,CEDI Cali,Cali,TCC,KMS95032601,9900,2026-01-09 08:28:06,Entregado,2026-01-08 20:56:37,True,1.0,1.5198032407407407,True
PED003028,10,10,2026-04-13 23:40:07,2026-04-15 12:54:59,37.25,1,CEDI Bogotá,Bogotá D.C.,Coordinadora,KMS44599070,9900,2026-04-15 15:40:07,Entregado,2026-04-15 12:54:59,True,1.0,1.5519907407407407,True
PED003029,10,10,2026-03-12 01:31:02,2026-03-12 22:25:30,20.91,0,CEDI Bogotá,Bogotá D.C.,Servientrega,KMS57394719,15900,2026-03-13 10:31:02,Entregado,2026-03-12 22:25:30,True,1.0,0.8711574074074074,True
PED003030,10,10,2026-01-16 17:05:18,2026-01-17 03:05:18,9.99,0,CEDI Bogotá,Bogotá D.C.,TCC,KMS58715873,13090,2026-01-18 02:05:18,Entregado,2026-01-17 03:05:18,True,1.0,0.4166666666666667,True
PED003031,10,10,2026-01-15 12:04:57,2026-01-16 21:23:58,33.33,0,CEDI Medellín,Medellín,Inter Rapidísimo,KMS70681739,15900,2026-01-17 10:04:57,Entregado,2026-01-16 21:23:58,True,1.0,1.3882060185185185,True
PED003032,10,10,2026-03-12 22:47:21,2026-03-14 17:22:55,42.58,0,CEDI Bogotá,Bogotá D.C.,Envia,KMS87141965,11900,2026-03-14 14:47:21,Entregado,2026-03-14 17:22:55,True,0.0,1.774699074074074,True
PED003033,10,10,2026-06-10 23:20:52,2026-06-12 14:57:01,39.6,0,CEDI Medellín,Medellín,Inter Rapidísimo,KMS66595417,18900,2026-06-12 21:20:52,Entregado,2026-06-12 14:57:01,True,1.0,1.6501041666666667,True
PED003034,9,9,2026-04-07 05:07:22,2026-04-09 06:01:58,40.43,1,CEDI Cali,Cali,TCC,KMS29418262,15900,2026-04-08 22:07:22,Entregado,2026-04-09 06:01:58,True,0.0,2.037916666666667,False
PED003035,10,10,2026-05-12 05:54:04,2026-05-13 04:51:03,22.95,0,CEDI Bogotá,Bogotá D.C.,Coordinadora,KMS26507907,18900,2026-05-13 14:54:04,Entregado,2026-05-13 04:51:03,True,1.0,0.9562384259259259,True
PED003036,10,10,2026-03-24 17:24:31,2026-03-26 01:12:44,31.810000000000002,0,CEDI Bogotá,Bogotá D.C.,Servientrega,KMS39341261,17490,2026-03-26 09:24:31,Entregado,2026-03-26 01:12:44,True,1.0,1.325150462962963,True
PED003037,10,10,2026-06-30 12:07:56,2026-07-02 10:41:09,46.55,0,CEDI Pereira,Pereira,Envia,KMS57902353,13090,2026-07-02 14:07:56,Entregado,2026-07-02 10:41:09,True,1.0,1.9397337962962964,True
PED003038,10,10,2026-04-21 23:52:11,2026-04-23 17:49:39,41.96,0,CEDI Medellín,Medellín,Inter Rapidísimo,KMS35891926,9900,2026-04-23 21:52:11,Entregado,2026-04-23 17:49:39,True,1.0,1.7482407407407408,True
PED003039,10,10,2026-05-25 10:29:32,2026-05-27 00:33:14,38.07,0,CEDI Bucaramanga,Bucaramanga,Envia,KMS11915261,11900,2026-05-27 14:29:32,Entregado,2026-05-27 00:33:14,True,1.0,1.5859027777777779,True
PED003040,10,10,2026-03-01 11:14:11,2026-03-02 21:26:30,34.2,0,CEDI Bogotá,Bogotá D.C.,TCC,KMS32478160,8900,2026-03-03 03:14:11,Entregado,2026-03-02 21:26:30,True,1.0,1.4252199074074074,True
PED003041,10,10,2026-06-25 23:05:37,2026-06-27 06:58:14,31.87,1,CEDI Pereira,Pereira,Servientrega,KMS90809134,18900,2026-06-27 18:05:37,Entregado,2026-06-27 06:58:14,True,1.0,1.3282060185185185,True
PED003042,10,10,2026-03-04 14:04:24,2026-03-06 10:40:05,44.6,0,CEDI Bucaramanga,Bucaramanga,Coordinadora,KMS58959290,17490,2026-03-06 11:04:24,Entregado,2026-03-06 10:40:05,True,1.0,1.858113425925926,True
PED003043,10,10,2026-06-10 01:33:18,2026-06-11 15:22:13,37.81,0,CEDI Bogotá,Bogotá D.C.,Coordinadora,KMS58605125,9900,2026-06-11 17:33:18,Entregado,2026-06-11 15:22:13,True,1.0,1.575636574074074,True
PED003044,10,10,2026-05-29 00:10:25,2026-05-30 13:13:54,37.04,1,CEDI Pereira,Pereira,Coordinadora,KMS46769861,8900,2026-05-31 02:10:25,Entregado,2026-05-30 13:13:54,True,1.0,1.5440856481481482,True
PED003045,10,10,2026-01-19 14:27:30,2026-01-21 06:26:43,39.989999999999995,1,CEDI Cali,Cali,Servientrega,KMS20143086,9900,2026-01-21 14:27:30,Entregado,2026-01-21 06:26:43,True,1.0,1.6661226851851851,True
PED003046,10,10,2026-02-21 22:30:44,2026-02-22 20:46:51,22.259999999999998,0,CEDI Bogotá,Bogotá D.C.,Coordinadora,KMS78448182,13900,2026-02-23 14:30:44,Entregado,2026-02-22 20:46:51,True,1.0,0.9278587962962963,True
PED003047,10,10,2026-06-18 13:30:34,2026-06-19 04:30:01,15.0,0,CEDI Bogotá,Bogotá D.C.,Inter Rapidísimo,KMS10332489,18900,2026-06-19 22:30:34,Entregado,2026-06-19 04:30:01,True,1.0,0.6246180555555556,True
PED003048,10,10,2026-03-26 13:44:46,2026-03-27 22:41:00,32.93,0,CEDI Medellín,Medellín,TCC,KMS98729051,15290,2026-03-28 11:44:46,Entregado,2026-03-27 22:41:00,True,1.0,1.3723842592592592,True
PED003049,10,10,2026-06-24 11:45:17,2026-06-25 18:05:24,30.35,0,CEDI Bogotá,Bogotá D.C.,Coordinadora,KMS35821165,15290,2026-06-26 03:45:17,Entregado,2026-06-25 18:05:24,True,1.0,1.2639699074074073,True
PED003050,10,10,2026-05-31 01:41:29,2026-06-01 11:32:34,33.85,0,CEDI Barranquilla,Barranquilla,Servientrega,KMS73163612,18900,2026-06-02 11:41:29,Entregado,2026-06-01 11:32:34,True,1.0,1.410474537037037,True
PED003051,10,10,2026-06-04 13:16:42,2026-06-05 16:05:18,26.8,0,CEDI Bucaramanga,Bucaramanga,Coordinadora,KMS34132663,11900,2026-06-06 10:16:42,Entregado,2026-06-05 16:05:18,True,1.0,1.1170833333333334,True
PED003052,10,10,2026-03-20 01:49:41,2026-03-21 06:58:07,29.150000000000002,1,CEDI Bucaramanga,Bucaramanga,Servientrega,KMS98782784,11900,2026-03-21 22:49:41,Entregado,2026-03-21 06:58:07,True,1.0,1.214189814814815,True
PED003053,10,10,2026-04-21 16:04:35,2026-04-22 11:35:19,19.5,0,CEDI Bogotá,Bogotá D.C.,Envia,KMS15078085,20790,2026-04-23 08:04:35,Entregado,2026-04-22 11:35:19,True,1.0,0.8130092592592593,True
PED003054,10,10,2026-05-30 01:25:14,2026-05-31 10:35:38,33.17,0,CEDI Bogotá,Bogotá D.C.,Envia,KMS71760051,15290,2026-05-31 17:25:14,Entregado,2026-05-31 10:35:38,True,1.0,1.3822222222222222,True
PED003055,10,10,2026-01-26 07:10:32,2026-01-28 12:31:25,53.35,0,CEDI Cali,Cali,Inter Rapidísimo,KMS48445413,13090,2026-01-28 07:10:32,Entregado,2026-01-28 12:31:25,True,0.0,2.222835648148148,True
PED003056,10,10,2026-05-12 07:11:32,2026-05-13 13:51:32,30.68,0,CEDI Cali,Cali,Envia,KMS54988846,10890,2026-05-14 00:11:32,Entregado,2026-05-13 13:51:32,True,1.0,1.2777777777777777,True
PED003057,10,10,2026-03-15 13:20:08,2026-03-16 20:25:29,31.09,0,CEDI Medellín,Medellín,Inter Rapidísimo,KMS14439826,11900,2026-03-17 11:20:08,Entregado,2026-03-16 20:25:29,True,1.0,1.2953819444444445,True
PED003058,10,10,2026-01-29 14:41:55,2026-01-30 18:30:54,27.81,0,CEDI Cali,Cali,Inter Rapidísimo,KMS45302103,13900,2026-01-31 14:41:55,Entregado,2026-01-30 18:30:54,True,1.0,1.1590162037037037,True
PED003059,10,10,2026-02-05 18:21:42,2026-02-07 12:38:09,42.29,0,CEDI Cali,Cali,Servientrega,KMS23842793,11900,2026-02-07 18:21:42,Entregado,2026-02-07 12:38:09,True,1.0,1.761423611111111,True
PED003060,10,10,2026-02-11 20:12:52,2026-02-13 09:58:23,37.769999999999996,0,CEDI Bogotá,Bogotá D.C.,TCC,KMS11461239,9900,2026-02-13 12:12:52,Entregado,2026-02-13 09:58:23,True,1.0,1.573275462962963,True
PED003061,9,9,2026-05-23 10:52:38,2026-05-25 01:41:43,33.79,0,CEDI Bucaramanga,Bucaramanga,TCC,KMS92082845,13900,2026-05-25 07:52:38,Entregado,2026-05-25 01:41:43,True,1.0,1.6174189814814814,False
PED003062,10,10,2026-06-01 09:27:00,2026-06-03 02:32:06,41.08,0,CEDI Bogotá,Bogotá D.C.,Inter Rapidísimo,KMS86642872,15900,2026-06-03 01:27:00,Entregado,2026-06-03 02:32:06,True,0.0,1.711875,True
PED003063,10,10,2026-05-19 08:04:07,2026-05-20 22:13:56,38.17,0,CEDI Barranquilla,Barranquilla,Inter Rapidísimo,KMS62344801,11900,2026-05-21 18:04:07,Entregado,2026-05-20 22:13:56,True,1.0,1.590150462962963,True
PED003064,10,10,2026-01-28 08:37:54,2026-01-29 19:48:49,35.18,0,CEDI Barranquilla,Barranquilla,Coordinadora,KMS27173811,13900,2026-01-30 11:37:54,Entregado,2026-01-29 19:48:49,True,1.0,1.4659143518518518,True
PED003065,10,10,2026-04-08 17:36:31,2026-04-09 23:12:14,29.6,0,CEDI Bogotá,Bogotá D.C.,Inter Rapidísimo,KMS63582501,11900,2026-04-10 02:36:31,Entregado,2026-04-09 23:12:14,True,1.0,1.233136574074074,True
PED003066,10,10,2026-02-15 11:01:54,2026-02-17 20:54:50,57.870000000000005,0,CEDI Bogotá,Bogotá D.C.,Servientrega,KMS74548949,18900,2026-02-17 03:01:54,Entregado,2026-02-17 20:54:50,True,0.0,2.4117592592592594,True
PED003067,10,10,2026-05-18 18:42:23,2026-05-21 02:23:45,55.7,0,CEDI Bogotá,Bogotá D.C.,Coordinadora,KMS89636854,9900,2026-05-20 10:42:23,Entregado,2026-05-21 02:23:45,True,0.0,2.3203935185185185,True
PED003068,10,10,2026-02-12 18:31:32,2026-02-14 08:09:27,37.629999999999995,0,CEDI Bogotá,Bogotá D.C.,Coordinadora,KMS28033373,11900,2026-02-14 10:31:32,Entregado,2026-02-14 08:09:27,True,1.0,1.5679976851851851,True
PED003069,10,10,2026-01-17 02:01:04,2026-01-19 00:22:39,46.34,0,CEDI Barranquilla,Barranquilla,Servientrega,KMS86239392,20790,2026-01-19 12:01:04,Entregado,2026-01-19 00:22:39,True,1.0,1.9316550925925926,True
PED003070,9,9,2026-03-27 17:26:27,2026-03-29 15:37:03,45.74,0,CEDI Barranquilla,Barranquilla,Servientrega,KMS51499109,15900,2026-03-29 20:26:27,Entregado,2026-03-29 15:37:03,True,1.0,1.9240277777777777,False
PED003071,10,10,2026-03-06 11:34:10,2026-03-07 01:02:41,13.47,0,CEDI Cali,Cali,TCC,KMS34263305,9900,2026-03-08 04:34:10,Entregado,2026-03-07 01:02:41,True,1.0,0.5614699074074074,True
PED003072,10,10,2026-03-27 11:04:20,2026-03-29 16:24:43,53.36,0,CEDI Bogotá,Bogotá D.C.,Inter Rapidísimo,KMS90350372,11900,2026-03-28 20:04:20,Entregado,2026-03-29 16:24:43,True,0.0,2.222488425925926,True
PED003073,10,10,2026-06-05 19:19:20,2026-06-07 04:38:17,33.32,0,CEDI Cali,Cali,Coordinadora,KMS88496305,18900,2026-06-07 19:19:20,Entregado,2026-06-07 04:38:17,True,1.0,1.3881597222222222,True
PED003074,10,10,2026-04-20 20:25:19,2026-04-23 04:22:43,55.96,0,CEDI Bogotá,Bogotá D.C.,Coordinadora,KMS40926626,9790,2026-04-22 12:25:19,Entregado,2026-04-23 04:22:43,True,0.0,2.3315277777777776,True
PED003075,10,10,2026-02-17 12:54:44,2026-02-19 03:12:59,38.31,0,CEDI Medellín,Medellín,Inter Rapidísimo,KMS17685252,9900,2026-02-19 10:54:44,Entregado,2026-02-19 03:12:59,True,1.0,1.5960069444444445,True
PED003076,10,10,2026-01-02 13:44:53,2026-01-04 04:12:15,38.47,0,CEDI Pereira,Pereira,Servientrega,KMS77126130,9790,2026-01-04 08:44:53,Entregado,2026-01-04 04:12:15,True,1.0,1.602337962962963,True
PED003077,10,10,2026-04-04 04:16:25,2026-04-05 18:07:14,37.84,0,CEDI Bogotá,Bogotá D.C.,Coordinadora,KMS75163752,13900,2026-04-05 20:16:25,Entregado,2026-04-05 18:07:14,True,1.0,1.5769560185185185,True
PED003078,10,10,2026-04-10 13:10:14,2026-04-12 22:18:32,57.14,0,CEDI Bogotá,Bogotá D.C.,Inter Rapidísimo,KMS29384824,11900,2026-04-12 05:10:14,Entregado,2026-04-12 22:18:32,True,0.0,2.3807638888888887,True
PED003079,10,10,2026-04-08 15:08:13,2026-04-10 02:24:15,35.269999999999996,0,CEDI Medellín,Medellín,Envia,KMS94635406,13900,2026-04-10 13:08:13,Entregado,2026-04-10 02:24:15,True,1.0,1.4694675925925926,True
PED003080,10,10,2026-01-16 07:06:12,2026-01-18 09:16:59,50.17,0,CEDI Barranquilla,Barranquilla,Coordinadora,KMS20145233,8900,2026-01-18 17:06:12,Entregado,2026-01-18 09:16:59,True,1.0,2.090821759259259,True
PED003081,10,10,2026-06-14 17:50:33,2026-06-16 14:42:56,44.870000000000005,0,CEDI Barranquilla,Barranquilla,Coordinadora,KMS98245196,8900,2026-06-16 20:50:33,Entregado,2026-06-16 14:42:56,True,1.0,1.8697106481481482,True
PED003082,10,10,2026-04-30 20:16:27,2026-05-02 01:04:04,28.810000000000002,0,CEDI Bogotá,Bogotá D.C.,Servientrega,KMS41479520,15290,2026-05-02 12:16:27,Entregado,2026-05-02 01:04:04,True,1.0,1.1997337962962964,True
PED003083,10,10,2026-02-09 04:27:02,2026-02-11 11:37:04,55.17,0,CEDI Cali,Cali,Servientrega,KMS60920695,9790,2026-02-11 04:27:02,Entregado,2026-02-11 11:37:04,True,0.0,2.2986342592592592,True
PED003084,10,10,2026-03-06 04:19:52,2026-03-07 14:27:30,34.11,0,CEDI Medellín,Medellín,Envia,KMS46019348,15900,2026-03-08 02:19:52,Entregado,2026-03-07 14:27:30,True,1.0,1.4219675925925925,True
PED003085,10,10,2026-05-25 03:43:51,2026-05-27 13:07:23,57.39,0,CEDI Bogotá,Bogotá D.C.,TCC,KMS96751206,13090,2026-05-26 19:43:51,Entregado,2026-05-27 13:07:23,True,0.0,2.3913425925925926,True
PED003086,10,10,2026-02-20 10:10:33,2026-02-21 19:44:56,33.589999999999996,0,CEDI Pereira,Pereira,Coordinadora,KMS47288186,15900,2026-02-22 05:10:33,Entregado,2026-02-21 19:44:56,True,1.0,1.3988773148148148,True
PED003087,10,10,2026-06-21 12:59:08,2026-06-22 23:25:32,34.43,1,CEDI Medellín,Medellín,Inter Rapidísimo,KMS93320921,17490,2026-06-23 10:59:08,Entregado,2026-06-22 23:25:32,True,1.0,1.435,True
PED003088,10,10,2026-05-29 14:43:05,2026-05-30 07:11:29,16.48,0,CEDI Bogotá,Bogotá D.C.,Envia,KMS89684749,18900,2026-05-31 06:43:05,Entregado,2026-05-30 07:11:29,True,1.0,0.6863888888888889,True
PED003089,10,10,2026-04-20 09:57:51,2026-04-23 03:27:32,65.49000000000001,0,CEDI Medellín,Medellín,Servientrega,KMS89244378,11900,2026-04-22 07:57:51,Entregado,2026-04-23 03:27:32,True,0.0,2.728946759259259,True
PED003090,10,10,2026-03-03 04:08:35,2026-03-04 10:16:36,30.13,0,CEDI Bogotá,Bogotá D.C.,TCC,KMS31722106,9790,2026-03-04 20:08:35,Entregado,2026-03-04 10:16:36,True,1.0,1.2555671296296296,True
PED003091,10,10,2026-02-12 21:37:48,2026-02-13 21:27:05,23.82,0,CEDI Cali,Cali,Servientrega,KMS25281172,9790,2026-02-14 14:37:48,Entregado,2026-02-13 21:27:05,True,1.0,0.9925578703703704,True
PED003092,10,10,2026-06-14 16:39:12,2026-06-15 18:20:27,25.69,0,CEDI Medellín,Medellín,Servientrega,KMS91415019,9900,2026-06-16 14:39:12,Entregado,2026-06-15 18:20:27,True,1.0,1.0703125,True
PED003093,10,10,2026-05-18 22:22:48,2026-05-19 09:22:53,11.0,1,CEDI Bogotá,Bogotá D.C.,Inter Rapidísimo,KMS36180467,18900,2026-05-20 07:22:48,Entregado,2026-05-19 09:22:53,True,1.0,0.45839120370370373,True
PED003094,10,10,2026-04-26 20:02:56,2026-04-28 20:01:17,47.980000000000004,0,CEDI Cali,Cali,TCC,KMS15271616,11900,2026-04-28 20:02:56,Entregado,2026-04-28 20:01:17,True,1.0,1.9988541666666666,True
PED003095,10,10,2026-05-18 23:44:40,2026-05-19 23:25:23,23.69,0,CEDI Medellín,Medellín,Servientrega,KMS60106372,17490,2026-05-20 21:44:40,Entregado,2026-05-19 23:25:23,True,1.0,0.9866087962962963,True
PED003096,10,10,2026-03-16 14:46:05,2026-03-17 21:20:45,30.58,1,CEDI Bogotá,Bogotá D.C.,Envia,KMS95670511,10890,2026-03-18 06:46:05,Entregado,2026-03-17 21:20:45,True,1.0,1.2740740740740741,True
PED003097,10,10,2026-02-26 23:47:11,2026-02-27 21:48:17,22.01,0,CEDI Bogotá,Bogotá D.C.,Envia,KMS62851352,9900,2026-02-28 15:47:11,Entregado,2026-02-27 21:48:17,True,1.0,0.9174305555555555,True
PED003098,10,10,2026-05-15 02:50:44,2026-05-17 05:26:09,50.58,1,CEDI Bogotá,Bogotá D.C.,TCC,KMS57283427,11900,2026-05-16 18:50:44,Entregado,2026-05-17 05:26:09,True,0.0,2.107928240740741,True
PED003099,10,10,2026-01-20 12:58:30,2026-01-22 07:15:15,42.269999999999996,0,CEDI Cali,Cali,Inter Rapidísimo,KMS46869140,8900,2026-01-22 05:58:30,Entregado,2026-01-22 07:15:15,True,0.0,1.7616319444444444,True
PED003100,10,10,2026-04-20 03:50:20,2026-04-21 02:28:36,22.630000000000003,0,CEDI Cali,Cali,Inter Rapidísimo,KMS83474781,20790,2026-04-21 20:50:20,Entregado,2026-04-21 02:28:36,True,1.0,0.9432407407407407,True
PED003101,10,10,2026-05-23 06:39:21,2026-05-24 14:32:06,31.88,0,CEDI Medellín,Medellín,Servientrega,KMS35003028,9790,2026-05-25 04:39:21,Entregado,2026-05-24 14:32:06,True,1.0,1.328298611111111,True
PED003102,10,10,2026-06-25 23:01:07,2026-06-26 22:19:25,23.31,0,CEDI Bogotá,Bogotá D.C.,TCC,KMS77310347,15900,2026-06-27 15:01:07,Entregado,2026-06-26 22:19:25,True,1.0,0.9710416666666667,True
PED003103,10,10,2026-06-25 15:18:28,2026-06-27 09:19:56,42.04,0,CEDI Barranquilla,Barranquilla,Inter Rapidísimo,KMS90118319,11900,2026-06-28 01:18:28,Entregado,2026-06-27 09:19:56,True,1.0,1.7510185185185185,True
PED003104,10,10,2026-04-20 18:12:39,2026-04-21 17:14:03,23.029999999999998,0,CEDI Bogotá,Bogotá D.C.,Inter Rapidísimo,KMS63882320,13090,2026-04-22 10:12:39,Entregado,2026-04-21 17:14:03,True,1.0,0.9593055555555555,True
PED003105,10,10,2026-06-28 08:06:54,2026-06-29 22:25:17,38.3,0,CEDI Pereira,Pereira,Envia,KMS73607358,9790,2026-06-30 10:06:54,Entregado,2026-06-29 22:25:17,True,1.0,1.596099537037037,True
PED003106,10,10,2026-04-23 17:05:37,2026-04-24 13:17:24,20.2,0,CEDI Bogotá,Bogotá D.C.,TCC,KMS91733858,18900,2026-04-25 09:05:37,Entregado,2026-04-24 13:17:24,True,1.0,0.8415162037037037,True
PED003107,10,10,2026-03-22 23:28:08,2026-03-23 23:19:54,23.86,0,CEDI Bucaramanga,Bucaramanga,Inter Rapidísimo,KMS11736808,18900,2026-03-24 20:28:08,Entregado,2026-03-23 23:19:54,True,1.0,0.9942824074074074,True
PED003108,10,10,2026-01-19 19:17:40,2026-01-21 01:44:26,30.45,0,CEDI Pereira,Pereira,Servientrega,KMS12256890,10890,2026-01-21 14:17:40,Entregado,2026-01-21 01:44:26,True,1.0,1.268587962962963,True
PED003109,10,10,2026-02-06 03:49:13,2026-02-07 10:03:22,30.22,0,CEDI Bogotá,Bogotá D.C.,Inter Rapidísimo,KMS13089410,18900,2026-02-07 19:49:13,Entregado,2026-02-07 10:03:22,True,1.0,1.259826388888889,True
PED003110,10,10,2026-01-07 21:37:15,2026-01-09 10:59:23,37.36,0,CEDI Barranquilla,Barranquilla,TCC,KMS61078026,20790,2026-01-10 00:37:15,Entregado,2026-01-09 10:59:23,True,1.0,1.557037037037037,True
PED003111,10,10,2026-01-21 08:00:12,2026-01-22 12:07:08,28.11,0,CEDI Bogotá,Bogotá D.C.,Servientrega,KMS22025462,17490,2026-01-23 00:00:12,Entregado,2026-01-22 12:07:08,True,1.0,1.1714814814814816,True
PED003112,10,10,2026-05-25 16:25:35,2026-05-27 12:19:14,43.9,0,CEDI Cali,Cali,Inter Rapidísimo,KMS15875412,8900,2026-05-27 16:25:35,Entregado,2026-05-27 12:19:14,True,1.0,1.8289236111111111,True
PED003113,10,10,2026-06-15 23:29:38,2026-06-17 07:15:15,31.77,0,CEDI Bogotá,Bogotá D.C.,TCC,KMS69603246,15290,2026-06-17 15:29:38,Entregado,2026-06-17 07:15:15,True,1.0,1.3233449074074075,True
PED003114,10,10,2026-03-29 15:44:05,2026-03-30 22:21:33,30.64,0,CEDI Medellín,Medellín,TCC,KMS63190181,11900,2026-03-31 13:44:05,Entregado,2026-03-30 22:21:33,True,1.0,1.2760185185185184,True
PED003115,10,10,2026-06-29 00:11:23,2026-06-30 21:53:23,45.7,0,CEDI Barranquilla,Barranquilla,Servientrega,KMS98714320,17490,2026-07-01 10:11:23,Entregado,2026-06-30 21:53:23,True,1.0,1.9041666666666666,True
PED003116,10,10,2026-06-17 00:43:01,2026-06-19 04:01:45,51.300000000000004,0,CEDI Bucaramanga,Bucaramanga,Coordinadora,KMS22402211,8900,2026-06-19 04:43:01,Entregado,2026-06-19 04:01:45,True,1.0,2.138009259259259,True
PED003117,10,10,2026-04-17 01:57:02,2026-04-19 07:17:24,53.33,0,CEDI Bogotá,Bogotá D.C.,Coordinadora,KMS41779230,11900,2026-04-18 17:57:02,Entregado,2026-04-19 07:17:24,True,0.0,2.222476851851852,True
PED003118,10,10,2026-06-22 20:24:19,2026-06-24 09:05:50,36.7,0,CEDI Bucaramanga,Bucaramanga,Envia,KMS75668421,15900,2026-06-25 00:24:19,Entregado,2026-06-24 09:05:50,True,1.0,1.5288310185185185,True
PED003119,10,10,2026-04-07 14:52:25,2026-04-09 07:46:36,40.9,0,CEDI Medellín,Medellín,Coordinadora,KMS90437754,15900,2026-04-09 12:52:25,Entregado,2026-04-09 07:46:36,True,1.0,1.7042939814814815,True
PED003120,10,10,2026-03-19 08:46:20,2026-03-21 05:53:50,45.13,0,CEDI Cali,Cali,Servientrega,KMS93646003,13900,2026-03-21 08:46:20,Entregado,2026-03-21 05:53:50,True,1.0,1.8802083333333333,True
PED003121,10,10,2026-03-28 13:01:27,2026-03-29 08:58:41,19.96,0,CEDI Bogotá,Bogotá D.C.,Servientrega,KMS46523136,18900,2026-03-29 22:01:27,Entregado,2026-03-29 08:58:41,True,1.0,0.831412037037037,True
PED003122,10,10,2026-01-09 12:39:57,2026-01-10 20:03:24,31.38,0,CEDI Bogotá,Bogotá D.C.,Envia,KMS69904892,13090,2026-01-11 04:39:57,Entregado,2026-01-10 20:03:24,True,1.0,1.307951388888889,True
PED003123,10,10,2026-06-12 15:43:28,2026-06-14 06:00:10,38.27,0,CEDI Medellín,Medellín,Envia,KMS18530801,11900,2026-06-14 13:43:28,Entregado,2026-06-14 06:00:10,True,1.0,1.5949305555555555,True
PED003124,10,10,2026-05-07 11:40:36,2026-05-07 21:40:36,10.01,0,CEDI Bogotá,Bogotá D.C.,Coordinadora,KMS69489871,13900,2026-05-08 20:40:36,Entregado,2026-05-07 21:40:36,True,1.0,0.4166666666666667,True
PED003125,10,10,2026-03-07 01:34:20,2026-03-07 19:52:05,18.3,0,CEDI Medellín,Medellín,Envia,KMS82682737,13900,2026-03-08 23:34:20,Entregado,2026-03-07 19:52:05,True,1.0,0.7623263888888889,True
PED003126,10,10,2026-05-02 13:27:00,2026-05-04 01:48:18,36.37,0,CEDI Medellín,Medellín,Inter Rapidísimo,KMS52052980,8900,2026-05-04 11:27:00,Entregado,2026-05-04 01:48:18,True,1.0,1.5147916666666668,True
PED003127,10,10,2026-03-03 08:49:32,2026-03-03 23:47:33,14.98,0,CEDI Cali,Cali,Inter Rapidísimo,KMS75116083,15290,2026-03-05 01:49:32,Entregado,2026-03-03 23:47:33,True,1.0,0.6236226851851852,True
PED003128,10,10,2026-06-23 23:19:19,2026-06-25 12:38:02,37.31,0,CEDI Bogotá,Bogotá D.C.,Envia,KMS72121342,18900,2026-06-25 15:19:19,Entregado,2026-06-25 12:38:02,True,1.0,1.554664351851852,True
PED003129,10,10,2026-01-14 12:29:30,2026-01-17 13:25:42,72.96000000000001,0,CEDI Cali,Cali,Envia,KMS83143870,11900,2026-01-16 12:29:30,Entregado,2026-01-17 13:25:42,True,0.0,3.0390277777777777,True
PED003130,10,10,2026-03-16 03:51:28,2026-03-16 20:32:24,16.68,0,CEDI Bogotá,Bogotá D.C.,TCC,KMS31560836,9900,2026-03-17 12:51:28,Entregado,2026-03-16 20:32:24,True,1.0,0.6950925925925926,True
PED003131,10,10,2026-01-22 20:32:15,2026-01-24 01:45:17,29.21,1,CEDI Cali,Cali,Coordinadora,KMS32632181,10890,2026-01-24 20:32:15,Entregado,2026-01-24 01:45:17,True,1.0,1.2173842592592592,True
PED003132,10,10,2026-03-19 16:56:52,2026-03-21 13:04:02,44.13,0,CEDI Cali,Cali,Servientrega,KMS17769223,15900,2026-03-21 16:56:52,Entregado,2026-03-21 13:04:02,True,1.0,1.838310185185185,True
PED003133,10,10,2026-04-16 21:00:17,2026-04-17 15:43:24,18.72,0,CEDI Bogotá,Bogotá D.C.,Inter Rapidísimo,KMS39605388,15900,2026-04-18 13:00:17,Entregado,2026-04-17 15:43:24,True,1.0,0.7799421296296296,True
PED003134,10,10,2026-05-17 08:54:57,2026-05-19 01:33:22,40.65,0,CEDI Bucaramanga,Bucaramanga,Servientrega,KMS35527573,13090,2026-05-19 12:54:57,Entregado,2026-05-19 01:33:22,True,1.0,1.6933449074074074,True
PED003135,10,10,2026-04-11 00:17:17,2026-04-12 04:05:58,27.810000000000002,0,CEDI Cali,Cali,Coordinadora,KMS22664484,8900,2026-04-13 00:17:17,Entregado,2026-04-12 04:05:58,True,1.0,1.1588078703703704,True
PED003136,10,10,2026-05-09 16:19:55,2026-05-10 16:51:54,24.54,1,CEDI Medellín,Medellín,Servientrega,KMS57112997,8900,2026-05-11 07:19:55,Entregado,2026-05-10 16:51:54,True,1.0,1.022210648148148,True
PED003137,10,10,2026-03-27 01:29:23,2026-03-28 10:41:40,33.19,0,CEDI Bucaramanga,Bucaramanga,Inter Rapidísimo,KMS82757140,9900,2026-03-29 05:29:23,Entregado,2026-03-28 10:41:40,True,1.0,1.3835300925925926,True
PED003138,10,10,2026-05-23 16:28:02,2026-05-24 23:02:22,30.580000000000002,0,CEDI Medellín,Medellín,Coordinadora,KMS42397202,9900,2026-05-25 14:28:02,Entregado,2026-05-24 23:02:22,True,1.0,1.2738425925925927,True
PED003139,10,10,2026-04-11 05:25:02,2026-04-13 04:38:35,47.230000000000004,1,CEDI Bucaramanga,Bucaramanga,Servientrega,KMS14525523,13900,2026-04-13 02:25:02,Entregado,2026-04-13 04:38:35,True,0.0,1.9677430555555555,True
PED003140,10,10,2026-06-27 06:16:57,2026-06-28 14:50:47,32.58,0,CEDI Bogotá,Bogotá D.C.,Servientrega,KMS85738050,13900,2026-06-28 15:16:57,Entregado,2026-06-28 14:50:47,True,1.0,1.3568287037037037,True
PED003141,10,10,2026-02-13 22:59:52,2026-02-14 23:33:39,24.57,0,CEDI Medellín,Medellín,Inter Rapidísimo,KMS10775519,8900,2026-02-15 13:59:52,Entregado,2026-02-14 23:33:39,True,1.0,1.023460648148148,True
PED003142,10,10,2026-05-14 07:17:15,2026-05-15 10:42:04,27.41,0,CEDI Bogotá,Bogotá D.C.,TCC,KMS62878801,17490,2026-05-15 23:17:15,Entregado,2026-05-15 10:42:04,True,1.0,1.1422337962962963,True
PED003143,10,10,2026-03-20 22:01:39,2026-03-22 11:25:28,37.39,0,CEDI Cali,Cali,Envia,KMS10372111,9900,2026-03-22 22:01:39,Entregado,2026-03-22 11:25:28,True,1.0,1.5582060185185185,True
PED003144,10,10,2026-06-08 03:20:49,2026-06-09 21:05:28,41.76,0,CEDI Bogotá,Bogotá D.C.,TCC,KMS91453004,11900,2026-06-09 19:20:49,Entregado,2026-06-09 21:05:28,True,0.0,1.7393402777777778,True
PED003145,10,10,2026-03-29 10:24:11,2026-03-30 11:15:33,24.86,1,CEDI Cali,Cali,Envia,KMS85169834,13900,2026-03-31 10:24:11,Entregado,2026-03-30 11:15:33,True,1.0,1.0356712962962964,True
PED003146,10,10,2026-06-16 12:53:28,2026-06-18 00:23:09,35.48,0,CEDI Bucaramanga,Bucaramanga,Envia,KMS61723567,9900,2026-06-18 16:53:28,Entregado,2026-06-18 00:23:09,True,1.0,1.4789467592592593,True
PED003147,10,10,2026-06-16 23:35:02,2026-06-18 07:25:11,31.83,0,CEDI Bogotá,Bogotá D.C.,Inter Rapidísimo,KMS15601551,20790,2026-06-18 15:35:02,Entregado,2026-06-18 07:25:11,True,1.0,1.3264930555555556,True
PED003148,10,10,2026-06-30 18:55:52,2026-07-02 10:37:31,39.699999999999996,0,CEDI Medellín,Medellín,Servientrega,KMS96708273,9790,2026-07-02 16:55:52,Entregado,2026-07-02 10:37:31,True,1.0,1.653923611111111,True
PED003149,10,10,2026-04-20 01:59:22,2026-04-21 18:11:27,40.19,0,CEDI Medellín,Medellín,TCC,KMS92602721,9900,2026-04-21 23:59:22,Entregado,2026-04-21 18:11:27,True,1.0,1.6750578703703705,True
PED003150,10,10,2026-04-07 08:58:02,2026-04-08 18:05:37,33.14,0,CEDI Cali,Cali,Envia,KMS24710045,11900,2026-04-09 08:58:02,Entregado,2026-04-08 18:05:37,True,1.0,1.3802662037037037,True
PED003151,10,10,2026-03-07 07:18:15,2026-03-08 08:11:41,24.89,0,CEDI Medellín,Medellín,Envia,KMS23589572,13090,2026-03-09 05:18:15,Entregado,2026-03-08 08:11:41,True,1.0,1.0371064814814814,True
PED003152,10,10,2026-04-23 22:15:05,2026-04-25 03:26:40,29.17,0,CEDI Bogotá,Bogotá D.C.,Inter Rapidísimo,KMS90190502,18900,2026-04-25 07:15:05,Entregado,2026-04-25 03:26:40,True,1.0,1.216377314814815,True
PED003153,9,9,2026-05-16 22:52:17,2026-05-19 07:21:54,56.489999999999995,0,CEDI Bogotá,Bogotá D.C.,Inter Rapidísimo,KMS41675657,18900,2026-05-18 14:52:17,En ruta de entrega,,False,,,False
PED003154,10,10,2026-03-13 21:08:45,2026-03-15 16:18:25,43.16,0,CEDI Barranquilla,Barranquilla,Envia,KMS33709721,10890,2026-03-16 07:08:45,Entregado,2026-03-15 16:18:25,True,1.0,1.7983796296296297,True
PED003155,10,10,2026-04-04 02:50:26,2026-04-05 19:53:44,41.05,1,CEDI Pereira,Pereira,Inter Rapidísimo,KMS76789017,18900,2026-04-06 04:50:26,Entregado,2026-04-05 19:53:44,True,1.0,1.710625,True
PED003156,10,10,2026-04-29 16:21:51,2026-04-30 21:46:27,29.39,0,CEDI Cali,Cali,TCC,KMS29115361,17490,2026-05-01 16:21:51,Entregado,2026-04-30 21:46:27,True,1.0,1.2254166666666666,True
PED003157,10,10,2026-05-28 06:22:43,2026-05-30 07:48:08,49.42,1,CEDI Bucaramanga,Bucaramanga,Servientrega,KMS84907181,8900,2026-05-30 10:22:43,Entregado,2026-05-30 07:48:08,True,1.0,2.0593171296296298,True
PED003158,10,10,2026-06-03 07:24:58,2026-06-05 21:50:18,62.42,0,CEDI Bogotá,Bogotá D.C.,TCC,KMS40526210,11900,2026-06-04 23:24:58,Entregado,2026-06-05 21:50:18,True,0.0,2.600925925925926,True
PED003159,10,10,2026-05-19 06:14:14,2026-05-20 10:58:11,28.73,0,CEDI Cali,Cali,Servientrega,KMS80708565,9900,2026-05-20 23:14:14,Entregado,2026-05-20 10:58:11,True,1.0,1.1971875,True
PED003160,10,10,2026-02-24 13:20:09,2026-02-26 20:42:24,55.37,0,CEDI Pereira,Pereira,Envia,KMS35802207,13900,2026-02-26 08:20:09,Entregado,2026-02-26 20:42:24,True,0.0,2.3071180555555557,True
PED003161,10,10,2026-01-23 04:45:11,2026-01-24 19:10:02,38.41,0,CEDI Cali,Cali,Coordinadora,KMS96649780,11900,2026-01-25 04:45:11,Entregado,2026-01-24 19:10:02,True,1.0,1.6005902777777778,True
PED003162,10,10,2026-05-06 12:17:11,2026-05-07 20:49:58,32.53,0,CEDI Bogotá,Bogotá D.C.,Inter Rapidísimo,KMS68837313,8900,2026-05-08 04:17:11,Entregado,2026-05-07 20:49:58,True,1.0,1.356099537037037,True
PED003163,10,10,2026-04-26 13:19:12,2026-04-27 11:51:20,22.55,0,CEDI Bogotá,Bogotá D.C.,Coordinadora,KMS20313499,15900,2026-04-28 05:19:12,Entregado,2026-04-27 11:51:20,True,1.0,0.9389814814814815,True
PED003164,10,10,2026-05-23 03:29:45,2026-05-24 05:09:13,25.669999999999998,0,CEDI Bogotá,Bogotá D.C.,Inter Rapidísimo,KMS91181400,15900,2026-05-24 12:29:45,Entregado,2026-05-24 05:09:13,True,1.0,1.069074074074074,True
PED003165,10,10,2026-02-05 20:53:59,2026-02-06 11:50:24,14.94,0,CEDI Bogotá,Bogotá D.C.,Inter Rapidísimo,KMS58566945,13900,2026-02-07 05:53:59,Entregado,2026-02-06 11:50:24,True,1.0,0.6225115740740741,True
PED003166,10,10,2026-06-02 01:56:56,2026-06-03 01:42:53,23.759999999999998,0,CEDI Medellín,Medellín,Servientrega,KMS17030507,20790,2026-06-03 16:56:56,Entregado,2026-06-03 01:42:53,True,1.0,0.9902430555555556,True
PED003167,10,10,2026-02-20 02:01:08,2026-02-21 17:57:08,39.93,0,CEDI Medellín,Medellín,Coordinadora,KMS89627229,9900,2026-02-22 00:01:08,Entregado,2026-02-21 17:57:08,True,1.0,1.663888888888889,True
PED003168,10,10,2026-03-20 19:37:03,2026-03-23 03:35:35,55.980000000000004,0,CEDI Medellín,Medellín,Inter Rapidísimo,KMS60405696,18900,2026-03-22 10:37:03,Entregado,2026-03-23 03:35:35,True,0.0,2.332314814814815,True
PED003169,10,10,2026-02-20 20:09:16,2026-02-22 15:42:36,43.56,1,CEDI Pereira,Pereira,Inter Rapidísimo,KMS23033236,15290,2026-02-22 22:09:16,Entregado,2026-02-22 15:42:36,True,1.0,1.8148148148148149,True
PED003170,10,10,2026-04-16 09:33:49,2026-04-17 09:57:02,24.38,0,CEDI Bogotá,Bogotá D.C.,TCC,KMS76223419,9900,2026-04-18 01:33:49,Entregado,2026-04-17 09:57:02,True,1.0,1.0161226851851852,True
PED003171,10,10,2026-04-18 08:01:44,2026-04-20 08:02:29,48.019999999999996,0,CEDI Pereira,Pereira,Inter Rapidísimo,KMS75473759,9900,2026-04-20 10:01:44,Entregado,2026-04-20 08:02:29,True,1.0,2.0005208333333333,True
PED003172,10,10,2026-05-21 18:14:42,2026-05-22 19:27:38,25.22,0,CEDI Bogotá,Bogotá D.C.,Coordinadora,KMS55686157,13900,2026-05-23 10:14:42,Entregado,2026-05-22 19:27:38,True,1.0,1.0506481481481482,True
PED003173,10,10,2026-04-15 01:01:08,2026-04-16 23:07:49,46.1,0,CEDI Pereira,Pereira,TCC,KMS88105395,11900,2026-04-17 03:01:08,Entregado,2026-04-16 23:07:49,True,1.0,1.9213078703703703,True
PED003174,10,10,2026-06-10 00:51:50,2026-06-12 02:09:14,49.300000000000004,0,CEDI Barranquilla,Barranquilla,Coordinadora,KMS66791335,17490,2026-06-12 10:51:50,Entregado,2026-06-12 02:09:14,True,1.0,2.05375,True
PED003175,10,10,2026-03-15 23:01:37,2026-03-18 11:54:42,60.879999999999995,0,CEDI Medellín,Medellín,Envia,KMS30807127,9900,2026-03-17 21:01:37,Entregado,2026-03-18 11:54:42,True,0.0,2.536863425925926,True
PED003176,10,10,2026-03-07 01:41:00,2026-03-09 01:44:46,48.07,0,CEDI Cali,Cali,TCC,KMS15698095,11900,2026-03-08 18:41:00,Entregado,2026-03-09 01:44:46,True,0.0,2.002615740740741,True
PED003177,10,10,2026-05-23 03:40:52,2026-05-24 14:11:39,34.51,0,CEDI Medellín,Medellín,Coordinadora,KMS40681921,8900,2026-05-25 01:40:52,Entregado,2026-05-24 14:11:39,True,1.0,1.4380439814814814,True
PED003178,10,10,2026-04-04 05:38:22,2026-04-06 00:47:33,43.14,0,CEDI Bucaramanga,Bucaramanga,Inter Rapidísimo,KMS36367157,18900,2026-04-06 09:38:22,Entregado,2026-04-06 00:47:33,True,1.0,1.7980439814814815,True
PED003179,10,10,2026-04-12 17:13:44,2026-04-13 13:32:34,20.33,0,CEDI Bogotá,Bogotá D.C.,TCC,KMS59832879,18900,2026-04-14 09:13:44,Entregado,2026-04-13 13:32:34,True,1.0,0.846412037037037,True
PED003180,10,10,2026-06-15 02:15:07,2026-06-16 13:14:21,34.989999999999995,0,CEDI Medellín,Medellín,Inter Rapidísimo,KMS56875565,20790,2026-06-17 00:15:07,Entregado,2026-06-16 13:14:21,True,1.0,1.457800925925926,True
PED003181,10,10,2026-06-12 08:58:37,2026-06-14 04:01:40,43.04,0,CEDI Cali,Cali,TCC,KMS90386766,13900,2026-06-14 08:58:37,Entregado,2026-06-14 04:01:40,True,1.0,1.7937847222222223,True
PED003182,10,10,2026-05-21 13:55:59,2026-05-23 03:52:56,37.949999999999996,0,CEDI Bogotá,Bogotá D.C.,TCC,KMS32430602,13900,2026-05-23 05:55:59,Entregado,2026-05-23 03:52:56,True,1.0,1.5812152777777777,True
PED003183,10,10,2026-04-22 08:23:02,2026-04-24 05:29:27,45.11,0,CEDI Cali,Cali,Servientrega,KMS45585049,9900,2026-04-24 08:23:02,Entregado,2026-04-24 05:29:27,True,1.0,1.8794560185185185,True
PED003184,10,10,2026-06-27 12:27:22,2026-06-29 00:56:51,36.49,0,CEDI Medellín,Medellín,TCC,KMS97114095,8900,2026-06-29 03:27:22,Entregado,2026-06-29 00:56:51,True,1.0,1.520474537037037,True
PED003185,10,10,2026-04-16 04:59:23,2026-04-18 02:04:00,45.08,0,CEDI Cali,Cali,Servientrega,KMS70924448,9900,2026-04-18 04:59:23,Entregado,2026-04-18 02:04:00,True,1.0,1.8782060185185185,True
PED003186,10,10,2026-02-26 19:31:39,2026-02-28 09:08:33,37.61,0,CEDI Bogotá,Bogotá D.C.,Servientrega,KMS42561881,9900,2026-02-28 11:31:39,Entregado,2026-02-28 09:08:33,True,1.0,1.5672916666666667,True
PED003187,10,10,2026-06-20 00:18:48,2026-06-22 19:25:32,67.11,1,CEDI Bucaramanga,Bucaramanga,Coordinadora,KMS68111660,9900,2026-06-22 04:18:48,Entregado,2026-06-22 19:25:32,True,0.0,2.7963425925925924,True
PED003188,10,10,2026-03-20 13:20:34,2026-03-21 22:42:26,33.36,0,CEDI Bogotá,Bogotá D.C.,TCC,KMS45224812,11900,2026-03-22 05:20:34,Entregado,2026-03-21 22:42:26,True,1.0,1.3901851851851852,True
PED003189,10,10,2026-03-25 13:08:25,2026-03-26 23:52:39,34.73,0,CEDI Medellín,Medellín,Inter Rapidísimo,KMS72776214,11900,2026-03-27 11:08:25,Entregado,2026-03-26 23:52:39,True,1.0,1.4473842592592592,True
PED003190,10,10,2026-05-03 12:03:38,2026-05-04 06:22:49,18.31,0,CEDI Medellín,Medellín,Servientrega,KMS29733322,11900,2026-05-05 03:03:38,Entregado,2026-05-04 06:22:49,True,1.0,0.7633217592592593,True
PED003191,10,10,2026-02-01 19:14:56,2026-02-03 23:41:23,52.44,0,CEDI Barranquilla,Barranquilla,Servientrega,KMS59209820,9900,2026-02-04 05:14:56,Entregado,2026-02-03 23:41:23,True,1.0,2.1850347222222224,True
PED003192,10,10,2026-04-20 10:31:30,2026-04-22 03:25:44,40.91,0,CEDI Barranquilla,Barranquilla,Envia,KMS54263887,13900,2026-04-22 13:31:30,Entregado,2026-04-22 03:25:44,True,1.0,1.7043287037037036,True
PED003193,10,10,2026-05-25 07:58:06,2026-05-26 04:40:14,20.71,0,CEDI Cali,Cali,Envia,KMS77913883,15900,2026-05-27 00:58:06,Entregado,2026-05-26 04:40:14,True,1.0,0.8625925925925926,True
PED003194,10,10,2026-01-10 16:33:57,2026-01-12 00:35:35,32.03,0,CEDI Bucaramanga,Bucaramanga,Coordinadora,KMS10939039,9900,2026-01-12 20:33:57,Entregado,2026-01-12 00:35:35,True,1.0,1.3344675925925926,True
PED003195,10,10,2026-03-16 00:29:03,2026-03-17 21:37:17,45.13,1,CEDI Medellín,Medellín,Envia,KMS39627473,8900,2026-03-17 15:29:03,Entregado,2026-03-17 21:37:17,True,0.0,1.8807175925925925,True
PED003196,10,10,2026-01-02 22:30:26,2026-01-04 14:07:12,39.61,0,CEDI Bogotá,Bogotá D.C.,TCC,KMS44542584,8900,2026-01-04 14:30:26,Entregado,2026-01-04 14:07:12,True,1.0,1.6505324074074075,True
PED003197,10,10,2026-01-10 19:16:33,2026-01-12 02:51:58,31.58,0,CEDI Bogotá,Bogotá D.C.,Inter Rapidísimo,KMS47694539,11900,2026-01-12 11:16:33,Entregado,2026-01-12 02:51:58,True,1.0,1.3162615740740742,True
PED003198,10,10,2026-02-11 14:19:42,2026-02-13 22:52:37,56.55,0,CEDI Barranquilla,Barranquilla,Servientrega,KMS95519158,8900,2026-02-13 17:19:42,Entregado,2026-02-13 22:52:37,True,0.0,2.3561921296296298,True
PED003199,10,10,2026-06-01 06:27:44,2026-06-01 20:58:41,14.51,0,CEDI Bogotá,Bogotá D.C.,Inter Rapidísimo,KMS14053731,9790,2026-06-02 22:27:44,Entregado,2026-06-01 20:58:41,True,1.0,0.6048263888888888,True
PED003200,10,10,2026-06-17 06:34:06,2026-06-19 01:25:31,42.86,0,CEDI Cali,Cali,Servientrega,KMS90388732,17490,2026-06-19 06:34:06,Entregado,2026-06-19 01:25:31,True,1.0,1.7857060185185185,True
PED003201,10,10,2026-06-18 10:24:24,2026-06-19 19:29:41,33.09,0,CEDI Bucaramanga,Bucaramanga,Servientrega,KMS59269551,11900,2026-06-20 07:24:24,Entregado,2026-06-19 19:29:41,True,1.0,1.3786689814814814,True
PED003202,10,10,2026-04-15 15:06:39,2026-04-17 13:26:45,46.33,0,CEDI Bucaramanga,Bucaramanga,Servientrega,KMS86392602,8900,2026-04-17 19:06:39,Entregado,2026-04-17 13:26:45,True,1.0,1.930625,True
PED003203,10,10,2026-04-02 07:23:48,2026-04-03 11:34:48,28.18,1,CEDI Bogotá,Bogotá D.C.,Coordinadora,KMS21139118,8900,2026-04-03 23:23:48,Entregado,2026-04-03 11:34:48,True,1.0,1.1743055555555555,True
PED003204,10,10,2026-06-01 19:49:25,2026-06-05 03:43:03,79.88,0,CEDI Barranquilla,Barranquilla,Inter Rapidísimo,KMS89957926,10890,2026-06-04 05:49:25,Entregado,2026-06-05 03:43:03,True,0.0,3.328912037037037,True
PED003205,10,10,2026-04-02 18:35:15,2026-04-05 03:43:04,57.13,0,CEDI Bucaramanga,Bucaramanga,Servientrega,KMS42646899,15900,2026-04-04 15:35:15,Entregado,2026-04-05 03:43:04,True,0.0,2.380428240740741,True
PED003206,10,10,2026-03-11 15:33:28,2026-03-13 09:15:41,41.72,0,CEDI Bucaramanga,Bucaramanga,TCC,KMS50667698,15900,2026-03-13 19:33:28,Entregado,2026-03-13 09:15:41,True,1.0,1.737650462962963,True
PED003207,10,10,2026-05-30 22:58:50,2026-05-31 13:13:14,14.22,0,CEDI Bogotá,Bogotá D.C.,Servientrega,KMS14991707,9790,2026-06-01 14:58:50,Entregado,2026-05-31 13:13:14,True,1.0,0.5933333333333334,True
PED003208,9,9,2026-04-29 17:57:27,2026-05-01 17:58:19,46.97,0,CEDI Pereira,Pereira,TCC,KMS68025823,8900,2026-05-01 19:57:27,Entregado,2026-05-01 17:58:19,True,1.0,2.000601851851852,False
PED003209,10,10,2026-06-24 18:44:21,2026-06-26 06:59:18,36.26,0,CEDI Cali,Cali,TCC,KMS29283274,11900,2026-06-26 18:44:21,Entregado,2026-06-26 06:59:18,True,1.0,1.5103819444444444,True
PED003210,10,10,2026-01-10 14:07:35,2026-01-12 11:23:07,45.25,0,CEDI Cali,Cali,Servientrega,KMS30670993,13090,2026-01-12 07:07:35,Entregado,2026-01-12 11:23:07,True,0.0,1.885787037037037,True
PED003211,10,10,2026-03-29 09:44:47,2026-03-30 21:21:18,35.63,0,CEDI Bucaramanga,Bucaramanga,Coordinadora,KMS47954627,15900,2026-03-31 13:44:47,Entregado,2026-03-30 21:21:18,True,1.0,1.4836921296296297,True
PED003212,10,10,2026-04-26 15:00:40,2026-04-28 08:05:56,41.08,0,CEDI Barranquilla,Barranquilla,Coordinadora,KMS42569627,9790,2026-04-28 18:00:40,Entregado,2026-04-28 08:05:56,True,1.0,1.7119907407407406,True
PED003213,10,10,2026-03-12 00:23:54,2026-03-13 18:14:24,41.84,0,CEDI Pereira,Pereira,TCC,KMS25141745,8900,2026-03-13 19:23:54,Entregado,2026-03-13 18:14:24,True,1.0,1.7434027777777779,True
PED003214,10,10,2026-01-16 14:40:10,2026-01-18 18:59:08,52.33,0,CEDI Bucaramanga,Bucaramanga,TCC,KMS57249257,18900,2026-01-18 11:40:10,Entregado,2026-01-18 18:59:08,True,0.0,2.179837962962963,True
PED003215,10,10,2026-05-03 13:42:34,2026-05-06 05:46:01,64.07,0,CEDI Cali,Cali,TCC,KMS83210926,11900,2026-05-05 13:42:34,Entregado,2026-05-06 05:46:01,True,0.0,2.6690625,True
PED003216,10,10,2026-02-04 13:40:23,2026-02-05 15:51:57,26.2,0,CEDI Bogotá,Bogotá D.C.,Inter Rapidísimo,KMS55184854,13900,2026-02-05 22:40:23,Entregado,2026-02-05 15:51:57,True,1.0,1.0913657407407407,True
PED003217,10,10,2026-02-14 16:52:22,2026-02-16 19:04:47,50.2,0,CEDI Medellín,Medellín,TCC,KMS43079527,17490,2026-02-16 14:52:22,Entregado,2026-02-16 19:04:47,True,0.0,2.0919560185185184,True
PED003218,10,10,2026-01-14 05:09:25,2026-01-16 08:56:24,51.79,0,CEDI Cali,Cali,Coordinadora,KMS12170952,13090,2026-01-16 05:09:25,Entregado,2026-01-16 08:56:24,True,0.0,2.157627314814815,True
PED003219,10,10,2026-02-01 23:59:05,2026-02-03 22:46:27,46.790000000000006,0,CEDI Barranquilla,Barranquilla,Inter Rapidísimo,KMS28172556,17490,2026-02-04 09:59:05,Entregado,2026-02-03 22:46:27,True,1.0,1.9495601851851851,True
PED003220,10,10,2026-06-10 09:25:10,2026-06-12 09:13:44,47.8,1,CEDI Pereira,Pereira,Coordinadora,KMS14007017,13900,2026-06-12 04:25:10,Entregado,2026-06-12 09:13:44,True,0.0,1.9920601851851851,True
PED003221,10,10,2026-05-24 01:25:49,2026-05-25 14:49:56,37.39,0,CEDI Pereira,Pereira,TCC,KMS87840120,15900,2026-05-26 03:25:49,Entregado,2026-05-25 14:49:56,True,1.0,1.5584143518518518,True
PED003222,10,10,2026-02-05 23:05:17,2026-02-08 02:09:40,51.07,0,CEDI Barranquilla,Barranquilla,Servientrega,KMS31090638,9790,2026-02-08 09:05:17,Entregado,2026-02-08 02:09:40,True,1.0,2.1280439814814813,True
PED003223,10,10,2026-06-20 18:57:33,2026-06-22 06:38:51,35.7,1,CEDI Barranquilla,Barranquilla,Inter Rapidísimo,KMS80372461,15900,2026-06-23 04:57:33,Entregado,2026-06-22 06:38:51,True,1.0,1.4870138888888889,True
PED003224,10,10,2026-06-02 04:56:52,2026-06-02 16:47:36,11.83,0,CEDI Bogotá,Bogotá D.C.,Inter Rapidísimo,KMS70195316,11900,2026-06-03 13:56:52,Entregado,2026-06-02 16:47:36,True,1.0,0.4935648148148148,True
PED003225,10,10,2026-02-19 05:36:07,2026-02-20 07:46:45,26.18,0,CEDI Bogotá,Bogotá D.C.,Servientrega,KMS88498833,20790,2026-02-20 21:36:07,Entregado,2026-02-20 07:46:45,True,1.0,1.0907175925925925,True
PED003226,10,10,2026-01-22 23:12:23,2026-01-25 04:48:02,53.6,0,CEDI Barranquilla,Barranquilla,Coordinadora,KMS58557754,18900,2026-01-25 09:12:23,Entregado,2026-01-25 04:48:02,True,1.0,2.233090277777778,True
PED003227,10,10,2026-01-26 18:34:46,2026-01-27 21:48:04,27.23,0,CEDI Bogotá,Bogotá D.C.,Inter Rapidísimo,KMS86653951,8900,2026-01-28 03:34:46,Entregado,2026-01-27 21:48:04,True,1.0,1.134236111111111,True
PED003228,10,10,2026-03-01 23:58:04,2026-03-03 06:26:46,30.48,0,CEDI Cali,Cali,Coordinadora,KMS17129687,18900,2026-03-03 23:58:04,Entregado,2026-03-03 06:26:46,True,1.0,1.2699305555555556,True
PED003229,10,10,2026-06-18 10:57:38,2026-06-21 01:02:55,62.09,0,CEDI Medellín,Medellín,Inter Rapidísimo,KMS81433400,15900,2026-06-20 08:57:38,Entregado,2026-06-21 01:02:55,True,0.0,2.5870023148148147,True
PED003230,10,10,2026-03-19 08:22:05,2026-03-20 14:20:17,29.96,0,CEDI Medellín,Medellín,Servientrega,KMS40080092,9900,2026-03-21 06:22:05,Entregado,2026-03-20 14:20:17,True,1.0,1.24875,True
PED003231,10,10,2026-06-13 19:58:16,2026-06-15 22:15:06,50.29,0,CEDI Medellín,Medellín,TCC,KMS36505748,9900,2026-06-15 17:58:16,Entregado,2026-06-15 22:15:06,True,0.0,2.0950231481481483,True
PED003232,10,10,2026-04-01 10:58:38,2026-04-02 11:33:17,24.57,0,CEDI Cali,Cali,Inter Rapidísimo,KMS64308610,10890,2026-04-03 03:58:38,Entregado,2026-04-02 11:33:17,True,1.0,1.0240625,True
PED003233,10,10,2026-03-08 15:57:43,2026-03-09 13:10:06,21.21,0,CEDI Bogotá,Bogotá D.C.,TCC,KMS75156745,18900,2026-03-10 07:57:43,Entregado,2026-03-09 13:10:06,True,1.0,0.8835995370370371,True
PED003234,10,10,2026-03-17 22:08:27,2026-03-19 23:06:30,48.96,0,CEDI Cali,Cali,Envia,KMS67853137,13900,2026-03-19 22:08:27,Entregado,2026-03-19 23:06:30,True,0.0,2.0403125,True
PED003235,10,10,2026-03-03 21:58:32,2026-03-05 21:52:28,47.9,0,CEDI Bogotá,Bogotá D.C.,Servientrega,KMS84860602,15900,2026-03-05 06:58:32,Entregado,2026-03-05 21:52:28,True,0.0,1.995787037037037,True
PED003236,10,10,2026-06-02 18:35:10,2026-06-03 20:18:49,25.73,0,CEDI Medellín,Medellín,TCC,KMS56997222,13900,2026-06-04 16:35:10,Entregado,2026-06-03 20:18:49,True,1.0,1.0719791666666667,True
PED003237,10,10,2026-04-10 11:04:06,2026-04-11 17:08:18,30.07,0,CEDI Bogotá,Bogotá D.C.,Servientrega,KMS81271523,9900,2026-04-12 03:04:06,Entregado,2026-04-11 17:08:18,True,1.0,1.2529166666666667,True
PED003238,10,10,2026-03-16 23:06:56,2026-03-18 01:52:13,26.77,0,CEDI Bogotá,Bogotá D.C.,Coordinadora,KMS69485462,15290,2026-03-18 08:06:56,Entregado,2026-03-18 01:52:13,True,1.0,1.1147800925925926,True
PED003239,10,10,2026-03-21 19:13:07,2026-03-22 19:00:51,23.79,0,CEDI Cali,Cali,TCC,KMS40738628,15900,2026-03-23 12:13:07,Entregado,2026-03-22 19:00:51,True,1.0,0.9914814814814815,True
PED003240,10,10,2026-05-05 20:04:09,2026-05-07 21:35:39,49.53,0,CEDI Barranquilla,Barranquilla,Inter Rapidísimo,KMS98404281,9900,2026-05-08 06:04:09,Entregado,2026-05-07 21:35:39,True,1.0,2.0635416666666666,True
PED003241,10,10,2026-05-28 21:46:28,2026-05-30 14:41:01,40.91,0,CEDI Bogotá,Bogotá D.C.,TCC,KMS55037527,15290,2026-05-30 13:46:28,Entregado,2026-05-30 14:41:01,True,0.0,1.704548611111111,True
PED003242,10,10,2026-03-19 22:26:18,2026-03-20 21:02:14,22.6,0,CEDI Bogotá,Bogotá D.C.,Envia,KMS81658131,18900,2026-03-21 14:26:18,Entregado,2026-03-20 21:02:14,True,1.0,0.9416203703703704,True
PED003243,10,10,2026-05-02 14:00:38,2026-05-05 01:19:47,59.32,0,CEDI Barranquilla,Barranquilla,Inter Rapidísimo,KMS28940512,8900,2026-05-05 00:00:38,Entregado,2026-05-05 01:19:47,True,0.0,2.4716319444444443,True
PED003244,10,10,2026-03-04 00:17:35,2026-03-05 17:03:34,40.76,0,CEDI Bogotá,Bogotá D.C.,Coordinadora,KMS86841739,9900,2026-03-05 16:17:35,Entregado,2026-03-05 17:03:34,True,0.0,1.698599537037037,True
PED003245,10,10,2026-02-25 14:32:05,2026-02-27 23:21:08,56.82,0,CEDI Cali,Cali,TCC,KMS57132058,13090,2026-02-27 14:32:05,Entregado,2026-02-27 23:21:08,True,0.0,2.367395833333333,True
PED003246,10,10,2026-05-06 22:01:38,2026-05-09 13:03:39,63.04,0,CEDI Cali,Cali,Envia,KMS62469897,13900,2026-05-08 22:01:38,Entregado,2026-05-09 13:03:39,True,0.0,2.626400462962963,True
PED003247,10,10,2026-04-22 21:45:21,2026-04-24 02:34:49,28.82,0,CEDI Bogotá,Bogotá D.C.,TCC,KMS35396175,11900,2026-04-24 06:45:21,Entregado,2026-04-24 02:34:49,True,1.0,1.2010185185185185,True
PED003248,10,10,2026-03-22 17:23:02,2026-03-23 17:45:24,24.36,0,CEDI Bucaramanga,Bucaramanga,Servientrega,KMS40883633,11900,2026-03-24 14:23:02,Entregado,2026-03-23 17:45:24,True,1.0,1.0155324074074075,True
PED003249,10,10,2026-06-16 23:47:06,2026-06-18 04:32:25,28.75,0,CEDI Bogotá,Bogotá D.C.,TCC,KMS84405393,8900,2026-06-18 15:47:06,Entregado,2026-06-18 04:32:25,True,1.0,1.1981365740740741,True
PED003250,10,10,2026-05-19 02:17:29,2026-05-20 03:43:38,25.44,0,CEDI Bogotá,Bogotá D.C.,Envia,KMS82157895,18900,2026-05-20 18:17:29,Entregado,2026-05-20 03:43:38,True,1.0,1.0598263888888888,True
PED003251,10,10,2026-06-25 17:10:48,2026-06-27 11:40:11,42.480000000000004,0,CEDI Bucaramanga,Bucaramanga,Inter Rapidísimo,KMS66733626,10890,2026-06-27 21:10:48,Entregado,2026-06-27 11:40:11,True,1.0,1.7704050925925925,True
PED003252,10,10,2026-06-26 06:53:54,2026-06-27 21:47:35,38.879999999999995,0,CEDI Medellín,Medellín,Envia,KMS78698705,11900,2026-06-27 21:53:54,Entregado,2026-06-27 21:47:35,True,1.0,1.620613425925926,True
PED003253,10,10,2026-03-18 21:14:41,2026-03-19 13:11:30,15.940000000000001,0,CEDI Bogotá,Bogotá D.C.,TCC,KMS12051876,13900,2026-03-20 13:14:41,Entregado,2026-03-19 13:11:30,True,1.0,0.6644560185185185,True
PED003254,10,10,2026-05-21 06:15:00,2026-05-22 05:19:49,23.08,1,CEDI Bogotá,Bogotá D.C.,Coordinadora,KMS89140587,10890,2026-05-22 15:15:00,Entregado,2026-05-22 05:19:49,True,1.0,0.9616782407407407,True
PED003255,10,10,2026-05-20 16:27:48,2026-05-21 21:45:34,29.31,0,CEDI Bogotá,Bogotá D.C.,Coordinadora,KMS80151012,13900,2026-05-22 01:27:48,Entregado,2026-05-21 21:45:34,True,1.0,1.2206712962962962,True
PED003256,10,10,2026-05-26 08:17:41,2026-05-27 17:39:51,33.37,0,CEDI Barranquilla,Barranquilla,Inter Rapidísimo,KMS90056114,9900,2026-05-28 11:17:41,Entregado,2026-05-27 17:39:51,True,1.0,1.3903935185185186,True
PED003257,10,10,2026-06-05 12:30:35,2026-06-07 18:43:28,54.21,0,CEDI Bogotá,Bogotá D.C.,Coordinadora,KMS94054980,15900,2026-06-06 21:30:35,Entregado,2026-06-07 18:43:28,True,0.0,2.2589467592592594,True
PED003258,10,10,2026-06-26 12:21:23,2026-06-27 17:48:17,29.45,0,CEDI Cali,Cali,TCC,KMS44805282,9900,2026-06-28 12:21:23,Entregado,2026-06-27 17:48:17,True,1.0,1.2270138888888888,True
PED003259,10,10,2026-03-08 09:27:45,2026-03-09 17:31:27,32.06,0,CEDI Barranquilla,Barranquilla,Servientrega,KMS27621973,15900,2026-03-10 19:27:45,Entregado,2026-03-09 17:31:27,True,1.0,1.3359027777777779,True
PED003260,10,10,2026-05-17 12:36:11,2026-05-18 01:27:10,12.86,0,CEDI Bogotá,Bogotá D.C.,Coordinadora,KMS27592408,13900,2026-05-18 21:36:11,Entregado,2026-05-18 01:27:10,True,1.0,0.5354050925925926,True
PED003261,10,10,2026-02-10 23:33:23,2026-02-11 18:10:57,18.62,0,CEDI Bogotá,Bogotá D.C.,Envia,KMS15111714,9900,2026-02-12 08:33:23,Entregado,2026-02-11 18:10:57,True,1.0,0.776087962962963,True
PED003262,10,10,2026-03-15 12:30:42,2026-03-16 14:55:22,26.42,0,CEDI Medellín,Medellín,TCC,KMS96506001,15900,2026-03-17 10:30:42,Entregado,2026-03-16 14:55:22,True,1.0,1.100462962962963,True
PED003263,10,10,2026-04-16 02:00:11,2026-04-17 20:33:54,42.56,0,CEDI Pereira,Pereira,Coordinadora,KMS12715490,8900,2026-04-18 04:00:11,Entregado,2026-04-17 20:33:54,True,1.0,1.773414351851852,True
PED003264,10,10,2026-02-01 20:23:45,2026-02-03 11:15:14,38.87,0,CEDI Pereira,Pereira,Coordinadora,KMS84845259,8900,2026-02-03 22:23:45,Entregado,2026-02-03 11:15:14,True,1.0,1.6190856481481481,True
PED003265,10,10,2026-04-17 09:19:47,2026-04-18 21:22:34,36.05,0,CEDI Cali,Cali,Envia,KMS24584136,9900,2026-04-19 09:19:47,Entregado,2026-04-18 21:22:34,True,1.0,1.5019328703703703,True
PED003266,10,10,2026-02-08 17:59:20,2026-02-10 14:19:27,44.34,0,CEDI Barranquilla,Barranquilla,Coordinadora,KMS26355820,13900,2026-02-11 03:59:20,Entregado,2026-02-10 14:19:27,True,1.0,1.8473032407407408,True
PED003267,10,10,2026-04-08 15:18:02,2026-04-10 13:32:40,46.230000000000004,0,CEDI Cali,Cali,Servientrega,KMS93262372,9900,2026-04-10 15:18:02,Entregado,2026-04-10 13:32:40,True,1.0,1.9268287037037037,True
PED003268,10,10,2026-01-06 20:43:49,2026-01-08 19:20:07,46.61,0,CEDI Barranquilla,Barranquilla,Envia,KMS53056605,18900,2026-01-09 06:43:49,Entregado,2026-01-08 19:20:07,True,1.0,1.941875,True
PED003269,10,10,2026-03-18 15:12:02,2026-03-20 03:10:23,35.97,0,CEDI Barranquilla,Barranquilla,Envia,KMS78171474,20790,2026-03-20 18:12:02,Entregado,2026-03-20 03:10:23,True,1.0,1.4988541666666666,True
PED003270,10,10,2026-06-08 13:36:23,2026-06-09 11:49:15,22.22,0,CEDI Bogotá,Bogotá D.C.,Inter Rapidísimo,KMS67757926,17490,2026-06-10 05:36:23,Entregado,2026-06-09 11:49:15,True,1.0,0.9256018518518518,True
PED003271,10,10,2026-03-31 06:17:03,2026-04-01 05:34:29,23.28,0,CEDI Bogotá,Bogotá D.C.,TCC,KMS39570187,9900,2026-04-01 22:17:03,Entregado,2026-04-01 05:34:29,True,1.0,0.9704398148148148,True
PED003272,9,9,2026-04-26 08:50:26,2026-04-27 14:00:49,29.18,0,CEDI Pereira,Pereira,Inter Rapidísimo,KMS37718495,17490,2026-04-28 10:50:26,En ruta de entrega,,False,,,False
PED003273,10,10,2026-04-24 21:18:52,2026-04-26 20:53:51,47.57,0,CEDI Pereira,Pereira,Envia,KMS15184771,18900,2026-04-26 23:18:52,Entregado,2026-04-26 20:53:51,True,1.0,1.9826273148148148,True
PED003274,10,10,2026-02-20 16:45:34,2026-02-22 10:58:17,42.21,0,CEDI Cali,Cali,Servientrega,KMS29381304,11900,2026-02-22 16:45:34,Entregado,2026-02-22 10:58:17,True,1.0,1.7588310185185185,True
PED003275,10,10,2026-03-16 18:20:54,2026-03-18 08:46:22,38.43,0,CEDI Cali,Cali,TCC,KMS72088325,13900,2026-03-18 18:20:54,Entregado,2026-03-18 08:46:22,True,1.0,1.6010185185185186,True
PED003276,9,9,2026-02-19 14:59:14,2026-02-22 03:32:41,61.36,0,CEDI Cali,Cali,TCC,KMS29780511,15290,2026-02-21 14:11:06,Entregado,2026-02-22 03:32:41,True,0.0,2.523229166666667,False
PED003277,10,10,2026-04-18 11:51:10,2026-04-19 22:01:19,34.17,0,CEDI Cali,Cali,TCC,KMS58014723,17490,2026-04-20 11:51:10,Entregado,2026-04-19 22:01:19,True,1.0,1.4237152777777777,True
PED003278,10,10,2026-04-10 14:16:27,2026-04-11 10:25:17,20.15,0,CEDI Medellín,Medellín,Inter Rapidísimo,KMS53662192,8900,2026-04-12 05:16:27,Entregado,2026-04-11 10:25:17,True,1.0,0.8394675925925926,True
PED003279,10,10,2026-01-14 18:50:08,2026-01-16 14:19:06,43.49,0,CEDI Pereira,Pereira,TCC,KMS37938563,15900,2026-01-16 20:50:08,Entregado,2026-01-16 14:19:06,True,1.0,1.8117824074074074,True
PED003280,10,10,2026-01-13 00:39:37,2026-01-13 19:29:01,18.82,0,CEDI Bogotá,Bogotá D.C.,Envia,KMS89649691,9900,2026-01-14 16:39:37,Entregado,2026-01-13 19:29:01,True,1.0,0.7843055555555556,True
PED003281,10,10,2026-02-05 06:45:53,2026-02-06 16:05:49,33.34,0,CEDI Medellín,Medellín,TCC,KMS25620322,18900,2026-02-07 04:45:53,Entregado,2026-02-06 16:05:49,True,1.0,1.3888425925925927,True
PED003282,10,10,2026-03-12 21:52:12,2026-03-13 22:09:45,24.29,0,CEDI Bogotá,Bogotá D.C.,TCC,KMS24178777,18900,2026-03-14 13:52:12,Entregado,2026-03-13 22:09:45,True,1.0,1.0121875,True
PED003283,9,9,2026-05-23 20:58:43,2026-05-24 23:50:29,21.03,0,CEDI Barranquilla,Barranquilla,Coordinadora,KMS60700474,11900,2026-05-25 23:58:43,Entregado,2026-05-24 23:50:29,True,1.0,1.1192824074074075,False
PED003284,10,10,2026-05-24 17:47:36,2026-05-26 06:08:14,36.339999999999996,1,CEDI Bucaramanga,Bucaramanga,Envia,KMS79047502,11900,2026-05-26 21:47:36,Entregado,2026-05-26 06:08:14,True,1.0,1.5143287037037036,True
PED003285,10,10,2026-02-10 03:02:15,2026-02-12 12:07:39,57.089999999999996,0,CEDI Bogotá,Bogotá D.C.,Inter Rapidísimo,KMS64291819,8900,2026-02-11 19:02:15,Entregado,2026-02-12 12:07:39,True,0.0,2.37875,True
PED003286,9,9,2026-05-28 15:06:24,2026-05-31 06:31:21,47.46,0,CEDI Medellín,Medellín,Coordinadora,KMS88944923,11900,2026-05-30 13:06:24,Entregado,2026-05-31 06:31:21,True,0.0,2.642326388888889,False
PED003287,10,10,2026-03-02 19:59:27,2026-03-05 03:06:48,55.11,0,CEDI Cali,Cali,Envia,KMS56416721,11900,2026-03-04 19:59:27,Entregado,2026-03-05 03:06:48,True,0.0,2.2967708333333334,True
PED003288,10,10,2026-04-21 12:57:53,2026-04-23 20:02:15,55.08,0,CEDI Pereira,Pereira,Inter Rapidísimo,KMS75498176,17490,2026-04-23 14:57:53,Entregado,2026-04-23 20:02:15,True,0.0,2.294699074074074,True
PED003289,10,10,2026-04-11 10:44:26,2026-04-13 05:57:28,43.21,0,CEDI Medellín,Medellín,Inter Rapidísimo,KMS76870342,13900,2026-04-13 08:44:26,Entregado,2026-04-13 05:57:28,True,1.0,1.8007175925925927,True
PED003290,10,10,2026-03-05 17:41:46,2026-03-06 20:45:48,27.07,0,CEDI Cali,Cali,TCC,KMS77482108,15900,2026-03-07 17:41:46,Entregado,2026-03-06 20:45:48,True,1.0,1.1278009259259258,True
PED003291,10,10,2026-02-04 10:13:32,2026-02-05 13:33:12,27.330000000000002,0,CEDI Bogotá,Bogotá D.C.,Envia,KMS33968820,13900,2026-02-06 02:13:32,Entregado,2026-02-05 13:33:12,True,1.0,1.1386574074074074,True
PED003292,10,10,2026-05-30 21:24:43,2026-06-01 12:13:58,38.81,0,CEDI Medellín,Medellín,TCC,KMS25724408,9790,2026-06-01 19:24:43,Entregado,2026-06-01 12:13:58,True,1.0,1.6175347222222223,True
PED003293,10,10,2026-03-24 17:42:35,2026-03-26 03:32:43,33.82,0,CEDI Cali,Cali,TCC,KMS93340287,8900,2026-03-26 17:42:35,Entregado,2026-03-26 03:32:43,True,1.0,1.4098148148148149,True
PED003294,10,10,2026-06-28 21:12:07,2026-07-01 05:35:37,56.379999999999995,0,CEDI Bogotá,Bogotá D.C.,TCC,KMS72213621,8900,2026-06-30 13:12:07,Entregado,2026-07-01 05:35:37,True,0.0,2.3496527777777776,True
PED003295,10,10,2026-05-01 01:15:56,2026-05-02 06:17:04,29.02,0,CEDI Medellín,Medellín,Coordinadora,KMS45912857,9900,2026-05-02 23:15:56,Entregado,2026-05-02 06:17:04,True,1.0,1.2091203703703703,True
PED003296,10,10,2026-04-26 03:00:02,2026-04-27 02:03:59,23.06,0,CEDI Bogotá,Bogotá D.C.,Envia,KMS58626942,15900,2026-04-27 12:00:02,Entregado,2026-04-27 02:03:59,True,1.0,0.9610763888888889,True
PED003297,10,10,2026-02-25 11:15:23,2026-02-26 13:28:46,26.21,0,CEDI Cali,Cali,TCC,KMS82984138,15290,2026-02-27 11:15:23,Entregado,2026-02-26 13:28:46,True,1.0,1.092627314814815,True
PED003298,10,10,2026-02-13 21:17:29,2026-02-14 22:43:18,25.43,0,CEDI Cali,Cali,Servientrega,KMS23460818,11900,2026-02-15 21:17:29,Entregado,2026-02-14 22:43:18,True,1.0,1.0595949074074074,True
PED003299,10,10,2026-03-25 10:42:01,2026-03-26 18:37:13,31.93,0,CEDI Barranquilla,Barranquilla,Coordinadora,KMS46060954,15290,2026-03-27 13:42:01,Entregado,2026-03-26 18:37:13,True,1.0,1.33,True
PED003300,10,10,2026-06-20 18:02:01,2026-06-22 23:04:24,53.05,0,CEDI Barranquilla,Barranquilla,Envia,KMS86788566,9900,2026-06-23 04:02:01,Entregado,2026-06-22 23:04:24,True,1.0,2.209988425925926,True
PED003301,10,10,2026-03-04 08:18:06,2026-03-07 03:47:18,67.48,0,CEDI Medellín,Medellín,TCC,KMS69499779,8900,2026-03-06 06:18:06,Entregado,2026-03-07 03:47:18,True,0.0,2.8119444444444444,True
PED003302,10,10,2026-01-09 03:14:23,2026-01-10 17:28:15,38.22,0,CEDI Cali,Cali,Inter Rapidísimo,KMS27961551,11900,2026-01-11 03:14:23,Entregado,2026-01-10 17:28:15,True,1.0,1.592962962962963,True
PED003303,10,10,2026-02-15 04:46:25,2026-02-16 11:08:46,30.369999999999997,0,CEDI Medellín,Medellín,Inter Rapidísimo,KMS55176130,13900,2026-02-17 02:46:25,Entregado,2026-02-16 11:08:46,True,1.0,1.2655208333333334,True
PED003304,10,10,2026-06-18 19:52:52,2026-06-20 11:54:22,40.02,0,CEDI Pereira,Pereira,Coordinadora,KMS72042339,15290,2026-06-20 21:52:52,Entregado,2026-06-20 11:54:22,True,1.0,1.6677083333333333,True
PED003305,10,10,2026-01-08 04:55:30,2026-01-09 14:57:16,34.03,1,CEDI Bogotá,Bogotá D.C.,Envia,KMS72548641,9900,2026-01-09 20:55:30,Entregado,2026-01-09 14:57:16,True,1.0,1.4178935185185184,True
PED003306,10,10,2026-04-23 06:55:16,2026-04-24 13:36:58,30.7,0,CEDI Medellín,Medellín,Servientrega,KMS73534438,9900,2026-04-24 21:55:16,Entregado,2026-04-24 13:36:58,True,1.0,1.2789583333333334,True
PED003307,10,10,2026-06-27 06:24:41,2026-06-28 02:10:48,19.78,0,CEDI Medellín,Medellín,Servientrega,KMS19826600,9900,2026-06-29 04:24:41,Entregado,2026-06-28 02:10:48,True,1.0,0.8236921296296297,True
PED003308,10,10,2026-03-09 08:44:46,2026-03-10 21:19:09,36.59,0,CEDI Bogotá,Bogotá D.C.,Inter Rapidísimo,KMS76806682,15290,2026-03-11 00:44:46,Entregado,2026-03-10 21:19:09,True,1.0,1.5238773148148148,True
PED003309,10,10,2026-06-29 14:47:34,2026-06-30 18:41:25,27.900000000000002,0,CEDI Bogotá,Bogotá D.C.,Coordinadora,KMS35399834,15290,2026-07-01 06:47:34,Entregado,2026-06-30 18:41:25,True,1.0,1.1623958333333333,True
PED003310,10,10,2026-03-17 14:43:43,2026-03-19 00:23:52,33.66,0,CEDI Cali,Cali,Servientrega,KMS66036194,11900,2026-03-19 14:43:43,Entregado,2026-03-19 00:23:52,True,1.0,1.4028819444444445,True
PED003311,10,10,2026-02-28 12:32:36,2026-03-01 01:07:12,12.58,0,CEDI Bogotá,Bogotá D.C.,Envia,KMS27906487,13900,2026-03-01 21:32:36,Entregado,2026-03-01 01:07:12,True,1.0,0.5240277777777778,True
PED003312,10,10,2026-01-27 05:27:58,2026-01-29 00:57:48,43.5,1,CEDI Bogotá,Bogotá D.C.,Inter Rapidísimo,KMS46306973,17490,2026-01-28 14:27:58,Entregado,2026-01-29 00:57:48,True,0.0,1.8123842592592592,True
PED003313,10,10,2026-05-04 14:13:13,2026-05-06 13:25:57,47.21,0,CEDI Barranquilla,Barranquilla,Servientrega,KMS47917338,11900,2026-05-07 00:13:13,Entregado,2026-05-06 13:25:57,True,1.0,1.9671759259259258,True
PED003314,10,10,2026-03-31 18:02:37,2026-04-02 07:38:29,37.6,0,CEDI Cali,Cali,Coordinadora,KMS20178918,15900,2026-04-02 18:02:37,Entregado,2026-04-02 07:38:29,True,1.0,1.5665740740740741,True
PED003315,10,10,2026-06-06 22:49:57,2026-06-08 00:48:12,25.95,0,CEDI Bucaramanga,Bucaramanga,Inter Rapidísimo,KMS63851119,9900,2026-06-08 19:49:57,Entregado,2026-06-08 00:48:12,True,1.0,1.0821180555555556,True
PED003316,10,10,2026-03-06 22:37:44,2026-03-08 11:20:40,36.71,0,CEDI Medellín,Medellín,Envia,KMS58251471,13900,2026-03-08 20:37:44,Entregado,2026-03-08 11:20:40,True,1.0,1.5298148148148147,True
PED003317,10,10,2026-01-29 04:59:18,2026-01-31 15:10:44,58.19,1,CEDI Medellín,Medellín,TCC,KMS75871447,8900,2026-01-31 02:59:18,Entregado,2026-01-31 15:10:44,True,0.0,2.4246064814814816,True
PED003318,10,10,2026-01-11 03:06:43,2026-01-12 00:27:05,21.34,0,CEDI Bogotá,Bogotá D.C.,Coordinadora,KMS48616599,11900,2026-01-12 19:06:43,Entregado,2026-01-12 00:27:05,True,1.0,0.8891435185185185,True
PED003319,10,10,2026-02-03 04:47:44,2026-02-04 19:57:49,39.18,0,CEDI Bogotá,Bogotá D.C.,Envia,KMS10616323,15290,2026-02-04 20:47:44,Entregado,2026-02-04 19:57:49,True,1.0,1.6320023148148148,True
PED003320,10,10,2026-06-14 03:32:19,2026-06-14 23:47:06,20.259999999999998,0,CEDI Bogotá,Bogotá D.C.,TCC,KMS21871661,8900,2026-06-15 19:32:19,Entregado,2026-06-14 23:47:06,True,1.0,0.843599537037037,True
PED003321,10,10,2026-01-05 07:47:40,2026-01-06 19:57:58,36.19,1,CEDI Pereira,Pereira,Envia,KMS92207051,11900,2026-01-07 09:47:40,Entregado,2026-01-06 19:57:58,True,1.0,1.5071527777777778,True
PED003322,10,10,2026-01-31 19:14:36,2026-02-02 07:54:38,36.660000000000004,0,CEDI Cali,Cali,TCC,KMS42788714,18900,2026-02-02 19:14:36,Entregado,2026-02-02 07:54:38,True,1.0,1.527800925925926,True
PED003323,10,10,2026-06-23 21:55:12,2026-06-24 20:22:52,22.47,0,CEDI Bogotá,Bogotá D.C.,TCC,KMS59866611,15290,2026-06-25 06:55:12,Entregado,2026-06-24 20:22:52,True,1.0,0.9358796296296297,True
PED003324,10,10,2026-03-18 22:48:54,2026-03-20 14:31:10,39.7,0,CEDI Bucaramanga,Bucaramanga,Envia,KMS14587684,9900,2026-03-20 19:48:54,Entregado,2026-03-20 14:31:10,True,1.0,1.6543518518518519,True
PED003325,10,10,2026-01-18 10:48:28,2026-01-19 22:16:33,35.47,1,CEDI Bogotá,Bogotá D.C.,Envia,KMS96757112,9900,2026-01-20 02:48:28,Entregado,2026-01-19 22:16:33,True,1.0,1.477835648148148,True
PED003326,10,10,2026-05-20 14:05:00,2026-05-21 00:05:00,10.0,0,CEDI Bogotá,Bogotá D.C.,TCC,KMS86451961,17490,2026-05-21 23:05:00,Entregado,2026-05-21 00:05:00,True,1.0,0.4166666666666667,True
PED003327,10,10,2026-02-25 15:09:37,2026-02-26 09:02:49,17.88,0,CEDI Bogotá,Bogotá D.C.,Envia,KMS27849357,13090,2026-02-27 07:09:37,Entregado,2026-02-26 09:02:49,True,1.0,0.7452777777777778,True
PED003328,10,10,2026-04-04 10:53:48,2026-04-05 14:40:08,27.759999999999998,0,CEDI Bucaramanga,Bucaramanga,Servientrega,KMS87339256,15290,2026-04-06 07:53:48,Entregado,2026-04-05 14:40:08,True,1.0,1.157175925925926,True
PED003329,10,10,2026-04-17 17:41:17,2026-04-18 20:24:44,26.71,1,CEDI Bucaramanga,Bucaramanga,Coordinadora,KMS82688486,9900,2026-04-19 14:41:17,Entregado,2026-04-18 20:24:44,True,1.0,1.1135069444444445,True
PED003330,10,10,2026-04-15 06:40:06,2026-04-16 14:41:50,32.03,0,CEDI Bogotá,Bogotá D.C.,Envia,KMS57358533,8900,2026-04-16 22:40:06,Entregado,2026-04-16 14:41:50,True,1.0,1.334537037037037,True
PED003331,10,10,2026-03-13 04:21:36,2026-03-15 08:32:46,52.17,0,CEDI Cali,Cali,Inter Rapidísimo,KMS22510013,9790,2026-03-14 21:21:36,Entregado,2026-03-15 08:32:46,True,0.0,2.174421296296296,True
PED003332,10,10,2026-02-11 01:52:45,2026-02-12 08:40:18,30.79,0,CEDI Bogotá,Bogotá D.C.,TCC,KMS63307742,18900,2026-02-12 10:52:45,Entregado,2026-02-12 08:40:18,True,1.0,1.2830208333333333,True
PED003333,10,10,2026-03-16 23:27:13,2026-03-18 02:03:21,26.59,0,CEDI Medellín,Medellín,Envia,KMS43267098,18900,2026-03-18 14:27:13,Entregado,2026-03-18 02:03:21,True,1.0,1.108425925925926,True
PED003334,10,10,2026-01-27 05:28:24,2026-01-28 21:49:01,40.35,0,CEDI Cali,Cali,Servientrega,KMS90292566,9790,2026-01-29 05:28:24,Entregado,2026-01-28 21:49:01,True,1.0,1.6809837962962964,True
PED003335,10,10,2026-06-16 21:44:59,2026-06-18 00:34:11,26.82,0,CEDI Cali,Cali,Envia,KMS44465313,8900,2026-06-18 14:44:59,Entregado,2026-06-18 00:34:11,True,1.0,1.1175,True
PED003336,10,10,2026-03-19 08:58:06,2026-03-20 22:24:54,37.44,0,CEDI Barranquilla,Barranquilla,Envia,KMS98197813,8900,2026-03-21 18:58:06,Entregado,2026-03-20 22:24:54,True,1.0,1.5602777777777779,True
PED003337,10,10,2026-05-25 09:21:26,2026-05-27 17:07:34,55.78,0,CEDI Cali,Cali,Servientrega,KMS27952842,9900,2026-05-27 09:21:26,Entregado,2026-05-27 17:07:34,True,0.0,2.323703703703704,True
PED003338,10,10,2026-02-11 03:44:35,2026-02-12 05:50:20,26.1,0,CEDI Bucaramanga,Bucaramanga,Inter Rapidísimo,KMS40597467,8900,2026-02-13 00:44:35,Entregado,2026-02-12 05:50:20,True,1.0,1.0873263888888889,True
PED003339,10,10,2026-03-07 00:58:27,2026-03-08 15:27:02,38.48,0,CEDI Cali,Cali,Servientrega,KMS61053063,15900,2026-03-08 17:58:27,Entregado,2026-03-08 15:27:02,True,1.0,1.6031828703703703,True
PED003340,10,10,2026-06-24 14:05:10,2026-06-26 00:26:25,34.36,0,CEDI Medellín,Medellín,Inter Rapidísimo,KMS90925134,10890,2026-06-26 12:05:10,Entregado,2026-06-26 00:26:25,True,1.0,1.4314236111111112,True
PED003341,10,10,2026-06-22 22:47:10,2026-06-24 02:20:44,27.560000000000002,0,CEDI Bucaramanga,Bucaramanga,Inter Rapidísimo,KMS54943518,8900,2026-06-24 19:47:10,Entregado,2026-06-24 02:20:44,True,1.0,1.1483101851851851,True
PED003342,10,10,2026-05-23 04:42:29,2026-05-24 13:51:14,33.14,0,CEDI Cali,Cali,Coordinadora,KMS44082848,15900,2026-05-25 04:42:29,Entregado,2026-05-24 13:51:14,True,1.0,1.3810763888888888,True
PED003343,10,10,2026-03-25 08:13:58,2026-03-27 08:49:21,48.59,0,CEDI Barranquilla,Barranquilla,Inter Rapidísimo,KMS77293090,9900,2026-03-27 18:13:58,Entregado,2026-03-27 08:49:21,True,1.0,2.0245717592592594,True
PED003344,10,10,2026-03-26 04:54:25,2026-03-27 06:08:19,25.22,0,CEDI Bogotá,Bogotá D.C.,Inter Rapidísimo,KMS10616742,13900,2026-03-27 13:54:25,Entregado,2026-03-27 06:08:19,True,1.0,1.0513194444444445,True
PED003345,10,10,2026-05-30 17:09:20,2026-05-31 17:22:20,24.22,0,CEDI Cali,Cali,Coordinadora,KMS97297949,8900,2026-06-01 10:09:20,Entregado,2026-05-31 17:22:20,True,1.0,1.0090277777777779,True
PED003346,10,10,2026-02-07 07:31:42,2026-02-08 14:49:24,31.29,0,CEDI Bogotá,Bogotá D.C.,Coordinadora,KMS17427445,15900,2026-02-08 23:31:42,Entregado,2026-02-08 14:49:24,True,1.0,1.3039583333333333,True
PED003347,10,10,2026-05-21 01:14:06,2026-05-22 13:46:46,36.54,0,CEDI Bogotá,Bogotá D.C.,TCC,KMS60336682,13900,2026-05-22 17:14:06,Entregado,2026-05-22 13:46:46,True,1.0,1.5226851851851853,True
PED003348,10,10,2026-03-09 19:48:34,2026-03-10 19:23:16,23.560000000000002,0,CEDI Bogotá,Bogotá D.C.,Envia,KMS15389898,13900,2026-03-11 11:48:34,Entregado,2026-03-10 19:23:16,True,1.0,0.9824305555555556,True
PED003349,10,10,2026-02-15 17:44:52,2026-02-17 10:19:14,40.59,0,CEDI Medellín,Medellín,Coordinadora,KMS22471437,9900,2026-02-17 15:44:52,Entregado,2026-02-17 10:19:14,True,1.0,1.6905324074074075,True
PED003350,10,10,2026-02-02 13:50:43,2026-02-03 06:38:48,16.81,0,CEDI Bogotá,Bogotá D.C.,Inter Rapidísimo,KMS98315009,15900,2026-02-04 05:50:43,Entregado,2026-02-03 06:38:48,True,1.0,0.7000578703703704,True
PED003351,10,10,2026-02-28 00:55:42,2026-03-01 03:41:48,26.77,0,CEDI Bogotá,Bogotá D.C.,Coordinadora,KMS99352734,15900,2026-03-01 16:55:42,Entregado,2026-03-01 03:41:48,True,1.0,1.1153472222222223,True
PED003352,10,10,2026-05-14 22:09:15,2026-05-16 06:17:59,32.14,0,CEDI Cali,Cali,Inter Rapidísimo,KMS95020412,8900,2026-05-16 22:09:15,Entregado,2026-05-16 06:17:59,True,1.0,1.339398148148148,True
PED003353,10,10,2026-03-27 16:40:31,2026-03-28 15:11:56,22.51,0,CEDI Cali,Cali,Envia,KMS24889212,20790,2026-03-29 09:40:31,Entregado,2026-03-28 15:11:56,True,1.0,0.9384837962962963,True
PED003354,10,10,2026-05-07 06:05:43,2026-05-08 12:55:12,30.82,0,CEDI Bucaramanga,Bucaramanga,TCC,KMS71646537,11900,2026-05-09 10:05:43,Entregado,2026-05-08 12:55:12,True,1.0,1.284363425925926,True
PED003355,10,10,2026-05-02 05:54:36,2026-05-03 07:41:05,25.759999999999998,1,CEDI Bogotá,Bogotá D.C.,Inter Rapidísimo,KMS69120578,13090,2026-05-03 21:54:36,Entregado,2026-05-03 07:41:05,True,1.0,1.0739467592592593,True
PED003356,10,10,2026-04-04 07:08:22,2026-04-05 12:56:29,29.8,0,CEDI Pereira,Pereira,Inter Rapidísimo,KMS83205240,9900,2026-04-06 02:08:22,Entregado,2026-04-05 12:56:29,True,1.0,1.2417476851851852,True
PED003357,10,10,2026-01-03 17:11:29,2026-01-04 17:40:52,24.5,0,CEDI Bogotá,Bogotá D.C.,Inter Rapidísimo,KMS51354634,15900,2026-01-05 09:11:29,Entregado,2026-01-04 17:40:52,True,1.0,1.0204050925925925,True
PED003358,10,10,2026-01-06 04:14:56,2026-01-08 09:47:23,53.54,0,CEDI Bucaramanga,Bucaramanga,Coordinadora,KMS92345554,15900,2026-01-08 08:14:56,Entregado,2026-01-08 09:47:23,True,0.0,2.2308680555555553,True
PED003359,10,10,2026-04-11 11:39:30,2026-04-13 08:14:03,44.58,0,CEDI Bogotá,Bogotá D.C.,TCC,KMS20551804,8900,2026-04-13 03:39:30,Entregado,2026-04-13 08:14:03,True,0.0,1.857326388888889,True
PED003360,10,10,2026-06-01 10:17:50,2026-06-02 21:00:07,34.71,0,CEDI Medellín,Medellín,Envia,KMS95255320,10890,2026-06-03 08:17:50,Entregado,2026-06-02 21:00:07,True,1.0,1.4460300925925926,True
PED003361,10,10,2026-04-05 04:14:41,2026-04-06 07:17:33,27.060000000000002,0,CEDI Medellín,Medellín,Envia,KMS92714351,9900,2026-04-07 02:14:41,Entregado,2026-04-06 07:17:33,True,1.0,1.1269907407407407,True
PED003362,10,10,2026-01-21 00:38:13,2026-01-22 07:45:01,31.12,0,CEDI Bogotá,Bogotá D.C.,Inter Rapidísimo,KMS16435205,9790,2026-01-22 16:38:13,Entregado,2026-01-22 07:45:01,True,1.0,1.2963888888888888,True
PED003363,10,10,2026-04-29 13:45:31,2026-05-01 12:11:33,46.44,0,CEDI Pereira,Pereira,Coordinadora,KMS17418307,9900,2026-05-01 15:45:31,Entregado,2026-05-01 12:11:33,True,1.0,1.9347453703703703,True
PED003364,10,10,2026-03-29 12:44:57,2026-03-30 20:20:57,31.61,1,CEDI Bogotá,Bogotá D.C.,Envia,KMS32997213,9900,2026-03-31 04:44:57,Entregado,2026-03-30 20:20:57,True,1.0,1.3166666666666667,True
PED003365,10,10,2026-01-18 12:39:33,2026-01-20 02:17:08,37.620000000000005,1,CEDI Bogotá,Bogotá D.C.,TCC,KMS14459376,11900,2026-01-20 04:39:33,Entregado,2026-01-20 02:17:08,True,1.0,1.5677662037037037,True
PED003366,10,10,2026-04-20 00:19:57,2026-04-21 04:49:30,28.490000000000002,0,CEDI Bogotá,Bogotá D.C.,Inter Rapidísimo,KMS69033886,15290,2026-04-21 16:19:57,Entregado,2026-04-21 04:49:30,True,1.0,1.1871875,True
PED003367,10,10,2026-03-14 15:28:52,2026-03-16 08:17:41,40.81,0,CEDI Bucaramanga,Bucaramanga,Envia,KMS71009059,20790,2026-03-16 19:28:52,Entregado,2026-03-16 08:17:41,True,1.0,1.7005671296296296,True
PED003368,10,10,2026-05-29 11:22:48,2026-05-30 23:52:57,36.5,0,CEDI Bogotá,Bogotá D.C.,Envia,KMS22668826,15900,2026-05-31 03:22:48,Entregado,2026-05-30 23:52:57,True,1.0,1.5209375,True
PED003369,10,10,2026-05-20 03:37:50,2026-05-21 17:02:44,37.43,0,CEDI Cali,Cali,TCC,KMS96697268,9900,2026-05-21 20:37:50,Entregado,2026-05-21 17:02:44,True,1.0,1.5589583333333332,True
PED003370,10,10,2026-03-02 00:52:00,2026-03-03 07:32:04,30.67,0,CEDI Pereira,Pereira,Envia,KMS86716935,18900,2026-03-03 19:51:47,Entregado,2026-03-03 07:32:04,True,1.0,1.277824074074074,True
PED003371,10,10,2026-04-15 21:12:49,2026-04-17 01:54:59,28.689999999999998,0,CEDI Bogotá,Bogotá D.C.,Coordinadora,KMS53386604,17490,2026-04-17 13:12:49,Entregado,2026-04-17 01:54:59,True,1.0,1.1959490740740741,True
PED003372,10,10,2026-05-05 09:05:16,2026-05-07 08:45:20,47.67,0,CEDI Bucaramanga,Bucaramanga,Envia,KMS35010617,9900,2026-05-07 13:05:16,Entregado,2026-05-07 08:45:20,True,1.0,1.9861574074074073,True
PED003373,10,10,2026-01-22 19:31:49,2026-01-23 23:33:52,28.03,0,CEDI Bogotá,Bogotá D.C.,TCC,KMS90560141,18900,2026-01-24 04:31:49,Entregado,2026-01-23 23:33:52,True,1.0,1.1680902777777777,True
PED003374,10,10,2026-03-06 07:07:44,2026-03-08 05:46:24,46.64,0,CEDI Barranquilla,Barranquilla,TCC,KMS81741989,8900,2026-03-08 10:07:44,Entregado,2026-03-08 05:46:24,True,1.0,1.9435185185185184,True
PED003375,10,10,2026-05-02 23:29:09,2026-05-04 12:35:01,37.09,0,CEDI Bogotá,Bogotá D.C.,Inter Rapidísimo,KMS48589610,9900,2026-05-04 15:29:09,Entregado,2026-05-04 12:35:01,True,1.0,1.5457407407407406,True
PED003376,10,10,2026-06-29 21:07:14,2026-07-02 03:39:42,54.54,0,CEDI Bucaramanga,Bucaramanga,Inter Rapidísimo,KMS26332777,13900,2026-07-02 01:07:14,Entregado,2026-07-02 03:39:42,True,0.0,2.272546296296296,True
PED003377,10,10,2026-03-03 03:44:28,2026-03-04 22:13:06,42.49,0,CEDI Bucaramanga,Bucaramanga,TCC,KMS41751435,9900,2026-03-05 07:44:28,Entregado,2026-03-04 22:13:06,True,1.0,1.7698842592592592,True
PED003378,10,10,2026-04-29 23:00:27,2026-05-01 04:02:32,29.03,0,CEDI Cali,Cali,Servientrega,KMS94645337,11900,2026-05-01 23:00:27,Entregado,2026-05-01 04:02:32,True,1.0,1.2097800925925926,True
PED003379,10,10,2026-04-13 17:40:05,2026-04-15 23:02:17,53.37,1,CEDI Cali,Cali,Inter Rapidísimo,KMS16113354,11900,2026-04-15 17:40:05,Entregado,2026-04-15 23:02:17,True,0.0,2.22375,True
PED003380,10,10,2026-06-28 18:50:00,2026-07-01 13:01:02,66.18,0,CEDI Bucaramanga,Bucaramanga,Envia,KMS30254316,8900,2026-06-30 22:50:00,Entregado,2026-07-01 13:01:02,True,0.0,2.757662037037037,True
PED003381,10,10,2026-04-19 04:58:52,2026-04-20 01:26:32,20.47,0,CEDI Bogotá,Bogotá D.C.,Coordinadora,KMS19047145,18900,2026-04-20 13:58:52,Entregado,2026-04-20 01:26:32,True,1.0,0.8525462962962963,True
PED003382,10,10,2026-01-29 23:42:23,2026-01-30 18:04:16,18.36,0,CEDI Bogotá,Bogotá D.C.,Coordinadora,KMS73199849,9900,2026-01-31 15:42:23,Entregado,2026-01-30 18:04:16,True,1.0,0.7651967592592592,True
PED003383,10,10,2026-06-25 16:10:30,2026-06-27 06:26:09,38.27,0,CEDI Bucaramanga,Bucaramanga,TCC,KMS34023179,13900,2026-06-27 20:10:30,Entregado,2026-06-27 06:26:09,True,1.0,1.5942013888888888,True
PED003384,10,10,2026-02-26 06:38:12,2026-02-28 00:58:31,42.35,0,CEDI Bucaramanga,Bucaramanga,TCC,KMS44804539,9900,2026-02-28 10:38:12,Entregado,2026-02-28 00:58:31,True,1.0,1.7641087962962962,True
PED003385,10,10,2026-06-12 08:35:25,2026-06-14 01:06:01,40.5,0,CEDI Medellín,Medellín,Coordinadora,KMS89776463,9900,2026-06-14 06:35:25,Entregado,2026-06-14 01:06:01,True,1.0,1.6879166666666667,True
PED003386,10,10,2026-06-21 14:44:54,2026-06-23 00:54:23,34.17,0,CEDI Medellín,Medellín,Envia,KMS14609290,15900,2026-06-23 12:44:54,Entregado,2026-06-23 00:54:23,True,1.0,1.4232523148148148,True
PED003387,10,10,2026-06-19 01:25:32,2026-06-20 16:54:59,39.49,0,CEDI Cali,Cali,Coordinadora,KMS57675443,15900,2026-06-21 01:25:32,Entregado,2026-06-20 16:54:59,True,1.0,1.6454513888888889,True
PED003388,10,10,2026-03-07 20:53:30,2026-03-08 23:26:33,26.54,1,CEDI Bogotá,Bogotá D.C.,Inter Rapidísimo,KMS25948548,18900,2026-03-09 12:53:30,Entregado,2026-03-08 23:26:33,True,1.0,1.1062847222222223,True
PED003389,10,10,2026-03-14 14:43:46,2026-03-16 03:53:17,37.17,0,CEDI Medellín,Medellín,Servientrega,KMS87114292,18900,2026-03-16 05:43:46,Entregado,2026-03-16 03:53:17,True,1.0,1.548275462962963,True
PED003390,10,10,2026-05-04 16:14:05,2026-05-06 00:53:13,32.65,0,CEDI Cali,Cali,Envia,KMS92330611,18900,2026-05-06 16:14:05,Entregado,2026-05-06 00:53:13,True,1.0,1.3605092592592594,True
PED003391,10,10,2026-04-15 18:24:08,2026-04-17 04:55:12,34.52,0,CEDI Cali,Cali,Inter Rapidísimo,KMS48506326,18900,2026-04-17 18:24:08,Entregado,2026-04-17 04:55:12,True,1.0,1.4382407407407407,True
PED003392,10,10,2026-02-04 12:17:32,2026-02-05 03:46:59,15.5,0,CEDI Bogotá,Bogotá D.C.,TCC,KMS35100017,15900,2026-02-06 04:17:32,Entregado,2026-02-05 03:46:59,True,1.0,0.6454513888888889,True
PED003393,10,10,2026-05-10 06:25:50,2026-05-11 19:27:22,37.02,0,CEDI Cali,Cali,TCC,KMS11719124,18900,2026-05-12 06:25:50,Entregado,2026-05-11 19:27:22,True,1.0,1.5427314814814814,True
PED003394,10,10,2026-02-21 10:25:28,2026-02-23 19:10:46,56.75,1,CEDI Bogotá,Bogotá D.C.,Inter Rapidísimo,KMS19037633,11900,2026-02-22 19:25:28,Entregado,2026-02-23 19:10:46,True,0.0,2.3647916666666666,True
PED003395,10,10,2026-04-19 02:42:46,2026-04-20 09:02:40,30.35,0,CEDI Bogotá,Bogotá D.C.,Servientrega,KMS84571752,13900,2026-04-20 18:42:46,Entregado,2026-04-20 09:02:40,True,1.0,1.2638194444444444,True
PED003396,10,10,2026-03-08 14:27:28,2026-03-09 08:08:03,17.669999999999998,0,CEDI Bogotá,Bogotá D.C.,TCC,KMS25490293,9900,2026-03-09 23:27:28,Entregado,2026-03-09 08:08:03,True,1.0,0.7365162037037037,True
PED003397,10,10,2026-03-19 10:28:06,2026-03-21 03:50:47,41.37,0,CEDI Barranquilla,Barranquilla,TCC,KMS68593586,13090,2026-03-21 20:28:06,Entregado,2026-03-21 03:50:47,True,1.0,1.7240856481481481,True
PED003398,10,10,2026-04-28 16:30:22,2026-04-30 14:37:14,46.12,0,CEDI Bogotá,Bogotá D.C.,Servientrega,KMS74545520,15900,2026-04-30 08:30:22,Entregado,2026-04-30 14:37:14,True,0.0,1.9214351851851852,True
PED003399,10,10,2026-03-09 07:14:08,2026-03-10 17:15:31,34.04,0,CEDI Cali,Cali,Inter Rapidísimo,KMS90535501,13900,2026-03-11 07:14:08,Entregado,2026-03-10 17:15:31,True,1.0,1.4176273148148149,True
PED003400,9,9,2026-05-19 16:10:55,2026-05-22 02:13:16,46.65,0,CEDI Bucaramanga,Bucaramanga,TCC,KMS16432969,8900,2026-05-21 20:10:55,Entregado,2026-05-22 02:13:16,True,0.0,2.418298611111111,False
PED003401,10,10,2026-05-12 03:45:17,2026-05-12 13:45:17,9.98,0,CEDI Bogotá,Bogotá D.C.,Inter Rapidísimo,KMS86716961,11900,2026-05-13 12:45:17,Entregado,2026-05-12 13:45:17,True,1.0,0.4166666666666667,True
PED003402,10,10,2026-02-04 07:43:46,2026-02-05 03:35:08,19.86,0,CEDI Bogotá,Bogotá D.C.,Inter Rapidísimo,KMS77374938,8900,2026-02-05 16:43:46,Entregado,2026-02-05 03:35:08,True,1.0,0.8273379629629629,True
PED003403,10,10,2026-06-18 04:19:35,2026-06-19 13:54:28,33.59,0,CEDI Bucaramanga,Bucaramanga,Inter Rapidísimo,KMS91155450,15900,2026-06-20 01:19:35,Entregado,2026-06-19 13:54:28,True,1.0,1.399224537037037,True
PED003404,8,8,2026-04-14 09:54:48,2026-04-15 18:08:56,30.32,0,CEDI Medellín,Medellín,TCC,KMS27245968,15900,2026-04-16 07:54:48,Entregado,2026-04-15 18:08:56,True,1.0,1.3431481481481482,False
PED003405,10,10,2026-01-14 09:52:33,2026-01-15 14:30:54,28.65,0,CEDI Medellín,Medellín,Servientrega,KMS67602136,9900,2026-01-16 07:52:33,Entregado,2026-01-15 14:30:54,True,1.0,1.193298611111111,True
PED003406,10,10,2026-02-14 10:02:45,2026-02-15 02:33:31,16.53,0,CEDI Bogotá,Bogotá D.C.,Coordinadora,KMS50965281,8900,2026-02-16 02:02:45,Entregado,2026-02-15 02:33:31,True,1.0,0.6880324074074075,True
PED003407,10,10,2026-01-21 00:38:12,2026-01-22 17:20:30,40.71,1,CEDI Cali,Cali,Envia,KMS22566362,11900,2026-01-22 17:38:12,Entregado,2026-01-22 17:20:30,True,1.0,1.6960416666666667,True
PED003408,10,10,2026-05-20 20:31:19,2026-05-22 16:13:26,43.699999999999996,0,CEDI Pereira,Pereira,TCC,KMS62961357,18900,2026-05-22 22:31:19,Entregado,2026-05-22 16:13:26,True,1.0,1.8209143518518518,True
PED003409,10,10,2026-02-28 11:41:00,2026-03-01 21:16:28,33.58,0,CEDI Cali,Cali,Coordinadora,KMS27165227,9790,2026-03-02 11:41:00,Entregado,2026-03-01 21:16:28,True,1.0,1.3996296296296296,True
PED003410,10,10,2026-03-17 07:07:10,2026-03-18 23:50:14,40.72,1,CEDI Barranquilla,Barranquilla,Inter Rapidísimo,KMS14649649,18900,2026-03-19 10:07:10,Entregado,2026-03-18 23:50:14,True,1.0,1.696574074074074,True
PED003411,10,10,2026-02-08 13:30:02,2026-02-09 17:09:37,27.66,0,CEDI Bogotá,Bogotá D.C.,Coordinadora,KMS87152395,13900,2026-02-09 22:30:02,Entregado,2026-02-09 17:09:37,True,1.0,1.1524884259259258,True
PED003412,10,10,2026-05-23 06:16:07,2026-05-25 02:28:16,44.21,0,CEDI Bucaramanga,Bucaramanga,Coordinadora,KMS54471856,8900,2026-05-25 10:16:07,Entregado,2026-05-25 02:28:16,True,1.0,1.8417708333333334,True
PED003413,10,10,2026-03-30 11:30:52,2026-03-31 19:42:27,32.2,0,CEDI Bucaramanga,Bucaramanga,Envia,KMS38875317,15900,2026-04-01 08:30:52,Entregado,2026-03-31 19:42:27,True,1.0,1.341377314814815,True
PED003414,10,10,2026-03-29 21:58:17,2026-04-01 04:41:33,54.72,0,CEDI Bogotá,Bogotá D.C.,Envia,KMS64860578,13900,2026-03-31 13:58:17,Entregado,2026-04-01 04:41:33,True,0.0,2.2800462962962964,True
PED003415,10,10,2026-03-04 09:15:07,2026-03-05 05:37:59,20.38,1,CEDI Bogotá,Bogotá D.C.,TCC,KMS22733505,11900,2026-03-06 01:15:07,Entregado,2026-03-05 05:37:59,True,1.0,0.849212962962963,True
PED003416,10,10,2026-04-12 06:07:24,2026-04-13 03:02:28,20.92,0,CEDI Bogotá,Bogotá D.C.,Envia,KMS69961122,8900,2026-04-13 22:07:24,Entregado,2026-04-13 03:02:28,True,1.0,0.8715740740740741,True
PED003417,10,10,2026-04-10 03:57:57,2026-04-11 21:04:16,41.1,0,CEDI Medellín,Medellín,Coordinadora,KMS27613075,20790,2026-04-12 01:57:57,Entregado,2026-04-11 21:04:16,True,1.0,1.7127199074074073,True
PED003418,10,10,2026-04-10 14:25:31,2026-04-11 23:43:01,33.29,0,CEDI Medellín,Medellín,Envia,KMS66789572,13090,2026-04-12 05:25:31,Entregado,2026-04-11 23:43:01,True,1.0,1.3871527777777777,True
PED003419,10,10,2026-01-25 19:41:35,2026-01-26 09:25:18,13.72,0,CEDI Bogotá,Bogotá D.C.,Envia,KMS87356971,13900,2026-01-27 04:41:35,Entregado,2026-01-26 09:25:18,True,1.0,0.572025462962963,True
PED003420,10,10,2026-03-25 12:09:05,2026-03-26 06:46:13,18.61,0,CEDI Bogotá,Bogotá D.C.,Envia,KMS41892958,9900,2026-03-26 21:09:05,Entregado,2026-03-26 06:46:13,True,1.0,0.775787037037037,True
PED003421,10,10,2026-03-24 09:04:44,2026-03-25 13:19:06,28.23,0,CEDI Medellín,Medellín,Servientrega,KMS18461887,9900,2026-03-26 07:04:44,Entregado,2026-03-25 13:19:06,True,1.0,1.1766435185185184,True
PED003422,10,10,2026-04-06 10:33:57,2026-04-07 18:08:24,31.57,0,CEDI Bogotá,Bogotá D.C.,Servientrega,KMS52282804,13900,2026-04-08 02:33:57,Entregado,2026-04-07 18:08:24,True,1.0,1.3155902777777777,True
PED003423,10,10,2026-02-22 10:15:24,2026-02-23 13:37:03,27.36,1,CEDI Bucaramanga,Bucaramanga,Inter Rapidísimo,KMS51898545,9900,2026-02-24 07:15:24,Entregado,2026-02-23 13:37:03,True,1.0,1.1400347222222222,True
PED003424,9,9,2026-03-19 02:24:52,2026-03-20 22:32:50,41.269999999999996,0,CEDI Pereira,Pereira,Servientrega,KMS11808663,9900,2026-03-21 04:24:52,Entregado,2026-03-20 22:32:50,True,1.0,1.8388657407407407,False
PED003425,10,10,2026-04-02 21:58:18,2026-04-04 23:26:44,49.47,1,CEDI Barranquilla,Barranquilla,TCC,KMS44654311,18900,2026-04-05 07:58:18,Entregado,2026-04-04 23:26:44,True,1.0,2.0614120370370372,True
PED003426,10,10,2026-06-14 05:27:54,2026-06-15 21:37:34,40.160000000000004,1,CEDI Cali,Cali,TCC,KMS56252388,13090,2026-06-15 22:27:54,Entregado,2026-06-15 21:37:34,True,1.0,1.6733796296296297,True
PED003427,10,10,2026-04-25 00:39:09,2026-04-26 10:50:14,34.18,0,CEDI Cali,Cali,Servientrega,KMS65781265,11900,2026-04-26 17:39:09,Entregado,2026-04-26 10:50:14,True,1.0,1.424363425925926,True
PED003428,10,10,2026-06-16 17:35:34,2026-06-17 22:48:00,29.2,0,CEDI Medellín,Medellín,Servientrega,KMS25599562,18900,2026-06-18 15:35:34,Entregado,2026-06-17 22:48:00,True,1.0,1.2169675925925927,True
PED003429,9,9,2026-05-22 07:30:14,2026-05-23 07:52:21,20.240000000000002,0,CEDI Medellín,Medellín,Coordinadora,KMS94379319,13900,2026-05-24 05:30:14,Entregado,2026-05-23 07:52:21,True,1.0,1.0153587962962962,False
PED003430,10,10,2026-03-11 09:04:59,2026-03-12 05:21:49,20.27,0,CEDI Bogotá,Bogotá D.C.,TCC,KMS93070652,20790,2026-03-13 01:04:59,Entregado,2026-03-12 05:21:49,True,1.0,0.8450231481481482,True
PED003431,10,10,2026-01-16 03:20:29,2026-01-18 20:09:04,64.81,0,CEDI Medellín,Medellín,Inter Rapidísimo,KMS72816727,10890,2026-01-18 01:20:29,Entregado,2026-01-18 20:09:04,True,0.0,2.7004050925925926,True
PED003432,10,10,2026-01-13 13:46:18,2026-01-14 15:38:32,25.87,0,CEDI Pereira,Pereira,Servientrega,KMS62383432,10890,2026-01-15 15:46:18,Entregado,2026-01-14 15:38:32,True,1.0,1.0779398148148147,True
PED003433,10,10,2026-05-02 23:13:34,2026-05-04 04:01:49,28.79,0,CEDI Cali,Cali,Envia,KMS17181500,15900,2026-05-04 23:13:34,Entregado,2026-05-04 04:01:49,True,1.0,1.2001736111111112,True
PED003434,10,10,2026-03-01 09:16:25,2026-03-02 20:33:17,35.28,0,CEDI Bogotá,Bogotá D.C.,Envia,KMS84193949,8900,2026-03-03 01:16:25,Entregado,2026-03-02 20:33:17,True,1.0,1.4700462962962964,True
PED003435,10,10,2026-04-02 14:12:07,2026-04-03 21:23:50,31.21,1,CEDI Pereira,Pereira,Envia,KMS97520560,11900,2026-04-04 16:12:07,Entregado,2026-04-03 21:23:50,True,1.0,1.2998032407407407,True
PED003436,10,10,2026-01-26 12:46:34,2026-01-27 22:52:20,34.1,0,CEDI Medellín,Medellín,Inter Rapidísimo,KMS50169732,15900,2026-01-28 10:46:34,Entregado,2026-01-27 22:52:20,True,1.0,1.4206712962962964,True
PED003437,10,10,2026-06-29 08:31:28,2026-06-30 11:07:09,26.59,0,CEDI Bucaramanga,Bucaramanga,Envia,KMS36496952,18900,2026-07-01 12:31:28,Entregado,2026-06-30 11:07:09,True,1.0,1.108113425925926,True
PED003438,10,10,2026-02-24 15:25:56,2026-02-26 00:37:39,33.2,0,CEDI Bucaramanga,Bucaramanga,Inter Rapidísimo,KMS14934637,15290,2026-02-26 19:25:56,Entregado,2026-02-26 00:37:39,True,1.0,1.383136574074074,True
PED003439,10,10,2026-04-07 09:39:14,2026-04-09 05:53:48,44.25,0,CEDI Pereira,Pereira,Envia,KMS86886477,13090,2026-04-09 04:39:14,Entregado,2026-04-09 05:53:48,True,0.0,1.843449074074074,True
PED003440,9,9,2026-06-26 15:34:25,2026-06-27 17:42:37,20.22,0,CEDI Bogotá,Bogotá D.C.,Coordinadora,KMS14947838,11900,2026-06-28 07:34:25,Entregado,2026-06-27 17:42:37,True,1.0,1.0890277777777777,False
PED003441,10,10,2026-01-02 22:46:31,2026-01-04 03:40:11,28.9,0,CEDI Bogotá,Bogotá D.C.,Inter Rapidísimo,KMS77788269,11900,2026-01-04 14:46:31,Entregado,2026-01-04 03:40:11,True,1.0,1.2039351851851852,True
PED003442,10,10,2026-05-09 09:11:29,2026-05-12 04:34:43,67.38,1,CEDI Cali,Cali,TCC,KMS55163332,18900,2026-05-11 09:11:29,Entregado,2026-05-12 04:34:43,True,0.0,2.807800925925926,True
PED003443,10,10,2026-04-07 11:26:16,2026-04-09 07:10:55,43.74,0,CEDI Bucaramanga,Bucaramanga,Inter Rapidísimo,KMS21453518,13900,2026-04-09 15:26:16,Entregado,2026-04-09 07:10:55,True,1.0,1.822673611111111,True
PED003444,10,10,2026-04-04 18:18:10,2026-04-07 07:47:49,61.5,0,CEDI Barranquilla,Barranquilla,TCC,KMS92179387,15900,2026-04-07 04:18:10,Entregado,2026-04-07 07:47:49,True,0.0,2.5622569444444445,True
PED003445,10,10,2026-02-01 22:46:48,2026-02-02 18:15:04,19.47,1,CEDI Medellín,Medellín,TCC,KMS67773601,17490,2026-02-03 13:46:48,Entregado,2026-02-02 18:15:04,True,1.0,0.8112962962962963,True
PED003446,10,10,2026-04-19 07:22:03,2026-04-20 16:46:57,33.42,0,CEDI Cali,Cali,Envia,KMS22918422,18900,2026-04-21 00:22:03,Entregado,2026-04-20 16:46:57,True,1.0,1.3922916666666667,True
PED003447,10,10,2026-02-19 05:43:11,2026-02-20 15:05:32,33.379999999999995,0,CEDI Medellín,Medellín,Envia,KMS54169465,15900,2026-02-21 03:43:11,Entregado,2026-02-20 15:05:32,True,1.0,1.3905208333333334,True
PED003448,10,10,2026-04-05 03:40:18,2026-04-07 00:42:20,45.03,0,CEDI Bogotá,Bogotá D.C.,Envia,KMS39852840,8900,2026-04-06 19:40:18,Entregado,2026-04-07 00:42:20,True,0.0,1.876412037037037,True
PED003449,10,10,2026-03-02 23:59:31,2026-03-04 07:04:39,31.06,0,CEDI Cali,Cali,Envia,KMS28213274,11900,2026-03-04 23:59:31,Entregado,2026-03-04 07:04:39,True,1.0,1.2952314814814814,True
PED003450,9,9,2026-03-06 06:52:17,2026-03-08 19:27:52,59.85,0,CEDI Medellín,Medellín,TCC,KMS44562555,15900,2026-03-08 04:52:17,Entregado,2026-03-08 19:27:52,True,0.0,2.5247106481481483,False
PED003451,10,10,2026-04-23 02:42:18,2026-04-25 01:22:04,46.65,0,CEDI Barranquilla,Barranquilla,Envia,KMS31323287,18900,2026-04-25 12:42:18,Entregado,2026-04-25 01:22:04,True,1.0,1.9442824074074074,True
PED003452,10,10,2026-06-01 16:54:22,2026-06-03 07:29:34,38.59,0,CEDI Barranquilla,Barranquilla,Servientrega,KMS94650431,13090,2026-06-04 02:54:22,Entregado,2026-06-03 07:29:34,True,1.0,1.6077777777777778,True
PED003453,10,10,2026-06-28 15:04:36,2026-06-30 08:41:51,41.62,0,CEDI Bucaramanga,Bucaramanga,Inter Rapidísimo,KMS92936991,15290,2026-06-30 12:04:36,Entregado,2026-06-30 08:41:51,True,1.0,1.734201388888889,True
PED003454,10,10,2026-04-22 08:13:11,2026-04-23 08:23:03,24.150000000000002,0,CEDI Bogotá,Bogotá D.C.,Coordinadora,KMS21484296,10890,2026-04-23 17:13:11,Entregado,2026-04-23 08:23:03,True,1.0,1.0068518518518519,True
PED003455,10,10,2026-01-20 07:58:07,2026-01-21 17:28:49,33.519999999999996,0,CEDI Bogotá,Bogotá D.C.,Coordinadora,KMS31199855,13090,2026-01-21 23:58:07,Entregado,2026-01-21 17:28:49,True,1.0,1.3963194444444444,True
PED003456,10,10,2026-06-18 13:42:32,2026-06-19 20:01:33,30.32,0,CEDI Bogotá,Bogotá D.C.,Inter Rapidísimo,KMS46473023,9790,2026-06-20 05:42:32,Entregado,2026-06-19 20:01:33,True,1.0,1.2632060185185185,True
PED003457,10,10,2026-05-29 07:03:42,2026-05-30 07:28:57,24.42,0,CEDI Medellín,Medellín,Envia,KMS29779810,11900,2026-05-30 22:03:42,Entregado,2026-05-30 07:28:57,True,1.0,1.0175347222222222,True
PED003458,10,10,2026-06-02 06:49:18,2026-06-03 16:25:34,33.61,0,CEDI Cali,Cali,Inter Rapidísimo,KMS87420340,8900,2026-06-04 06:49:18,Entregado,2026-06-03 16:25:34,True,1.0,1.4001851851851852,True
PED003459,10,10,2026-03-14 03:45:05,2026-03-15 13:21:19,33.59,0,CEDI Medellín,Medellín,Envia,KMS73935223,13900,2026-03-16 01:45:05,Entregado,2026-03-15 13:21:19,True,1.0,1.4001620370370371,True
PED003460,10,10,2026-03-14 08:36:47,2026-03-15 17:43:39,33.12,0,CEDI Bucaramanga,Bucaramanga,Inter Rapidísimo,KMS17244986,17490,2026-03-16 12:36:47,Entregado,2026-03-15 17:43:39,True,1.0,1.3797685185185184,True
PED003461,10,10,2026-06-19 07:53:10,2026-06-20 12:34:33,28.700000000000003,0,CEDI Pereira,Pereira,TCC,KMS80247430,17490,2026-06-21 09:53:10,Entregado,2026-06-20 12:34:33,True,1.0,1.1954050925925925,True
PED003462,10,10,2026-03-26 03:31:23,2026-03-26 13:31:23,10.0,0,CEDI Bogotá,Bogotá D.C.,TCC,KMS19040301,9900,2026-03-27 12:31:23,Entregado,2026-03-26 13:31:23,True,1.0,0.4166666666666667,True
PED003463,10,10,2026-01-26 03:16:16,2026-01-26 23:33:44,20.29,0,CEDI Bogotá,Bogotá D.C.,Envia,KMS57234074,11900,2026-01-27 19:16:16,Entregado,2026-01-26 23:33:44,True,1.0,0.845462962962963,True
PED003464,10,10,2026-05-15 11:04:25,2026-05-16 18:52:16,31.799999999999997,0,CEDI Medellín,Medellín,Inter Rapidísimo,KMS72972717,9900,2026-05-17 09:04:25,Entregado,2026-05-16 18:52:16,True,1.0,1.3248958333333334,True
PED003465,10,10,2026-06-18 03:55:58,2026-06-20 01:24:22,45.47,1,CEDI Cali,Cali,Envia,KMS42887741,11900,2026-06-20 03:55:58,Entregado,2026-06-20 01:24:22,True,1.0,1.8947222222222222,True
PED003466,10,10,2026-05-09 09:56:47,2026-05-10 20:48:23,34.86,0,CEDI Medellín,Medellín,Servientrega,KMS16983123,9900,2026-05-11 07:56:47,Entregado,2026-05-10 20:48:23,True,1.0,1.4525,True
PED003467,10,10,2026-01-14 14:09:47,2026-01-16 10:59:30,44.83,0,CEDI Cali,Cali,TCC,KMS36597091,8900,2026-01-16 14:09:47,Entregado,2026-01-16 10:59:30,True,1.0,1.8678587962962963,True
PED003468,10,10,2026-02-25 00:56:53,2026-02-26 22:40:14,45.72,0,CEDI Cali,Cali,TCC,KMS89850184,15900,2026-02-27 00:56:53,Entregado,2026-02-26 22:40:14,True,1.0,1.9051041666666666,True
PED003469,10,10,2026-03-05 07:06:08,2026-03-07 01:18:51,42.21,0,CEDI Medellín,Medellín,Coordinadora,KMS48809579,13900,2026-03-07 05:06:08,Entregado,2026-03-07 01:18:51,True,1.0,1.7588310185185185,True
PED003470,10,10,2026-01-05 14:08:25,2026-01-07 09:05:42,42.96,0,CEDI Barranquilla,Barranquilla,Inter Rapidísimo,KMS47359258,11900,2026-01-08 00:08:25,Entregado,2026-01-07 09:05:42,True,1.0,1.7897800925925926,True
PED003471,10,10,2026-05-03 23:35:36,2026-05-05 08:54:00,33.3,0,CEDI Cali,Cali,Coordinadora,KMS56590972,20790,2026-05-05 23:35:36,Entregado,2026-05-05 08:54:00,True,1.0,1.3877777777777778,True
PED003472,10,10,2026-02-20 18:41:11,2026-02-22 10:39:52,39.97,1,CEDI Barranquilla,Barranquilla,Coordinadora,KMS51412298,15900,2026-02-22 21:41:11,Entregado,2026-02-22 10:39:52,True,1.0,1.6657523148148148,True
PED003473,10,10,2026-03-04 10:27:01,2026-03-06 07:12:39,44.76,0,CEDI Barranquilla,Barranquilla,Inter Rapidísimo,KMS62631956,13900,2026-03-06 13:27:01,Entregado,2026-03-06 07:12:39,True,1.0,1.865023148148148,True
PED003474,10,10,2026-01-10 05:22:41,2026-01-12 23:47:00,66.4,0,CEDI Barranquilla,Barranquilla,TCC,KMS35874006,11900,2026-01-12 15:22:41,Entregado,2026-01-12 23:47:00,True,0.0,2.766886574074074,True
PED003475,10,10,2026-05-17 05:10:50,2026-05-18 17:20:19,36.17,0,CEDI Bogotá,Bogotá D.C.,Servientrega,KMS45679739,15900,2026-05-18 21:10:50,Entregado,2026-05-18 17:20:19,True,1.0,1.506585648148148,True
PED003476,10,10,2026-01-02 16:11:10,2026-01-04 09:11:28,40.99,0,CEDI Bucaramanga,Bucaramanga,Coordinadora,KMS97651697,13090,2026-01-04 20:11:10,Entregado,2026-01-04 09:11:28,True,1.0,1.7085416666666666,True
PED003477,10,10,2026-01-16 04:44:00,2026-01-17 14:07:25,33.4,0,CEDI Medellín,Medellín,Servientrega,KMS76461363,17490,2026-01-18 02:44:00,Entregado,2026-01-17 14:07:25,True,1.0,1.3912615740740741,True
PED003478,10,10,2026-06-27 00:15:54,2026-06-28 05:42:44,29.46,1,CEDI Bogotá,Bogotá D.C.,Servientrega,KMS93556663,20790,2026-06-28 16:15:54,Entregado,2026-06-28 05:42:44,True,1.0,1.2269675925925927,True
PED003479,10,10,2026-02-13 18:11:53,2026-02-14 18:44:18,24.55,1,CEDI Bogotá,Bogotá D.C.,Servientrega,KMS51823753,18900,2026-02-15 10:11:53,Entregado,2026-02-14 18:44:18,True,1.0,1.022511574074074,True
PED003480,10,10,2026-05-26 12:47:12,2026-05-27 06:07:24,17.34,0,CEDI Bogotá,Bogotá D.C.,TCC,KMS60994968,11900,2026-05-27 21:47:12,Entregado,2026-05-27 06:07:24,True,1.0,0.7223611111111111,True
PED003481,10,10,2026-01-18 20:10:13,2026-01-20 08:59:23,36.82,0,CEDI Barranquilla,Barranquilla,Envia,KMS63034040,9900,2026-01-20 23:10:13,Entregado,2026-01-20 08:59:23,True,1.0,1.5341435185185186,True
PED003482,10,10,2026-03-31 07:01:51,2026-04-01 13:29:04,30.47,0,CEDI Cali,Cali,Envia,KMS96193283,10890,2026-04-02 07:01:51,Entregado,2026-04-01 13:29:04,True,1.0,1.268900462962963,True
PED003483,10,10,2026-04-29 16:51:14,2026-04-30 14:38:06,21.79,0,CEDI Bogotá,Bogotá D.C.,Coordinadora,KMS62527953,8900,2026-05-01 08:51:14,Entregado,2026-04-30 14:38:06,True,1.0,0.9075462962962964,True
PED003484,10,10,2026-04-22 23:26:50,2026-04-24 15:18:34,39.87,0,CEDI Pereira,Pereira,Envia,KMS56622138,13900,2026-04-25 01:26:50,Entregado,2026-04-24 15:18:34,True,1.0,1.660925925925926,True
PED003485,10,10,2026-06-29 09:47:25,2026-07-01 19:39:39,57.879999999999995,0,CEDI Bogotá,Bogotá D.C.,Coordinadora,KMS12634983,15900,2026-06-30 18:47:25,Entregado,2026-07-01 19:39:39,True,0.0,2.411273148148148,True
PED003486,10,10,2026-06-27 23:51:11,2026-06-29 11:57:16,36.1,0,CEDI Pereira,Pereira,Inter Rapidísimo,KMS74260946,17490,2026-06-30 01:51:11,Entregado,2026-06-29 11:57:16,True,1.0,1.504224537037037,True
PED003487,10,10,2026-06-13 21:21:03,2026-06-15 12:48:08,39.45,0,CEDI Bucaramanga,Bucaramanga,TCC,KMS51354942,9900,2026-06-16 01:21:03,Entregado,2026-06-15 12:48:08,True,1.0,1.6438078703703705,True
PED003488,10,10,2026-01-21 09:56:45,2026-01-23 22:31:30,60.58,0,CEDI Medellín,Medellín,Inter Rapidísimo,KMS98414148,15900,2026-01-23 00:56:45,Entregado,2026-01-23 22:31:30,True,0.0,2.5241319444444446,True
PED003489,10,10,2026-02-03 09:12:45,2026-02-06 04:26:16,67.22,0,CEDI Cali,Cali,Envia,KMS37900553,9790,2026-02-05 09:12:45,Entregado,2026-02-06 04:26:16,True,0.0,2.8010532407407407,True
PED003490,10,10,2026-01-29 11:54:49,2026-01-31 13:48:31,49.9,0,CEDI Pereira,Pereira,Coordinadora,KMS39430054,13090,2026-01-31 13:54:49,Entregado,2026-01-31 13:48:31,True,1.0,2.0789583333333335,True
PED003491,10,10,2026-05-16 06:53:02,2026-05-17 20:03:03,37.17,0,CEDI Medellín,Medellín,TCC,KMS12719847,18900,2026-05-17 21:53:02,Entregado,2026-05-17 20:03:03,True,1.0,1.5486226851851852,True
PED003492,10,10,2026-06-13 00:55:32,2026-06-14 20:34:21,43.64,0,CEDI Bucaramanga,Bucaramanga,Coordinadora,KMS82334060,15900,2026-06-15 04:55:32,Entregado,2026-06-14 20:34:21,True,1.0,1.8186226851851852,True
PED003493,10,10,2026-01-13 06:51:15,2026-01-15 11:39:23,52.8,0,CEDI Cali,Cali,Servientrega,KMS16545333,15900,2026-01-15 06:51:15,Entregado,2026-01-15 11:39:23,True,0.0,2.2000925925925925,True
PED003494,10,10,2026-03-31 07:07:37,2026-04-01 11:52:08,28.73,0,CEDI Medellín,Medellín,TCC,KMS89588154,20790,2026-04-02 05:07:37,Entregado,2026-04-01 11:52:08,True,1.0,1.1975810185185185,True
PED003495,10,10,2026-06-06 19:32:42,2026-06-08 04:38:30,33.1,0,CEDI Bogotá,Bogotá D.C.,Coordinadora,KMS75317563,9900,2026-06-08 11:32:42,Entregado,2026-06-08 04:38:30,True,1.0,1.3790277777777777,True
PED003496,10,10,2026-06-06 21:31:42,2026-06-07 10:59:41,13.469999999999999,1,CEDI Cali,Cali,Envia,KMS77703036,18900,2026-06-08 14:31:42,Entregado,2026-06-07 10:59:41,True,1.0,0.5610995370370371,True
PED003497,10,10,2026-01-05 21:23:39,2026-01-07 13:42:49,40.32,1,CEDI Barranquilla,Barranquilla,Coordinadora,KMS29609971,13900,2026-01-08 00:23:39,Entregado,2026-01-07 13:42:49,True,1.0,1.6799768518518519,True
PED003498,10,10,2026-04-13 23:39:02,2026-04-15 20:15:50,44.6,0,CEDI Barranquilla,Barranquilla,Servientrega,KMS46313289,15900,2026-04-16 02:39:02,Entregado,2026-04-15 20:15:50,True,1.0,1.8588888888888888,True
PED003499,10,10,2026-03-28 21:04:41,2026-03-29 19:54:23,22.83,0,CEDI Bogotá,Bogotá D.C.,Envia,KMS80090142,15900,2026-03-30 06:04:41,Entregado,2026-03-29 19:54:23,True,1.0,0.9511805555555556,True
PED003500,10,10,2026-03-20 22:58:00,2026-03-22 19:58:44,45.01,0,CEDI Pereira,Pereira,Coordinadora,KMS37991159,18900,2026-03-22 17:58:00,Entregado,2026-03-22 19:58:44,True,0.0,1.8755092592592593,True
PED003501,10,10,2026-05-17 08:39:12,2026-05-18 16:38:39,32.0,0,CEDI Medellín,Medellín,Inter Rapidísimo,KMS63982809,9790,2026-05-18 23:39:12,Entregado,2026-05-18 16:38:39,True,1.0,1.3329513888888889,True
PED003502,10,10,2026-05-23 07:11:40,2026-05-24 09:50:42,26.65,0,CEDI Cali,Cali,Coordinadora,KMS42249632,20790,2026-05-25 00:11:40,Entregado,2026-05-24 09:50:42,True,1.0,1.110439814814815,True
PED003503,10,10,2026-02-28 20:00:09,2026-03-03 00:49:48,52.83,0,CEDI Pereira,Pereira,Inter Rapidísimo,KMS93766786,13090,2026-03-02 22:00:09,Entregado,2026-03-03 00:49:48,True,0.0,2.2011458333333334,True
PED003504,10,10,2026-05-05 06:19:45,2026-05-06 15:04:42,32.74,0,CEDI Pereira,Pereira,Inter Rapidísimo,KMS40321944,9900,2026-05-07 08:19:45,Entregado,2026-05-06 15:04:42,True,1.0,1.3645486111111111,True
PED003505,10,10,2026-01-31 00:28:07,2026-02-01 10:02:44,33.58,1,CEDI Pereira,Pereira,Envia,KMS77070387,15290,2026-02-02 02:28:07,Entregado,2026-02-01 10:02:44,True,1.0,1.3990393518518518,True
PED003506,10,10,2026-03-14 22:18:15,2026-03-15 21:14:20,22.939999999999998,0,CEDI Bogotá,Bogotá D.C.,TCC,KMS22432316,18900,2026-03-16 14:18:15,Entregado,2026-03-15 21:14:20,True,1.0,0.9556134259259259,True
PED003507,10,10,2026-02-28 23:08:59,2026-03-02 02:33:51,27.41,0,CEDI Medellín,Medellín,TCC,KMS34341363,11900,2026-03-02 21:08:59,Entregado,2026-03-02 02:33:51,True,1.0,1.1422685185185186,True
PED003508,10,10,2026-06-25 15:38:38,2026-06-27 05:36:17,37.97,0,CEDI Bogotá,Bogotá D.C.,Servientrega,KMS50287814,9900,2026-06-27 07:38:38,Entregado,2026-06-27 05:36:17,True,1.0,1.581701388888889,True
PED003509,10,10,2026-04-08 06:11:52,2026-04-10 07:04:54,48.900000000000006,0,CEDI Cali,Cali,TCC,KMS96186162,9900,2026-04-10 06:11:52,Entregado,2026-04-10 07:04:54,True,0.0,2.0368287037037036,True
PED003510,10,10,2026-01-15 01:47:37,2026-01-16 17:38:08,39.84,0,CEDI Barranquilla,Barranquilla,Envia,KMS17671509,11900,2026-01-17 11:47:37,Entregado,2026-01-16 17:38:08,True,1.0,1.6600810185185184,True
PED003511,10,10,2026-06-08 17:47:54,2026-06-10 09:20:23,39.56,1,CEDI Cali,Cali,Servientrega,KMS43115547,17490,2026-06-10 10:47:54,Entregado,2026-06-10 09:20:23,True,1.0,1.6475578703703704,True
PED003512,10,10,2026-04-08 16:41:16,2026-04-11 03:53:15,59.18,0,CEDI Bogotá,Bogotá D.C.,Servientrega,KMS25754951,11900,2026-04-10 08:41:16,Entregado,2026-04-11 03:53:15,True,0.0,2.4666550925925925,True
PED003513,10,10,2026-06-06 11:55:54,2026-06-08 09:22:25,45.45,0,CEDI Barranquilla,Barranquilla,Envia,KMS13191844,11900,2026-06-08 14:55:54,Entregado,2026-06-08 09:22:25,True,1.0,1.8934143518518518,True
PED003514,10,10,2026-06-24 12:37:34,2026-06-26 00:35:23,35.96,0,CEDI Cali,Cali,Coordinadora,KMS46855339,13900,2026-06-26 05:37:34,Entregado,2026-06-26 00:35:23,True,1.0,1.4984837962962962,True
PED003515,10,10,2026-06-22 16:32:44,2026-06-24 00:04:29,31.54,0,CEDI Cali,Cali,TCC,KMS33069146,9900,2026-06-24 16:32:44,Entregado,2026-06-24 00:04:29,True,1.0,1.3137152777777779,True
PED003516,10,10,2026-05-20 07:45:24,2026-05-21 05:38:39,21.9,0,CEDI Bogotá,Bogotá D.C.,Envia,KMS38179260,18900,2026-05-21 23:45:24,Entregado,2026-05-21 05:38:39,True,1.0,0.9119791666666667,True
PED003517,10,10,2026-06-09 09:06:59,2026-06-10 17:16:28,32.17,0,CEDI Bogotá,Bogotá D.C.,Inter Rapidísimo,KMS45206491,10890,2026-06-11 01:06:59,Entregado,2026-06-10 17:16:28,True,1.0,1.3399189814814816,True
PED003518,10,10,2026-01-24 21:45:01,2026-01-25 13:44:49,15.98,0,CEDI Bogotá,Bogotá D.C.,Envia,KMS67479783,13900,2026-01-26 13:45:01,Entregado,2026-01-25 13:44:49,True,1.0,0.6665277777777778,True
PED003519,10,10,2026-05-12 02:18:01,2026-05-13 16:21:20,38.06,1,CEDI Medellín,Medellín,Servientrega,KMS47036735,11900,2026-05-14 00:18:01,Entregado,2026-05-13 16:21:20,True,1.0,1.585636574074074,True
PED003520,10,10,2026-03-11 02:37:17,2026-03-13 06:22:59,51.769999999999996,0,CEDI Barranquilla,Barranquilla,Envia,KMS88175588,9900,2026-03-13 12:37:17,Entregado,2026-03-13 06:22:59,True,1.0,2.156736111111111,True
PED003521,10,10,2026-06-02 12:31:46,2026-06-05 04:16:44,63.739999999999995,1,CEDI Cali,Cali,Coordinadora,KMS37603128,13900,2026-06-04 12:31:46,Entregado,2026-06-05 04:16:44,True,0.0,2.656226851851852,True
PED003522,10,10,2026-03-02 14:25:58,2026-03-03 21:10:34,30.76,0,CEDI Medellín,Medellín,Envia,KMS54540644,17490,2026-03-04 05:25:58,Entregado,2026-03-03 21:10:34,True,1.0,1.2809722222222222,True
PED003523,10,10,2026-04-09 07:04:40,2026-04-10 19:05:33,36.03,0,CEDI Bucaramanga,Bucaramanga,Envia,KMS79672353,11900,2026-04-11 11:04:40,Entregado,2026-04-10 19:05:33,True,1.0,1.5006134259259258,True
PED003524,10,10,2026-06-25 17:52:20,2026-06-26 15:21:50,21.49,0,CEDI Bogotá,Bogotá D.C.,Envia,KMS47114058,13900,2026-06-27 09:52:20,Entregado,2026-06-26 15:21:50,True,1.0,0.8954861111111111,True
PED003525,10,10,2026-02-21 07:45:29,2026-02-23 22:07:25,62.379999999999995,0,CEDI Bucaramanga,Bucaramanga,Inter Rapidísimo,KMS96647308,18900,2026-02-23 04:45:29,Entregado,2026-02-23 22:07:25,True,0.0,2.598564814814815,True
PED003526,10,10,2026-06-18 11:13:26,2026-06-20 14:43:18,51.5,0,CEDI Barranquilla,Barranquilla,Envia,KMS14674939,15900,2026-06-20 21:13:26,Entregado,2026-06-20 14:43:18,True,1.0,2.1457407407407407,True
PED003527,10,10,2026-02-06 13:00:45,2026-02-07 11:43:23,22.71,0,CEDI Bogotá,Bogotá D.C.,Envia,KMS71346558,11900,2026-02-08 05:00:45,Entregado,2026-02-07 11:43:23,True,1.0,0.9462731481481481,True
PED003528,10,10,2026-06-12 01:07:54,2026-06-13 12:10:29,35.050000000000004,0,CEDI Bogotá,Bogotá D.C.,TCC,KMS57800911,13900,2026-06-13 10:07:54,Entregado,2026-06-13 12:10:29,True,0.0,1.4601273148148148,True
PED003529,10,10,2026-02-18 15:04:51,2026-02-20 02:42:05,35.61,0,CEDI Pereira,Pereira,Inter Rapidísimo,KMS24123260,15900,2026-02-20 17:04:51,Entregado,2026-02-20 02:42:05,True,1.0,1.4841898148148147,True
PED003530,10,10,2026-05-21 18:37:07,2026-05-22 22:28:16,27.85,0,CEDI Cali,Cali,Servientrega,KMS28462245,13900,2026-05-23 11:37:07,Entregado,2026-05-22 22:28:16,True,1.0,1.1605208333333332,True
PED003531,10,10,2026-02-24 05:03:12,2026-02-25 23:27:26,42.4,0,CEDI Barranquilla,Barranquilla,Coordinadora,KMS15316753,13090,2026-02-26 08:03:12,Entregado,2026-02-25 23:27:26,True,1.0,1.7668287037037036,True
PED003532,10,10,2026-04-27 03:36:43,2026-04-28 02:41:46,23.1,0,CEDI Bogotá,Bogotá D.C.,Inter Rapidísimo,KMS49937389,8900,2026-04-28 19:36:43,Entregado,2026-04-28 02:41:46,True,1.0,0.9618402777777778,True
PED003533,10,10,2026-05-19 19:21:13,2026-05-21 15:59:30,44.63,0,CEDI Cali,Cali,Envia,KMS99229140,9900,2026-05-21 19:21:13,Entregado,2026-05-21 15:59:30,True,1.0,1.8599189814814814,True
PED003534,9,9,2026-01-16 13:54:23,2026-01-17 15:35:29,18.58,0,CEDI Bogotá,Bogotá D.C.,TCC,KMS84641176,9790,2026-01-18 05:54:23,Entregado,2026-01-17 15:35:29,True,1.0,1.0702083333333334,False
PED003535,10,10,2026-01-02 15:55:32,2026-01-03 21:13:14,29.3,0,CEDI Medellín,Medellín,Coordinadora,KMS69276728,20790,2026-01-04 13:55:32,Entregado,2026-01-03 21:13:14,True,1.0,1.220625,True
PED003536,10,10,2026-01-10 12:05:16,2026-01-11 04:39:50,16.58,1,CEDI Bogotá,Bogotá D.C.,Servientrega,KMS23487163,18900,2026-01-11 21:05:16,Entregado,2026-01-11 04:39:50,True,1.0,0.6906712962962963,True
PED003537,10,10,2026-04-10 11:09:47,2026-04-12 05:57:28,42.79,0,CEDI Bucaramanga,Bucaramanga,Servientrega,KMS17848813,15900,2026-04-12 15:09:47,Entregado,2026-04-12 05:57:28,True,1.0,1.783113425925926,True
PED003538,10,10,2026-01-28 20:58:11,2026-01-30 16:03:45,43.08,0,CEDI Barranquilla,Barranquilla,Envia,KMS20606587,15290,2026-01-31 06:58:11,Entregado,2026-01-30 16:03:45,True,1.0,1.7955324074074075,True
PED003539,10,10,2026-05-21 13:48:39,2026-05-23 09:09:23,43.34,0,CEDI Medellín,Medellín,Servientrega,KMS31585809,11900,2026-05-23 04:48:39,Entregado,2026-05-23 09:09:23,True,0.0,1.8060648148148148,True
PED003540,10,10,2026-06-10 17:57:58,2026-06-11 19:40:28,25.71,0,CEDI Cali,Cali,Servientrega,KMS30095863,8900,2026-06-12 10:57:58,Entregado,2026-06-11 19:40:28,True,1.0,1.0711805555555556,True
PED003541,10,10,2026-04-01 06:25:07,2026-04-02 16:15:44,33.839999999999996,0,CEDI Bogotá,Bogotá D.C.,TCC,KMS11190414,11900,2026-04-02 22:25:07,Entregado,2026-04-02 16:15:44,True,1.0,1.4101504629629629,True
PED003542,10,10,2026-06-24 04:16:41,2026-06-25 01:06:03,20.81,0,CEDI Medellín,Medellín,TCC,KMS84676418,8900,2026-06-26 02:16:41,Entregado,2026-06-25 01:06:03,True,1.0,0.8676157407407408,True
PED003543,10,10,2026-03-04 02:42:24,2026-03-05 19:12:44,40.52,0,CEDI Bogotá,Bogotá D.C.,Inter Rapidísimo,KMS88175303,9900,2026-03-05 18:42:24,Entregado,2026-03-05 19:12:44,True,0.0,1.6877314814814814,True
PED003544,10,10,2026-02-09 22:57:07,2026-02-11 23:17:17,48.33,0,CEDI Medellín,Medellín,Inter Rapidísimo,KMS46632334,18900,2026-02-11 20:57:07,Entregado,2026-02-11 23:17:17,True,0.0,2.0140046296296297,True
PED003545,10,10,2026-01-17 07:42:04,2026-01-18 21:03:59,37.36,0,CEDI Bucaramanga,Bucaramanga,Coordinadora,KMS94310848,9790,2026-01-19 11:42:04,Entregado,2026-01-18 21:03:59,True,1.0,1.556886574074074,True
PED003546,10,10,2026-05-16 22:51:57,2026-05-18 00:45:50,25.9,0,CEDI Pereira,Pereira,Inter Rapidísimo,KMS97846957,20790,2026-05-18 17:51:57,Entregado,2026-05-18 00:45:50,True,1.0,1.0790856481481481,True
PED003547,10,10,2026-02-13 10:38:44,2026-02-15 04:13:43,41.589999999999996,1,CEDI Barranquilla,Barranquilla,Coordinadora,KMS92275038,9900,2026-02-15 20:38:44,Entregado,2026-02-15 04:13:43,True,1.0,1.7326273148148148,True
PED003548,10,10,2026-04-27 23:37:07,2026-04-29 09:59:31,34.370000000000005,0,CEDI Barranquilla,Barranquilla,Envia,KMS59438794,9900,2026-04-30 02:37:07,Entregado,2026-04-29 09:59:31,True,1.0,1.4322222222222223,True
PED003549,10,10,2026-03-06 14:38:51,2026-03-07 22:57:33,32.31,0,CEDI Medellín,Medellín,Envia,KMS77168939,20790,2026-03-08 05:38:51,Entregado,2026-03-07 22:57:33,True,1.0,1.3463194444444444,True
PED003550,10,10,2026-01-14 19:25:19,2026-01-15 19:53:57,24.47,0,CEDI Bogotá,Bogotá D.C.,Envia,KMS44525570,10890,2026-01-16 11:25:19,Entregado,2026-01-15 19:53:57,True,1.0,1.0198842592592592,True
PED003551,9,9,2026-03-09 04:28:37,2026-03-10 14:30:06,34.370000000000005,1,CEDI Pereira,Pereira,Inter Rapidísimo,KMS58704676,9900,2026-03-10 23:07:33,Entregado,2026-03-10 14:30:06,True,1.0,1.4176967592592593,False
PED003552,10,10,2026-03-04 00:09:56,2026-03-06 11:37:03,59.45,0,CEDI Barranquilla,Barranquilla,Envia,KMS68044920,15900,2026-03-06 10:09:56,Entregado,2026-03-06 11:37:03,True,0.0,2.477164351851852,True
PED003553,10,10,2026-04-15 03:39:09,2026-04-15 13:39:08,10.0,0,CEDI Bogotá,Bogotá D.C.,Servientrega,KMS15342015,15900,2026-04-16 12:39:09,Entregado,2026-04-15 13:39:08,True,1.0,0.4166550925925926,True
PED003554,10,10,2026-02-24 12:20:58,2026-02-25 16:39:13,28.3,0,CEDI Cali,Cali,Inter Rapidísimo,KMS52464237,11900,2026-02-26 05:20:58,Entregado,2026-02-25 16:39:13,True,1.0,1.1793402777777777,True
PED003555,10,10,2026-02-08 13:48:36,2026-02-09 22:55:56,33.12,0,CEDI Medellín,Medellín,Coordinadora,KMS85383554,18900,2026-02-10 11:48:36,Entregado,2026-02-09 22:55:56,True,1.0,1.3800925925925926,True
PED003556,10,10,2026-02-19 10:44:08,2026-02-21 20:21:35,57.629999999999995,0,CEDI Bogotá,Bogotá D.C.,Inter Rapidísimo,KMS57696830,15900,2026-02-21 02:44:08,Entregado,2026-02-21 20:21:35,True,0.0,2.4010069444444446,True
PED003557,10,10,2026-01-25 12:12:48,2026-01-28 04:44:46,64.55,0,CEDI Barranquilla,Barranquilla,Servientrega,KMS57234407,9790,2026-01-27 15:12:48,Entregado,2026-01-28 04:44:46,True,0.0,2.6888657407407406,True
PED003558,10,10,2026-05-06 09:49:39,2026-05-07 20:33:30,34.74,0,CEDI Pereira,Pereira,Inter Rapidísimo,KMS44131390,18900,2026-05-08 11:49:39,Entregado,2026-05-07 20:33:30,True,1.0,1.4471180555555556,True
PED003559,10,10,2026-01-05 07:45:52,2026-01-06 17:44:25,33.98,0,CEDI Barranquilla,Barranquilla,Servientrega,KMS21635399,8900,2026-01-07 10:45:52,Entregado,2026-01-06 17:44:25,True,1.0,1.4156597222222222,True
PED003560,10,10,2026-05-04 09:13:10,2026-05-06 17:21:54,56.150000000000006,0,CEDI Bucaramanga,Bucaramanga,Envia,KMS84874449,15900,2026-05-06 13:13:10,Entregado,2026-05-06 17:21:54,True,0.0,2.339398148148148,True
PED003561,10,10,2026-06-30 09:35:25,2026-06-30 23:36:13,14.0,0,CEDI Bogotá,Bogotá D.C.,Envia,KMS98401669,20790,2026-07-02 01:35:25,Entregado,2026-06-30 23:36:13,True,1.0,0.5838888888888889,True
PED003562,9,9,2026-06-01 08:52:17,2026-06-03 05:39:21,44.33,0,CEDI Medellín,Medellín,Envia,KMS81621124,10890,2026-06-03 06:52:17,Entregado,2026-06-03 05:39:21,True,1.0,1.8660185185185185,False
PED003563,10,10,2026-01-28 10:18:33,2026-01-29 09:29:07,23.18,0,CEDI Pereira,Pereira,TCC,KMS81973251,10890,2026-01-30 05:18:33,Entregado,2026-01-29 09:29:07,True,1.0,0.9656712962962963,True
PED003564,9,9,2026-06-29 17:16:42,2026-07-01 04:05:43,34.44,0,CEDI Bogotá,Bogotá D.C.,Coordinadora,KMS97268607,18900,2026-07-01 02:16:42,Entregado,2026-07-01 04:05:43,True,0.0,1.4507060185185185,False
PED003565,10,10,2026-01-06 19:55:58,2026-01-08 23:44:03,51.79,0,CEDI Medellín,Medellín,Servientrega,KMS54144906,10890,2026-01-08 17:55:58,Entregado,2026-01-08 23:44:03,True,0.0,2.1583912037037036,True
PED003566,10,10,2026-02-04 21:09:05,2026-02-06 14:39:54,41.52,0,CEDI Cali,Cali,Envia,KMS95173930,13900,2026-02-06 21:09:05,Entregado,2026-02-06 14:39:54,True,1.0,1.7297337962962962,True
PED003567,9,9,2026-01-30 19:05:52,2026-02-01 10:52:08,31.07,0,CEDI Bucaramanga,Bucaramanga,Inter Rapidísimo,KMS54375420,11900,2026-02-01 23:05:52,Entregado,2026-02-01 10:52:08,True,1.0,1.6571296296296296,False
PED003568,10,10,2026-06-04 03:55:51,2026-06-06 02:45:00,46.82,0,CEDI Bucaramanga,Bucaramanga,Inter Rapidísimo,KMS56079733,15900,2026-06-06 07:55:51,Entregado,2026-06-06 02:45:00,True,1.0,1.950798611111111,True
PED003569,10,10,2026-01-25 19:28:50,2026-01-27 18:54:36,47.42,0,CEDI Barranquilla,Barranquilla,Inter Rapidísimo,KMS39196138,17490,2026-01-28 05:28:50,Entregado,2026-01-27 18:54:36,True,1.0,1.9762268518518518,True
PED003570,10,10,2026-06-02 19:22:22,2026-06-04 05:54:43,34.54,0,CEDI Bogotá,Bogotá D.C.,Coordinadora,KMS59787261,8900,2026-06-04 11:22:22,Entregado,2026-06-04 05:54:43,True,1.0,1.4391319444444444,True
PED003571,10,10,2026-03-15 21:42:33,2026-03-17 08:25:48,34.71,0,CEDI Bogotá,Bogotá D.C.,Inter Rapidísimo,KMS62772960,18900,2026-03-17 06:42:33,Entregado,2026-03-17 08:25:48,True,0.0,1.4467013888888889,True
PED003572,10,10,2026-06-29 19:54:18,2026-07-01 07:02:55,35.16,0,CEDI Cali,Cali,Servientrega,KMS30360813,11900,2026-07-01 19:54:18,Entregado,2026-07-01 07:02:55,True,1.0,1.4643171296296296,True
PED003573,10,10,2026-05-01 21:24:57,2026-05-04 13:55:51,64.53999999999999,0,CEDI Cali,Cali,Inter Rapidísimo,KMS12297042,10890,2026-05-03 21:24:57,Entregado,2026-05-04 13:55:51,True,0.0,2.688125,True
PED003574,10,10,2026-04-09 18:38:58,2026-04-11 14:59:28,44.34,0,CEDI Medellín,Medellín,Servientrega,KMS55094274,8900,2026-04-11 16:38:58,Entregado,2026-04-11 14:59:28,True,1.0,1.8475694444444444,True
PED003575,10,10,2026-06-19 08:38:59,2026-06-21 11:01:21,50.349999999999994,0,CEDI Medellín,Medellín,Inter Rapidísimo,KMS51047851,11900,2026-06-21 06:38:59,Entregado,2026-06-21 11:01:21,True,0.0,2.0988657407407407,True
PED003576,10,10,2026-03-31 01:52:15,2026-04-01 17:16:24,39.4,0,CEDI Barranquilla,Barranquilla,Inter Rapidísimo,KMS76752219,8900,2026-04-02 04:52:15,Entregado,2026-04-01 17:16:24,True,1.0,1.6417708333333334,True
PED003577,10,10,2026-04-01 23:49:51,2026-04-03 04:09:34,28.33,0,CEDI Bogotá,Bogotá D.C.,TCC,KMS12258166,15900,2026-04-03 15:49:51,Entregado,2026-04-03 04:09:34,True,1.0,1.1803587962962963,True
PED003578,10,10,2026-05-14 23:29:19,2026-05-16 14:57:25,39.46,0,CEDI Cali,Cali,Servientrega,KMS59402346,15900,2026-05-16 16:29:19,Entregado,2026-05-16 14:57:25,True,1.0,1.6445138888888888,True
PED003579,10,10,2026-01-23 11:18:30,2026-01-25 12:03:16,48.75,1,CEDI Pereira,Pereira,Inter Rapidísimo,KMS29073160,11900,2026-01-25 13:18:30,Entregado,2026-01-25 12:03:16,True,1.0,2.031087962962963,True
PED003580,10,10,2026-02-05 09:05:52,2026-02-06 15:00:29,29.91,0,CEDI Bogotá,Bogotá D.C.,Envia,KMS54053143,18900,2026-02-07 01:05:52,Entregado,2026-02-06 15:00:29,True,1.0,1.2462615740740741,True
PED003581,10,10,2026-03-13 21:46:39,2026-03-14 22:20:34,24.57,0,CEDI Bogotá,Bogotá D.C.,Coordinadora,KMS74484010,18900,2026-03-15 06:46:39,Entregado,2026-03-14 22:20:34,True,1.0,1.0235532407407408,True
PED003582,10,10,2026-06-26 21:13:52,2026-06-28 08:27:12,35.23,0,CEDI Medellín,Medellín,TCC,KMS95788707,9790,2026-06-28 19:13:52,Entregado,2026-06-28 08:27:12,True,1.0,1.4675925925925926,True
PED003583,10,10,2026-03-22 21:19:46,2026-03-25 03:35:02,54.26,0,CEDI Bucaramanga,Bucaramanga,Servientrega,KMS67115769,15900,2026-03-24 18:19:46,Entregado,2026-03-25 03:35:02,True,0.0,2.260601851851852,True
PED003584,10,10,2026-03-13 03:51:31,2026-03-15 23:09:34,67.29,0,CEDI Cali,Cali,Servientrega,KMS81784723,13900,2026-03-14 20:51:31,Entregado,2026-03-15 23:09:34,True,0.0,2.804201388888889,True
PED003585,10,10,2026-04-21 06:02:16,2026-04-22 15:55:30,33.89,0,CEDI Medellín,Medellín,Servientrega,KMS29493880,15290,2026-04-23 04:02:16,Entregado,2026-04-22 15:55:30,True,1.0,1.4119675925925925,True
PED003586,10,10,2026-02-09 02:44:24,2026-02-10 12:16:52,33.54,0,CEDI Medellín,Medellín,Coordinadora,KMS29673179,18900,2026-02-10 17:44:24,Entregado,2026-02-10 12:16:52,True,1.0,1.3975462962962963,True
PED003587,10,10,2026-02-08 02:00:23,2026-02-09 04:30:09,26.5,0,CEDI Bogotá,Bogotá D.C.,Coordinadora,KMS50619592,18900,2026-02-09 18:00:23,Entregado,2026-02-09 04:30:09,True,1.0,1.1040046296296295,True
PED003588,10,10,2026-04-25 14:29:03,2026-04-27 11:47:29,45.32,0,CEDI Cali,Cali,Coordinadora,KMS73541124,18900,2026-04-27 07:29:03,Entregado,2026-04-27 11:47:29,True,0.0,1.8878009259259259,True
PED003589,10,10,2026-04-18 13:24:35,2026-04-21 08:45:42,67.36,0,CEDI Barranquilla,Barranquilla,TCC,KMS88168491,8900,2026-04-20 23:24:35,Entregado,2026-04-21 08:45:42,True,0.0,2.8063310185185184,True
PED003590,10,10,2026-01-23 01:45:48,2026-01-24 08:27:38,30.69,0,CEDI Medellín,Medellín,TCC,KMS61012139,13900,2026-01-24 23:45:48,Entregado,2026-01-24 08:27:38,True,1.0,1.279050925925926,True
PED003591,10,10,2026-05-31 14:19:01,2026-06-02 04:00:58,37.71,0,CEDI Cali,Cali,Coordinadora,KMS96125230,18900,2026-06-02 14:19:01,Entregado,2026-06-02 04:00:58,True,1.0,1.5707986111111112,True
PED003592,10,10,2026-06-14 13:51:47,2026-06-15 17:19:28,27.46,0,CEDI Bogotá,Bogotá D.C.,Inter Rapidísimo,KMS84085934,9900,2026-06-15 22:51:47,Entregado,2026-06-15 17:19:28,True,1.0,1.144224537037037,True
PED003593,10,10,2026-01-02 02:57:18,2026-01-03 14:25:15,35.46,0,CEDI Bogotá,Bogotá D.C.,Inter Rapidísimo,KMS37198426,13900,2026-01-03 18:57:18,Entregado,2026-01-03 14:25:15,True,1.0,1.4777430555555555,True
PED003594,10,10,2026-05-20 15:04:42,2026-05-22 09:52:25,42.8,0,CEDI Medellín,Medellín,Coordinadora,KMS70469865,11900,2026-05-22 13:04:42,Entregado,2026-05-22 09:52:25,True,1.0,1.783136574074074,True
PED003595,10,10,2026-01-06 21:44:10,2026-01-08 01:51:25,28.11,0,CEDI Pereira,Pereira,Coordinadora,KMS23189433,17490,2026-01-08 16:44:10,Entregado,2026-01-08 01:51:25,True,1.0,1.171701388888889,True
PED003596,10,10,2026-01-06 13:45:26,2026-01-08 18:23:13,52.64,1,CEDI Medellín,Medellín,Coordinadora,KMS97753095,8900,2026-01-08 11:45:26,Entregado,2026-01-08 18:23:13,True,0.0,2.192905092592593,True
PED003597,10,10,2026-01-09 02:33:13,2026-01-10 23:45:59,45.21,0,CEDI Bucaramanga,Bucaramanga,Envia,KMS40005442,17490,2026-01-11 06:33:13,Entregado,2026-01-10 23:45:59,True,1.0,1.8838657407407406,True
PED003598,10,10,2026-03-31 18:02:58,2026-04-02 03:33:19,33.5,0,CEDI Bucaramanga,Bucaramanga,Envia,KMS30573388,15900,2026-04-02 22:02:58,Entregado,2026-04-02 03:33:19,True,1.0,1.396076388888889,True
PED003599,10,10,2026-06-11 09:12:45,2026-06-12 18:31:50,33.31,0,CEDI Pereira,Pereira,Coordinadora,KMS43999884,15900,2026-06-13 11:12:45,Entregado,2026-06-12 18:31:50,True,1.0,1.388252314814815,True
PED003600,10,10,2026-03-31 11:02:35,2026-04-01 07:36:39,20.56,0,CEDI Pereira,Pereira,Inter Rapidísimo,KMS80979800,13900,2026-04-02 06:02:35,Entregado,2026-04-01 07:36:39,True,1.0,0.8569907407407408,True
PED003601,10,10,2026-03-01 16:33:44,2026-03-03 17:09:59,48.61,0,CEDI Bucaramanga,Bucaramanga,Inter Rapidísimo,KMS21673336,15900,2026-03-03 20:33:44,Entregado,2026-03-03 17:09:59,True,1.0,2.025173611111111,True
PED003602,10,10,2026-04-01 13:47:12,2026-04-02 13:10:26,23.39,0,CEDI Bogotá,Bogotá D.C.,Envia,KMS40151102,18900,2026-04-03 05:47:12,Entregado,2026-04-02 13:10:26,True,1.0,0.9744675925925926,True
PED003603,10,10,2026-04-02 01:07:51,2026-04-02 14:06:20,12.98,1,CEDI Bogotá,Bogotá D.C.,Envia,KMS98932536,13090,2026-04-03 17:07:51,Entregado,2026-04-02 14:06:20,True,1.0,0.5406134259259259,True
PED003604,10,10,2026-01-23 10:09:53,2026-01-25 00:41:42,38.54,0,CEDI Bogotá,Bogotá D.C.,Envia,KMS53603802,20790,2026-01-25 02:09:53,Entregado,2026-01-25 00:41:42,True,1.0,1.6054282407407408,True
PED003605,10,10,2026-02-06 10:07:49,2026-02-07 09:25:35,23.3,0,CEDI Medellín,Medellín,Coordinadora,KMS93327089,11900,2026-02-08 08:07:49,Entregado,2026-02-07 09:25:35,True,1.0,0.9706712962962963,True
PED003606,10,10,2026-03-10 07:34:56,2026-03-12 02:57:28,43.379999999999995,0,CEDI Bucaramanga,Bucaramanga,Servientrega,KMS90629264,15290,2026-03-12 11:34:56,Entregado,2026-03-12 02:57:28,True,1.0,1.8073148148148148,True
PED003607,10,10,2026-05-27 10:20:29,2026-05-28 22:23:46,36.05,0,CEDI Bogotá,Bogotá D.C.,Coordinadora,KMS23645133,18900,2026-05-29 02:20:29,Entregado,2026-05-28 22:23:46,True,1.0,1.5022800925925925,True
PED003608,10,10,2026-06-28 19:07:26,2026-06-29 10:32:04,15.41,0,CEDI Medellín,Medellín,TCC,KMS21732171,13900,2026-06-30 10:07:26,Entregado,2026-06-29 10:32:04,True,1.0,0.6421064814814815,True
PED003609,10,10,2026-04-13 06:44:54,2026-04-14 05:06:19,22.34,0,CEDI Medellín,Medellín,Coordinadora,KMS58957890,15900,2026-04-15 04:45:12,Entregado,2026-04-14 05:06:19,True,1.0,0.9315393518518519,True
PED003610,10,10,2026-06-29 08:25:37,2026-06-30 16:09:49,31.74,0,CEDI Bogotá,Bogotá D.C.,TCC,KMS66359855,11900,2026-07-01 00:25:37,Entregado,2026-06-30 16:09:49,True,1.0,1.322361111111111,True
PED003611,10,10,2026-06-29 23:03:35,2026-07-01 14:52:25,39.82,0,CEDI Medellín,Medellín,Coordinadora,KMS83229080,17490,2026-07-01 21:03:35,Entregado,2026-07-01 14:52:25,True,1.0,1.658912037037037,True
PED003612,10,10,2026-05-24 13:03:31,2026-05-26 01:38:43,36.6,0,CEDI Medellín,Medellín,Coordinadora,KMS74832503,8900,2026-05-26 11:03:31,Entregado,2026-05-26 01:38:43,True,1.0,1.5244444444444445,True
PED003613,10,10,2026-04-18 13:24:54,2026-04-19 08:48:12,19.39,0,CEDI Bogotá,Bogotá D.C.,TCC,KMS58669254,15900,2026-04-19 22:24:54,Entregado,2026-04-19 08:48:12,True,1.0,0.8078472222222223,True
PED003614,10,10,2026-06-14 09:51:37,2026-06-16 03:35:13,41.74,0,CEDI Pereira,Pereira,Servientrega,KMS81322462,8900,2026-06-16 11:51:37,Entregado,2026-06-16 03:35:13,True,1.0,1.738611111111111,True
PED003615,10,10,2026-02-04 12:35:58,2026-02-06 07:43:02,43.120000000000005,0,CEDI Barranquilla,Barranquilla,Envia,KMS38086919,8900,2026-02-06 15:35:58,Entregado,2026-02-06 07:43:02,True,1.0,1.796574074074074,True
PED003616,10,10,2026-05-01 13:24:00,2026-05-03 17:42:50,52.32,0,CEDI Bogotá,Bogotá D.C.,Coordinadora,KMS40714457,15900,2026-05-03 05:24:00,Entregado,2026-05-03 17:42:50,True,0.0,2.1797453703703704,True
PED003617,10,10,2026-04-10 13:07:21,2026-04-11 16:03:22,26.93,0,CEDI Cali,Cali,Coordinadora,KMS96336199,15900,2026-04-12 13:07:21,Entregado,2026-04-11 16:03:22,True,1.0,1.1222337962962963,True
PED003618,10,10,2026-04-13 09:32:37,2026-04-14 01:41:22,16.14,0,CEDI Bogotá,Bogotá D.C.,Coordinadora,KMS92024497,9900,2026-04-14 18:32:37,Entregado,2026-04-14 01:41:22,True,1.0,0.6727430555555556,True
PED003619,10,10,2026-04-29 21:14:40,2026-05-01 07:41:57,34.449999999999996,0,CEDI Pereira,Pereira,Inter Rapidísimo,KMS44867627,9900,2026-05-01 23:14:40,Entregado,2026-05-01 07:41:57,True,1.0,1.435613425925926,True
PED003620,10,10,2026-04-06 00:08:49,2026-04-08 02:15:36,50.11,0,CEDI Cali,Cali,TCC,KMS13006383,9900,2026-04-08 00:08:49,Entregado,2026-04-08 02:15:36,True,0.0,2.0880439814814813,True
PED003621,10,10,2026-06-27 08:19:45,2026-06-29 20:40:00,60.34,0,CEDI Pereira,Pereira,Coordinadora,KMS55709134,9900,2026-06-29 10:19:45,Entregado,2026-06-29 20:40:00,True,0.0,2.5140625,True
PED003622,10,10,2026-01-09 01:12:29,2026-01-09 20:16:34,19.06,0,CEDI Bogotá,Bogotá D.C.,Envia,KMS60051369,8900,2026-01-10 10:12:29,Entregado,2026-01-09 20:16:34,True,1.0,0.7945023148148148,True
PED003623,10,10,2026-01-23 02:07:29,2026-01-26 03:10:56,73.05,0,CEDI Bucaramanga,Bucaramanga,TCC,KMS58797855,11900,2026-01-25 06:07:29,Entregado,2026-01-26 03:10:56,True,0.0,3.0440625,True
PED003624,10,10,2026-05-23 14:38:13,2026-05-26 09:02:44,66.42,0,CEDI Barranquilla,Barranquilla,Inter Rapidísimo,KMS70917602,9900,2026-05-26 00:38:13,Entregado,2026-05-26 09:02:44,True,0.0,2.767025462962963,True
PED003625,10,10,2026-04-21 06:19:35,2026-04-23 02:39:19,44.33,0,CEDI Medellín,Medellín,Servientrega,KMS55668136,9900,2026-04-22 21:19:35,Entregado,2026-04-23 02:39:19,True,0.0,1.847037037037037,True
PED003626,10,10,2026-01-29 08:13:42,2026-02-01 06:43:33,70.51,0,CEDI Barranquilla,Barranquilla,Coordinadora,KMS81951670,18900,2026-01-31 18:13:42,Entregado,2026-02-01 06:43:33,True,0.0,2.9373958333333334,True
PED003627,10,10,2026-01-26 23:44:41,2026-01-28 06:01:28,30.28,0,CEDI Cali,Cali,Envia,KMS18995765,9790,2026-01-28 23:44:41,Entregado,2026-01-28 06:01:28,True,1.0,1.2616550925925927,True
PED003628,10,10,2026-03-21 20:25:16,2026-03-22 16:53:49,20.48,0,CEDI Medellín,Medellín,Coordinadora,KMS77096837,9900,2026-03-23 11:25:16,Entregado,2026-03-22 16:53:49,True,1.0,0.8531597222222222,True
PED003629,10,10,2026-06-04 09:03:15,2026-06-06 03:47:46,42.75,0,CEDI Barranquilla,Barranquilla,Coordinadora,KMS60889391,11900,2026-06-06 19:03:15,Entregado,2026-06-06 03:47:46,True,1.0,1.7809143518518518,True
PED003630,10,10,2026-06-28 01:44:20,2026-06-29 18:44:05,40.980000000000004,0,CEDI Medellín,Medellín,Servientrega,KMS47170214,9900,2026-06-29 23:44:20,Entregado,2026-06-29 18:44:05,True,1.0,1.7081597222222222,True
PED003631,10,10,2026-03-07 19:47:01,2026-03-09 23:14:49,51.47,0,CEDI Medellín,Medellín,TCC,KMS75625755,13900,2026-03-09 10:47:01,Entregado,2026-03-09 23:14:49,True,0.0,2.1443055555555555,True
PED003632,10,10,2026-05-23 08:31:06,2026-05-25 03:53:25,43.36,0,CEDI Cali,Cali,Coordinadora,KMS51343835,8900,2026-05-25 08:31:06,Entregado,2026-05-25 03:53:25,True,1.0,1.8071643518518519,True
PED003633,10,10,2026-03-23 10:13:53,2026-03-24 17:33:01,31.32,0,CEDI Bogotá,Bogotá D.C.,Coordinadora,KMS67202208,11900,2026-03-25 02:13:53,Entregado,2026-03-24 17:33:01,True,1.0,1.3049537037037038,True
PED003634,9,9,2026-05-13 17:15:02,2026-05-15 07:14:47,37.28,0,CEDI Pereira,Pereira,Envia,KMS41146157,9900,2026-05-15 19:15:02,Entregado,2026-05-15 07:14:47,True,1.0,1.5831597222222222,False
PED003635,10,10,2026-01-01 18:36:23,2026-01-03 03:24:26,32.81,1,CEDI Medellín,Medellín,Servientrega,KMS10284644,8900,2026-01-03 16:36:23,Entregado,2026-01-03 03:24:26,True,1.0,1.3667013888888888,True
PED003636,10,10,2026-01-17 21:34:15,2026-01-18 10:04:22,12.49,1,CEDI Cali,Cali,Inter Rapidísimo,KMS70912747,8900,2026-01-19 14:34:15,Entregado,2026-01-18 10:04:22,True,1.0,0.5209143518518519,True
PED003637,10,10,2026-06-03 03:34:06,2026-06-04 08:52:01,29.3,0,CEDI Medellín,Medellín,Envia,KMS14020703,18900,2026-06-05 01:34:06,Entregado,2026-06-04 08:52:01,True,1.0,1.220775462962963,True
PED003638,10,10,2026-02-12 16:06:58,2026-02-14 04:22:04,36.25,0,CEDI Cali,Cali,Envia,KMS81071362,18900,2026-02-14 16:06:58,Entregado,2026-02-14 04:22:04,True,1.0,1.5104861111111112,True
PED003639,10,10,2026-02-04 08:29:47,2026-02-05 17:30:06,33.01,1,CEDI Cali,Cali,Coordinadora,KMS90825619,18900,2026-02-06 08:29:47,Entregado,2026-02-05 17:30:06,True,1.0,1.3752199074074074,True
PED003640,10,10,2026-04-21 17:09:52,2026-04-22 23:54:24,30.75,0,CEDI Bogotá,Bogotá D.C.,Servientrega,KMS17512473,9900,2026-04-23 09:09:52,Entregado,2026-04-22 23:54:24,True,1.0,1.280925925925926,True
PED003641,10,10,2026-05-18 16:55:07,2026-05-20 10:47:39,41.879999999999995,0,CEDI Barranquilla,Barranquilla,Coordinadora,KMS66705956,9900,2026-05-21 02:55:07,Entregado,2026-05-20 10:47:39,True,1.0,1.7448148148148148,True
PED003642,10,10,2026-02-08 16:20:50,2026-02-10 23:56:33,55.599999999999994,0,CEDI Cali,Cali,Envia,KMS28916289,11900,2026-02-10 16:20:50,Entregado,2026-02-10 23:56:33,True,0.0,2.3164699074074075,True
PED003643,10,10,2026-04-08 12:55:13,2026-04-10 20:26:31,55.5,0,CEDI Barranquilla,Barranquilla,TCC,KMS81862928,9900,2026-04-10 22:55:13,Entregado,2026-04-10 20:26:31,True,1.0,2.3134027777777777,True
PED003644,10,10,2026-03-10 04:49:56,2026-03-11 18:42:23,37.879999999999995,0,CEDI Bogotá,Bogotá D.C.,Envia,KMS20414911,11900,2026-03-11 20:49:56,Entregado,2026-03-11 18:42:23,True,1.0,1.5780902777777779,True
PED003645,10,10,2026-02-05 22:14:07,2026-02-07 15:21:57,41.14,0,CEDI Bucaramanga,Bucaramanga,TCC,KMS72872689,17490,2026-02-07 19:14:07,Entregado,2026-02-07 15:21:57,True,1.0,1.7137731481481482,True
PED003646,10,10,2026-01-19 00:13:09,2026-01-20 00:08:42,23.94,0,CEDI Medellín,Medellín,TCC,KMS11928217,18900,2026-01-20 15:13:09,Entregado,2026-01-20 00:08:42,True,1.0,0.9969097222222222,True
PED003647,10,10,2026-03-28 14:15:48,2026-03-31 03:46:22,61.510000000000005,0,CEDI Medellín,Medellín,TCC,KMS93964092,18900,2026-03-30 12:15:48,Entregado,2026-03-31 03:46:22,True,0.0,2.5628935185185187,True
PED003648,10,10,2026-04-05 16:39:18,2026-04-06 22:02:56,29.39,0,CEDI Cali,Cali,Servientrega,KMS65535386,18900,2026-04-07 16:39:18,Entregado,2026-04-06 22:02:56,True,1.0,1.2247453703703703,True
PED003649,10,10,2026-02-25 19:50:34,2026-02-27 06:22:38,34.55,0,CEDI Bogotá,Bogotá D.C.,Envia,KMS54566038,13090,2026-02-27 11:50:34,Entregado,2026-02-27 06:22:38,True,1.0,1.4389351851851853,True
PED003650,10,10,2026-02-01 11:24:22,2026-02-03 08:52:15,45.45,0,CEDI Medellín,Medellín,Servientrega,KMS66516299,9900,2026-02-03 09:24:22,Entregado,2026-02-03 08:52:15,True,1.0,1.8943634259259259,True
PED003651,10,10,2026-01-13 08:25:00,2026-01-14 10:17:00,25.87,0,CEDI Bogotá,Bogotá D.C.,Coordinadora,KMS48123497,9900,2026-01-15 00:25:00,Entregado,2026-01-14 10:17:00,True,1.0,1.0777777777777777,True
PED003652,10,10,2026-05-01 01:17:38,2026-05-02 17:59:53,40.7,0,CEDI Barranquilla,Barranquilla,Envia,KMS72731337,9790,2026-05-03 11:17:38,Entregado,2026-05-02 17:59:53,True,1.0,1.6960069444444446,True
PED003653,10,10,2026-01-31 09:07:09,2026-02-02 02:38:44,41.55,0,CEDI Barranquilla,Barranquilla,Servientrega,KMS22839854,11900,2026-02-02 19:07:09,Entregado,2026-02-02 02:38:44,True,1.0,1.7302662037037038,True
PED003654,10,10,2026-03-20 09:24:54,2026-03-22 00:49:43,39.41,0,CEDI Bucaramanga,Bucaramanga,Envia,KMS92689898,18900,2026-03-22 06:24:54,Entregado,2026-03-22 00:49:43,True,1.0,1.6422337962962963,True
PED003655,10,10,2026-02-17 08:23:35,2026-02-18 02:30:36,18.12,0,CEDI Bogotá,Bogotá D.C.,Envia,KMS38994989,15900,2026-02-19 00:23:35,Entregado,2026-02-18 02:30:36,True,1.0,0.7548726851851851,True
PED003656,10,10,2026-06-02 03:13:51,2026-06-02 20:02:54,16.82,0,CEDI Medellín,Medellín,Envia,KMS32825996,8900,2026-06-03 18:13:51,Entregado,2026-06-02 20:02:54,True,1.0,0.7007291666666666,True
PED003657,10,10,2026-06-07 21:04:50,2026-06-09 02:53:19,29.799999999999997,0,CEDI Cali,Cali,TCC,KMS31297543,15900,2026-06-09 14:04:50,Entregado,2026-06-09 02:53:19,True,1.0,1.2420023148148147,True
PED003658,10,10,2026-05-13 12:17:53,2026-05-15 12:47:17,48.49,0,CEDI Bogotá,Bogotá D.C.,Servientrega,KMS57511743,9790,2026-05-15 04:17:53,Entregado,2026-05-15 12:47:17,True,0.0,2.0204166666666667,True
PED003659,10,10,2026-01-26 07:52:59,2026-01-27 07:23:16,23.5,0,CEDI Bogotá,Bogotá D.C.,Inter Rapidísimo,KMS21765744,8900,2026-01-27 23:52:59,Entregado,2026-01-27 07:23:16,True,1.0,0.979363425925926,True
PED003660,10,10,2026-01-30 08:17:31,2026-01-30 23:18:08,15.0,0,CEDI Bogotá,Bogotá D.C.,Inter Rapidísimo,KMS32158930,10890,2026-01-31 17:17:31,Entregado,2026-01-30 23:18:08,True,1.0,0.6254282407407408,True
PED003661,10,10,2026-06-13 01:33:56,2026-06-15 01:22:25,47.81,0,CEDI Cali,Cali,Inter Rapidísimo,KMS20545152,13090,2026-06-15 01:33:56,Entregado,2026-06-15 01:22:25,True,1.0,1.9920023148148147,True
PED003662,10,10,2026-04-04 14:52:21,2026-04-06 01:09:31,34.269999999999996,0,CEDI Cali,Cali,Servientrega,KMS39449726,9900,2026-04-06 14:52:21,Entregado,2026-04-06 01:09:31,True,1.0,1.428587962962963,True
PED003663,10,10,2026-02-11 20:44:26,2026-02-13 11:23:14,38.64,0,CEDI Cali,Cali,Coordinadora,KMS81405002,15900,2026-02-13 20:44:26,Entregado,2026-02-13 11:23:14,True,1.0,1.6102777777777777,True
PED003664,10,10,2026-06-29 05:13:49,2026-06-30 16:29:29,35.269999999999996,0,CEDI Pereira,Pereira,Envia,KMS57538032,13900,2026-07-01 00:13:49,Entregado,2026-06-30 16:29:29,True,1.0,1.4692129629629629,True
PED003665,10,10,2026-05-13 03:36:14,2026-05-14 10:01:06,30.42,0,CEDI Barranquilla,Barranquilla,Servientrega,KMS39349785,8900,2026-05-15 06:36:14,Entregado,2026-05-14 10:01:06,True,1.0,1.2672685185185186,True
PED003666,10,10,2026-04-15 14:51:48,2026-04-16 16:01:09,25.15,1,CEDI Bogotá,Bogotá D.C.,Coordinadora,KMS95732453,9900,2026-04-16 23:51:48,Entregado,2026-04-16 16:01:09,True,1.0,1.0481597222222223,True
PED003667,10,10,2026-02-14 01:06:12,2026-02-15 07:46:06,30.67,0,CEDI Cali,Cali,Inter Rapidísimo,KMS89283430,9790,2026-02-16 01:06:12,Entregado,2026-02-15 07:46:06,True,1.0,1.2777083333333332,True
PED003668,10,10,2026-01-09 10:37:49,2026-01-11 18:37:41,56.0,0,CEDI Barranquilla,Barranquilla,TCC,KMS37299759,10890,2026-01-11 20:37:49,Entregado,2026-01-11 18:37:41,True,1.0,2.3332407407407407,True
PED003669,10,10,2026-05-25 22:33:45,2026-05-27 09:02:31,34.49,0,CEDI Bucaramanga,Bucaramanga,Servientrega,KMS41298107,15900,2026-05-28 02:33:45,Entregado,2026-05-27 09:02:31,True,1.0,1.4366435185185185,True
PED003670,10,10,2026-02-07 10:51:27,2026-02-08 11:26:37,24.58,0,CEDI Medellín,Medellín,Envia,KMS56218979,15290,2026-02-09 01:51:27,Entregado,2026-02-08 11:26:37,True,1.0,1.0244212962962962,True
PED003671,10,10,2026-02-04 16:14:54,2026-02-05 22:41:03,30.439999999999998,0,CEDI Cali,Cali,Envia,KMS58268777,9900,2026-02-06 16:14:54,Entregado,2026-02-05 22:41:03,True,1.0,1.2681597222222223,True
PED003672,10,10,2026-05-30 00:28:03,2026-05-31 05:06:47,28.65,0,CEDI Cali,Cali,Inter Rapidísimo,KMS91634920,15290,2026-06-01 00:28:03,Entregado,2026-05-31 05:06:47,True,1.0,1.1935648148148148,True
PED003673,10,10,2026-05-07 05:36:04,2026-05-08 14:43:06,33.12,0,CEDI Cali,Cali,Inter Rapidísimo,KMS97222170,13900,2026-05-09 05:36:04,Entregado,2026-05-08 14:43:06,True,1.0,1.3798842592592593,True
PED003674,10,10,2026-03-18 20:42:32,2026-03-20 05:33:39,32.85,0,CEDI Medellín,Medellín,Coordinadora,KMS33964029,17490,2026-03-20 18:42:32,Entregado,2026-03-20 05:33:39,True,1.0,1.3688310185185186,True
PED003675,10,10,2026-03-08 17:08:39,2026-03-09 19:02:47,25.91,0,CEDI Bogotá,Bogotá D.C.,Inter Rapidísimo,KMS63845711,10890,2026-03-10 09:08:39,Entregado,2026-03-09 19:02:47,True,1.0,1.0792592592592594,True
PED003676,10,10,2026-04-18 00:00:02,2026-04-19 19:25:58,43.43,1,CEDI Pereira,Pereira,TCC,KMS55773504,10890,2026-04-20 02:00:02,Entregado,2026-04-19 19:25:58,True,1.0,1.8096759259259259,True
PED003677,10,10,2026-05-13 08:00:37,2026-05-15 04:36:35,44.59,0,CEDI Medellín,Medellín,Servientrega,KMS90698549,15900,2026-05-15 06:00:37,Entregado,2026-05-15 04:36:35,True,1.0,1.858310185185185,True
PED003678,10,10,2026-03-09 07:43:54,2026-03-11 03:50:10,44.11,0,CEDI Pereira,Pereira,Envia,KMS42649982,13900,2026-03-11 09:43:54,Entregado,2026-03-11 03:50:10,True,1.0,1.8376851851851852,True
PED003679,10,10,2026-03-01 21:26:01,2026-03-02 23:57:07,26.53,0,CEDI Medellín,Medellín,Servientrega,KMS10269124,13900,2026-03-03 12:26:01,Entregado,2026-03-02 23:57:07,True,1.0,1.1049305555555555,True
PED003680,10,10,2026-03-28 05:09:01,2026-03-29 23:15:14,42.11,0,CEDI Cali,Cali,Coordinadora,KMS55781296,11900,2026-03-30 05:09:01,Entregado,2026-03-29 23:15:14,True,1.0,1.7543171296296296,True
PED003681,10,10,2026-01-05 13:31:04,2026-01-07 03:43:14,38.19,0,CEDI Bogotá,Bogotá D.C.,Envia,KMS97982098,8900,2026-01-07 05:31:04,Entregado,2026-01-07 03:43:14,True,1.0,1.5917824074074074,True
PED003682,10,10,2026-01-30 15:35:06,2026-01-31 19:02:35,27.46,0,CEDI Medellín,Medellín,Servientrega,KMS67599486,8900,2026-02-01 13:35:06,Entregado,2026-01-31 19:02:35,True,1.0,1.144085648148148,True
PED003683,10,10,2026-02-22 20:25:58,2026-02-24 20:05:02,47.65,1,CEDI Medellín,Medellín,Servientrega,KMS97680145,11900,2026-02-24 18:25:58,Entregado,2026-02-24 20:05:02,True,0.0,1.985462962962963,True
PED003684,10,10,2026-06-02 07:53:03,2026-06-03 13:48:19,29.91,0,CEDI Bogotá,Bogotá D.C.,Servientrega,KMS95844025,9900,2026-06-03 23:53:03,Entregado,2026-06-03 13:48:19,True,1.0,1.246712962962963,True
PED003685,10,10,2026-01-22 11:37:18,2026-01-24 08:34:05,44.95,1,CEDI Cali,Cali,Coordinadora,KMS20003544,15900,2026-01-24 11:37:18,Entregado,2026-01-24 08:34:05,True,1.0,1.8727662037037036,True
PED003686,10,10,2026-05-01 02:38:07,2026-05-02 16:23:23,37.74,0,CEDI Bucaramanga,Bucaramanga,Servientrega,KMS18686274,11900,2026-05-03 06:38:07,Entregado,2026-05-02 16:23:23,True,1.0,1.5731018518518518,True
PED003687,10,10,2026-04-09 19:36:03,2026-04-10 15:58:10,20.37,0,CEDI Bogotá,Bogotá D.C.,Servientrega,KMS29420302,9900,2026-04-11 11:36:03,Entregado,2026-04-10 15:58:10,True,1.0,0.8486921296296296,True
PED003688,10,10,2026-01-03 09:17:58,2026-01-04 14:21:00,29.04,0,CEDI Bogotá,Bogotá D.C.,Servientrega,KMS32149666,13900,2026-01-05 01:17:58,Entregado,2026-01-04 14:21:00,True,1.0,1.2104398148148148,True
PED003689,10,10,2026-03-31 18:33:21,2026-04-03 09:01:35,62.47,0,CEDI Medellín,Medellín,Coordinadora,KMS84024011,15900,2026-04-02 16:33:21,Entregado,2026-04-03 09:01:35,True,0.0,2.602939814814815,True
PED003690,10,10,2026-02-25 12:33:08,2026-02-25 23:00:10,10.450000000000001,0,CEDI Bogotá,Bogotá D.C.,Servientrega,KMS87830217,18900,2026-02-27 04:33:08,Entregado,2026-02-25 23:00:10,True,1.0,0.4354398148148148,True
PED003691,10,10,2026-03-05 05:13:57,2026-03-06 12:01:55,30.81,1,CEDI Cali,Cali,Coordinadora,KMS34666577,18900,2026-03-07 05:13:57,Entregado,2026-03-06 12:01:55,True,1.0,1.2833101851851851,True
PED003692,10,10,2026-04-16 16:10:37,2026-04-18 09:15:27,41.08,0,CEDI Bucaramanga,Bucaramanga,Envia,KMS73478375,15290,2026-04-18 20:10:37,Entregado,2026-04-18 09:15:27,True,1.0,1.7116898148148147,True
PED003693,10,10,2026-02-16 02:06:10,2026-02-19 04:24:56,74.33,0,CEDI Barranquilla,Barranquilla,Envia,KMS94885861,20790,2026-02-18 12:06:10,Entregado,2026-02-19 04:24:56,True,0.0,3.096365740740741,True
PED003694,10,10,2026-03-02 09:44:36,2026-03-05 23:47:12,86.05,0,CEDI Barranquilla,Barranquilla,Envia,KMS17400675,18900,2026-03-04 19:44:36,Entregado,2026-03-05 23:47:12,True,0.0,3.585138888888889,True
PED003695,10,10,2026-05-21 12:30:56,2026-05-23 02:13:03,37.7,0,CEDI Cali,Cali,Inter Rapidísimo,KMS34994632,15900,2026-05-23 12:30:56,Entregado,2026-05-23 02:13:03,True,1.0,1.5709143518518518,True
PED003696,10,10,2026-03-10 12:51:38,2026-03-12 10:03:01,45.2,0,CEDI Barranquilla,Barranquilla,Inter Rapidísimo,KMS51506674,10890,2026-03-12 22:51:38,Entregado,2026-03-12 10:03:01,True,1.0,1.8829050925925925,True
PED003697,10,10,2026-05-17 16:48:07,2026-05-19 08:37:56,39.84,0,CEDI Barranquilla,Barranquilla,Coordinadora,KMS33679557,9900,2026-05-20 02:48:07,Entregado,2026-05-19 08:37:56,True,1.0,1.6595949074074074,True
PED003698,10,10,2026-02-15 09:53:36,2026-02-18 05:18:06,67.4,0,CEDI Pereira,Pereira,Envia,KMS16537565,18900,2026-02-17 11:53:36,Entregado,2026-02-18 05:18:06,True,0.0,2.8086805555555556,True
PED003699,10,10,2026-06-05 11:45:19,2026-06-07 01:23:05,37.64,0,CEDI Bucaramanga,Bucaramanga,TCC,KMS86158067,11900,2026-06-07 08:45:19,Entregado,2026-06-07 01:23:05,True,1.0,1.5678935185185185,True
PED003700,10,10,2026-06-10 03:02:35,2026-06-11 07:55:14,28.88,0,CEDI Bucaramanga,Bucaramanga,Envia,KMS15498399,8900,2026-06-12 00:02:35,Entregado,2026-06-11 07:55:14,True,1.0,1.2032291666666666,True
PED003701,10,10,2026-02-17 03:05:11,2026-02-18 07:45:29,28.689999999999998,0,CEDI Bogotá,Bogotá D.C.,TCC,KMS77380867,18900,2026-02-18 12:05:11,Entregado,2026-02-18 07:45:29,True,1.0,1.1946527777777778,True
PED003702,10,10,2026-05-11 02:48:34,2026-05-12 08:55:44,30.11,0,CEDI Bogotá,Bogotá D.C.,TCC,KMS34880255,10890,2026-05-12 18:48:34,Entregado,2026-05-12 08:55:44,True,1.0,1.2549768518518518,True
PED003703,9,9,2026-06-15 02:00:51,2026-06-16 05:27:15,20.49,0,CEDI Bogotá,Bogotá D.C.,Coordinadora,KMS90690021,15900,2026-06-16 18:00:51,Entregado,2026-06-16 05:27:15,True,1.0,1.1433333333333333,False
PED003704,9,9,2026-06-23 07:41:15,2026-06-24 14:31:16,30.84,1,CEDI Cali,Cali,Coordinadora,KMS63556890,13900,2026-06-25 00:41:15,En ruta de entrega,,False,,,False
PED003705,10,10,2026-04-11 09:16:38,2026-04-12 22:29:31,37.22,0,CEDI Cali,Cali,Coordinadora,KMS96703384,11900,2026-04-13 09:16:38,Entregado,2026-04-12 22:29:31,True,1.0,1.5506134259259259,True
PED003706,10,10,2026-06-11 01:43:46,2026-06-12 07:58:41,30.259999999999998,0,CEDI Barranquilla,Barranquilla,Coordinadora,KMS20315467,8900,2026-06-13 04:43:46,Entregado,2026-06-12 07:58:41,True,1.0,1.2603587962962963,True
PED003707,10,10,2026-02-28 23:25:08,2026-03-02 09:56:21,34.52,0,CEDI Medellín,Medellín,TCC,KMS46472408,15900,2026-03-02 21:25:08,Entregado,2026-03-02 09:56:21,True,1.0,1.4383449074074075,True
PED003708,10,10,2026-05-01 13:38:33,2026-05-02 15:53:29,26.25,0,CEDI Bogotá,Bogotá D.C.,Coordinadora,KMS51999735,17490,2026-05-03 05:38:33,Entregado,2026-05-02 15:53:29,True,1.0,1.0937037037037036,True
PED003709,10,10,2026-05-08 13:54:15,2026-05-10 12:17:06,46.4,1,CEDI Pereira,Pereira,Inter Rapidísimo,KMS25664829,20790,2026-05-10 15:54:15,Entregado,2026-05-10 12:17:06,True,1.0,1.9325347222222222,True
PED003710,10,10,2026-01-06 18:28:34,2026-01-08 09:34:35,39.09,0,CEDI Medellín,Medellín,Inter Rapidísimo,KMS44526411,8900,2026-01-08 16:28:34,Entregado,2026-01-08 09:34:35,True,1.0,1.6291782407407407,True
PED003711,10,10,2026-03-22 13:23:51,2026-03-23 17:01:24,27.62,0,CEDI Cali,Cali,Coordinadora,KMS60151922,11900,2026-03-24 13:23:51,Entregado,2026-03-23 17:01:24,True,1.0,1.1510763888888889,True
PED003712,10,10,2026-05-01 01:33:29,2026-05-02 03:31:41,25.96,0,CEDI Bogotá,Bogotá D.C.,Inter Rapidísimo,KMS92285420,18900,2026-05-02 17:33:29,Entregado,2026-05-02 03:31:41,True,1.0,1.0820833333333333,True
PED003713,10,10,2026-03-15 04:17:06,2026-03-17 08:20:34,52.05,1,CEDI Cali,Cali,Inter Rapidísimo,KMS59041154,18900,2026-03-17 04:17:06,Entregado,2026-03-17 08:20:34,True,0.0,2.169074074074074,True
PED003714,10,10,2026-02-21 08:06:04,2026-02-22 15:26:18,31.35,0,CEDI Cali,Cali,Servientrega,KMS79872158,8900,2026-02-23 08:06:04,Entregado,2026-02-22 15:26:18,True,1.0,1.3057175925925926,True
PED003715,10,10,2026-05-28 10:11:17,2026-05-30 18:28:31,56.3,0,CEDI Bogotá,Bogotá D.C.,Envia,KMS64894626,15900,2026-05-29 19:11:17,Entregado,2026-05-30 18:28:31,True,0.0,2.345300925925926,True
PED003716,10,10,2026-03-18 14:10:29,2026-03-19 22:33:49,32.4,0,CEDI Cali,Cali,Envia,KMS58764217,15900,2026-03-20 14:10:29,Entregado,2026-03-19 22:33:49,True,1.0,1.349537037037037,True
PED003717,10,10,2026-03-01 03:07:17,2026-03-02 18:20:42,39.22,0,CEDI Barranquilla,Barranquilla,Servientrega,KMS25826213,11900,2026-03-03 13:07:17,Entregado,2026-03-02 18:20:42,True,1.0,1.6343171296296297,True
PED003718,10,10,2026-06-16 15:46:55,2026-06-18 04:12:43,36.44,1,CEDI Medellín,Medellín,Envia,KMS93926355,18900,2026-06-18 13:46:55,Entregado,2026-06-18 04:12:43,True,1.0,1.5179166666666666,True
PED003719,10,10,2026-01-21 06:54:03,2026-01-22 16:06:02,33.19,0,CEDI Bogotá,Bogotá D.C.,Servientrega,KMS32570972,8900,2026-01-22 22:54:03,Entregado,2026-01-22 16:06:02,True,1.0,1.3833217592592593,True
PED003720,10,10,2026-06-20 02:45:28,2026-06-21 17:50:58,39.1,0,CEDI Medellín,Medellín,Coordinadora,KMS51222046,15900,2026-06-21 17:45:28,Entregado,2026-06-21 17:50:58,True,0.0,1.6288194444444444,True
PED003721,10,10,2026-01-15 05:11:05,2026-01-17 02:51:07,45.67,1,CEDI Medellín,Medellín,Inter Rapidísimo,KMS65924222,8900,2026-01-17 03:11:05,Entregado,2026-01-17 02:51:07,True,1.0,1.902800925925926,True
PED003722,10,10,2026-06-29 17:58:02,2026-06-30 13:02:41,19.08,0,CEDI Bogotá,Bogotá D.C.,Envia,KMS17785415,11900,2026-07-01 09:58:15,Entregado,2026-06-30 13:02:41,True,1.0,0.7948958333333334,True
PED003723,10,10,2026-03-11 01:11:09,2026-03-12 10:06:19,32.92,0,CEDI Bogotá,Bogotá D.C.,Coordinadora,KMS71348728,15900,2026-03-12 17:11:09,Entregado,2026-03-12 10:06:19,True,1.0,1.3716435185185185,True
PED003724,10,10,2026-05-30 05:19:36,2026-05-31 09:24:50,28.08,0,CEDI Bogotá,Bogotá D.C.,Envia,KMS16941775,15290,2026-05-31 14:19:36,Entregado,2026-05-31 09:24:50,True,1.0,1.1703009259259258,True
PED003725,10,10,2026-06-23 03:40:58,2026-06-24 02:34:37,22.89,0,CEDI Bogotá,Bogotá D.C.,TCC,KMS29166273,13900,2026-06-24 19:40:58,Entregado,2026-06-24 02:34:37,True,1.0,0.9539236111111111,True
PED003726,10,10,2026-06-03 21:50:42,2026-06-05 08:29:47,34.66,0,CEDI Pereira,Pereira,Inter Rapidísimo,KMS45738712,18900,2026-06-05 16:50:42,Entregado,2026-06-05 08:29:47,True,1.0,1.4438078703703703,True
PED003727,10,10,2026-03-10 04:46:58,2026-03-10 20:07:37,15.36,1,CEDI Bogotá,Bogotá D.C.,TCC,KMS62687160,15900,2026-03-11 20:46:58,Entregado,2026-03-10 20:07:37,True,1.0,0.6393402777777778,True
PED003728,10,10,2026-04-07 02:29:50,2026-04-08 22:07:34,43.64,1,CEDI Medellín,Medellín,Envia,KMS20748757,13900,2026-04-09 00:29:50,Entregado,2026-04-08 22:07:34,True,1.0,1.8178703703703705,True
PED003729,10,10,2026-05-22 23:32:10,2026-05-24 23:43:49,48.2,0,CEDI Cali,Cali,Inter Rapidísimo,KMS42748026,17490,2026-05-24 23:32:10,Entregado,2026-05-24 23:43:49,True,0.0,2.008090277777778,True
PED003730,10,10,2026-06-16 01:40:37,2026-06-17 03:12:43,25.53,0,CEDI Bogotá,Bogotá D.C.,Envia,KMS59937589,13900,2026-06-17 17:40:37,Entregado,2026-06-17 03:12:43,True,1.0,1.0639583333333333,True
PED003731,10,10,2026-06-23 08:07:04,2026-06-25 09:50:55,49.730000000000004,0,CEDI Bucaramanga,Bucaramanga,Inter Rapidísimo,KMS52770281,15900,2026-06-25 12:07:04,Entregado,2026-06-25 09:50:55,True,1.0,2.0721180555555554,True
PED003732,10,10,2026-01-04 11:11:58,2026-01-05 19:27:19,32.26,0,CEDI Bogotá,Bogotá D.C.,Coordinadora,KMS28205992,13900,2026-01-06 03:11:58,Entregado,2026-01-05 19:27:19,True,1.0,1.3439930555555555,True
PED003733,10,10,2026-02-22 19:38:05,2026-02-24 09:43:54,38.11,0,CEDI Barranquilla,Barranquilla,Coordinadora,KMS55392746,10890,2026-02-25 05:38:05,Entregado,2026-02-24 09:43:54,True,1.0,1.5873726851851853,True
PED003734,10,10,2026-01-14 06:53:29,2026-01-15 10:13:13,27.330000000000002,0,CEDI Cali,Cali,Servientrega,KMS85430472,13900,2026-01-15 23:53:29,Entregado,2026-01-15 10:13:13,True,1.0,1.1387037037037038,True
PED003735,10,10,2026-02-07 05:49:26,2026-02-09 02:55:17,45.09,0,CEDI Bogotá,Bogotá D.C.,Envia,KMS71525438,9900,2026-02-08 21:49:26,Entregado,2026-02-09 02:55:17,True,0.0,1.8790625,True
PED003736,10,10,2026-04-07 14:51:21,2026-04-08 21:04:28,30.22,0,CEDI Bogotá,Bogotá D.C.,Servientrega,KMS28175797,18900,2026-04-09 06:51:21,Entregado,2026-04-08 21:04:28,True,1.0,1.2591087962962964,True
PED003737,10,10,2026-04-20 09:14:11,2026-04-22 00:44:39,39.5,0,CEDI Cali,Cali,Servientrega,KMS74063091,18900,2026-04-22 09:14:11,Entregado,2026-04-22 00:44:39,True,1.0,1.6461574074074075,True
PED003738,10,10,2026-06-14 17:30:05,2026-06-15 23:19:34,29.82,0,CEDI Cali,Cali,Inter Rapidísimo,KMS90246780,18900,2026-06-16 10:30:05,Entregado,2026-06-15 23:19:34,True,1.0,1.2426967592592593,True
PED003739,10,10,2026-02-26 20:07:11,2026-02-28 11:50:17,39.7,0,CEDI Pereira,Pereira,TCC,KMS43393200,9900,2026-02-28 22:07:11,Entregado,2026-02-28 11:50:17,True,1.0,1.6549305555555556,True
PED003740,10,10,2026-02-21 19:31:16,2026-02-23 12:54:26,41.4,0,CEDI Medellín,Medellín,Inter Rapidísimo,KMS22248919,11900,2026-02-23 17:31:16,Entregado,2026-02-23 12:54:26,True,1.0,1.7244212962962964,True
PED003741,10,10,2026-03-29 19:06:19,2026-03-31 01:23:29,30.29,0,CEDI Cali,Cali,Servientrega,KMS72161420,13900,2026-03-31 12:06:19,Entregado,2026-03-31 01:23:29,True,1.0,1.2619212962962962,True
PED003742,10,10,2026-05-30 15:39:46,2026-05-31 06:27:06,14.78,0,CEDI Bogotá,Bogotá D.C.,Servientrega,KMS44915398,15900,2026-06-01 07:39:46,Entregado,2026-05-31 06:27:06,True,1.0,0.6162037037037037,True
PED003743,10,10,2026-01-14 21:31:48,2026-01-15 20:44:09,23.2,0,CEDI Bogotá,Bogotá D.C.,Envia,KMS74908604,11900,2026-01-16 13:31:48,Entregado,2026-01-15 20:44:09,True,1.0,0.9669097222222223,True
PED003744,10,10,2026-04-01 02:15:13,2026-04-02 02:50:58,24.6,0,CEDI Cali,Cali,TCC,KMS99982773,10890,2026-04-02 19:15:13,Entregado,2026-04-02 02:50:58,True,1.0,1.0248263888888889,True
PED003745,10,10,2026-02-26 07:58:35,2026-02-28 01:06:05,41.11,1,CEDI Cali,Cali,Coordinadora,KMS94166936,18900,2026-02-28 07:58:35,Entregado,2026-02-28 01:06:05,True,1.0,1.7135416666666667,True
PED003746,10,10,2026-03-08 01:35:04,2026-03-09 10:06:20,32.54,0,CEDI Cali,Cali,Inter Rapidísimo,KMS38226237,18900,2026-03-10 01:35:04,Entregado,2026-03-09 10:06:20,True,1.0,1.3550462962962964,True
PED003747,10,10,2026-05-22 06:49:48,2026-05-24 14:23:08,55.55,0,CEDI Cali,Cali,Servientrega,KMS46080897,11900,2026-05-24 06:49:48,Entregado,2026-05-24 14:23:08,True,0.0,2.314814814814815,True
PED003748,10,10,2026-03-08 17:23:08,2026-03-10 22:35:59,53.230000000000004,0,CEDI Barranquilla,Barranquilla,TCC,KMS10259768,11900,2026-03-11 03:23:08,Entregado,2026-03-10 22:35:59,True,1.0,2.2172569444444443,True
PED003749,10,10,2026-03-11 09:42:58,2026-03-12 18:09:15,32.45,0,CEDI Bogotá,Bogotá D.C.,Inter Rapidísimo,KMS80375375,11900,2026-03-13 01:42:58,Entregado,2026-03-12 18:09:15,True,1.0,1.351585648148148,True
PED003750,10,10,2026-04-19 03:54:53,2026-04-20 14:37:34,34.7,0,CEDI Bogotá,Bogotá D.C.,Envia,KMS30784686,15290,2026-04-20 12:54:53,Entregado,2026-04-20 14:37:34,True,0.0,1.4463078703703705,True
PED003751,10,10,2026-03-20 07:02:57,2026-03-21 12:16:42,29.23,0,CEDI Cali,Cali,Coordinadora,KMS11976095,17490,2026-03-22 00:02:57,Entregado,2026-03-21 12:16:42,True,1.0,1.2178819444444444,True
PED003752,10,10,2026-04-03 22:43:54,2026-04-05 04:15:50,29.54,0,CEDI Medellín,Medellín,Envia,KMS43751291,11900,2026-04-05 20:43:54,Entregado,2026-04-05 04:15:50,True,1.0,1.2305092592592592,True
PED003753,10,10,2026-03-01 21:53:20,2026-03-03 00:55:25,27.020000000000003,1,CEDI Bogotá,Bogotá D.C.,Servientrega,KMS70848839,8900,2026-03-03 13:53:20,Entregado,2026-03-03 00:55:25,True,1.0,1.1264467592592593,True
PED003754,10,10,2026-02-05 13:51:48,2026-02-06 23:24:07,33.55,0,CEDI Bucaramanga,Bucaramanga,TCC,KMS83384240,15900,2026-02-07 17:51:48,Entregado,2026-02-06 23:24:07,True,1.0,1.3974421296296295,True
PED003755,10,10,2026-01-28 16:22:15,2026-01-29 18:56:18,26.58,0,CEDI Bogotá,Bogotá D.C.,Servientrega,KMS42152634,11900,2026-01-30 08:22:15,Entregado,2026-01-29 18:56:18,True,1.0,1.1069791666666666,True
PED003756,10,10,2026-05-05 23:31:00,2026-05-07 00:40:37,25.169999999999998,0,CEDI Bogotá,Bogotá D.C.,Coordinadora,KMS49235239,15900,2026-05-07 15:31:00,Entregado,2026-05-07 00:40:37,True,1.0,1.0483449074074074,True
PED003757,10,10,2026-03-04 13:35:56,2026-03-05 14:43:40,25.119999999999997,0,CEDI Bogotá,Bogotá D.C.,Envia,KMS49493747,13900,2026-03-06 05:35:56,Entregado,2026-03-05 14:43:40,True,1.0,1.047037037037037,True
PED003758,10,10,2026-03-21 01:51:04,2026-03-23 09:36:48,55.77,0,CEDI Cali,Cali,Envia,KMS43323404,9900,2026-03-23 01:51:04,Entregado,2026-03-23 09:36:48,True,0.0,2.323425925925926,True
PED003759,10,10,2026-04-14 01:12:30,2026-04-16 11:55:26,58.72,0,CEDI Barranquilla,Barranquilla,TCC,KMS49847981,13900,2026-04-16 11:12:30,Entregado,2026-04-16 11:55:26,True,0.0,2.4464814814814817,True
PED003760,10,10,2026-03-08 03:49:53,2026-03-09 23:08:04,43.29,0,CEDI Barranquilla,Barranquilla,Servientrega,KMS48692004,10890,2026-03-10 13:49:53,Entregado,2026-03-09 23:08:04,True,1.0,1.8042939814814816,True
PED003761,10,10,2026-04-09 18:48:01,2026-04-11 15:43:53,44.93,1,CEDI Cali,Cali,Inter Rapidísimo,KMS88997376,8900,2026-04-11 18:48:01,Entregado,2026-04-11 15:43:53,True,1.0,1.8721296296296297,True
PED003762,10,10,2026-02-12 21:20:36,2026-02-14 07:50:49,34.51,0,CEDI Bucaramanga,Bucaramanga,TCC,KMS67956956,18900,2026-02-14 18:20:36,Entregado,2026-02-14 07:50:49,True,1.0,1.437650462962963,True
PED003763,10,10,2026-06-16 02:35:56,2026-06-17 17:51:59,39.28,0,CEDI Medellín,Medellín,Servientrega,KMS60186535,13900,2026-06-18 00:35:56,Entregado,2026-06-17 17:51:59,True,1.0,1.6361458333333334,True
PED003764,10,10,2026-05-11 08:04:01,2026-05-12 18:15:33,34.19,0,CEDI Barranquilla,Barranquilla,Envia,KMS57589798,13900,2026-05-13 18:04:01,Entregado,2026-05-12 18:15:33,True,1.0,1.4246759259259258,True
PED003765,10,10,2026-06-01 20:53:36,2026-06-03 09:31:31,36.63,0,CEDI Cali,Cali,Inter Rapidísimo,KMS44820775,15290,2026-06-03 20:53:36,Entregado,2026-06-03 09:31:31,True,1.0,1.5263310185185186,True
PED003766,10,10,2026-03-03 21:39:03,2026-03-05 11:34:16,37.93000000000001,0,CEDI Cali,Cali,Envia,KMS92503911,13900,2026-03-05 21:39:03,Entregado,2026-03-05 11:34:16,True,1.0,1.580011574074074,True
PED003767,10,10,2026-04-13 03:31:54,2026-04-14 06:39:50,27.119999999999997,0,CEDI Pereira,Pereira,Coordinadora,KMS32491491,11900,2026-04-14 22:31:54,Entregado,2026-04-14 06:39:50,True,1.0,1.1305092592592592,True
PED003768,10,10,2026-04-06 22:35:17,2026-04-07 16:08:17,17.560000000000002,0,CEDI Bogotá,Bogotá D.C.,Inter Rapidísimo,KMS55466063,20790,2026-04-08 14:35:17,Entregado,2026-04-07 16:08:17,True,1.0,0.73125,True
PED003769,10,10,2026-04-08 09:53:53,2026-04-11 11:41:42,73.79,0,CEDI Barranquilla,Barranquilla,Envia,KMS13829111,18900,2026-04-10 19:53:53,Entregado,2026-04-11 11:41:42,True,0.0,3.074872685185185,True
PED003770,10,10,2026-01-22 21:48:12,2026-01-24 02:47:47,29.0,0,CEDI Cali,Cali,Envia,KMS22988321,15290,2026-01-24 21:48:12,Entregado,2026-01-24 02:47:47,True,1.0,1.2080439814814814,True
PED003771,10,10,2026-05-07 05:56:47,2026-05-08 08:29:09,26.55,0,CEDI Bogotá,Bogotá D.C.,Servientrega,KMS44422287,15290,2026-05-08 14:56:47,Entregado,2026-05-08 08:29:09,True,1.0,1.1058101851851851,True
PED003772,10,10,2026-03-30 01:19:54,2026-03-30 16:24:08,15.07,0,CEDI Bogotá,Bogotá D.C.,Servientrega,KMS15466384,18900,2026-03-31 10:19:54,Entregado,2026-03-30 16:24:08,True,1.0,0.6279398148148149,True
PED003773,10,10,2026-06-04 21:38:03,2026-06-06 12:39:30,39.03,0,CEDI Cali,Cali,Coordinadora,KMS22196195,11900,2026-06-06 21:38:03,Entregado,2026-06-06 12:39:30,True,1.0,1.6260069444444445,True
PED003774,10,10,2026-01-21 14:15:52,2026-01-23 07:44:33,41.49,0,CEDI Bucaramanga,Bucaramanga,Envia,KMS82533205,8900,2026-01-23 18:15:52,Entregado,2026-01-23 07:44:33,True,1.0,1.7282523148148148,True
PED003775,10,10,2026-01-06 03:54:08,2026-01-06 14:15:17,10.35,0,CEDI Bogotá,Bogotá D.C.,Servientrega,KMS62080386,15290,2026-01-07 12:54:08,Entregado,2026-01-06 14:15:17,True,1.0,0.43135416666666665,True
PED003776,10,10,2026-06-20 10:05:19,2026-06-21 23:21:50,37.28,0,CEDI Bucaramanga,Bucaramanga,Inter Rapidísimo,KMS56479286,15900,2026-06-22 07:05:19,Entregado,2026-06-21 23:21:50,True,1.0,1.5531365740740741,True
PED003777,10,10,2026-05-17 10:07:02,2026-05-19 04:24:09,42.28,0,CEDI Medellín,Medellín,Inter Rapidísimo,KMS33780637,11900,2026-05-19 01:07:02,Entregado,2026-05-19 04:24:09,True,0.0,1.7618865740740741,True
PED003778,10,10,2026-06-30 18:38:06,2026-07-03 01:37:40,54.99,0,CEDI Cali,Cali,Coordinadora,KMS55801016,20790,2026-07-02 18:38:06,Entregado,2026-07-03 01:37:40,True,0.0,2.2913657407407406,True
PED003779,10,10,2026-02-10 10:01:52,2026-02-11 10:14:42,24.2,0,CEDI Bogotá,Bogotá D.C.,TCC,KMS89394182,11900,2026-02-12 02:01:52,Entregado,2026-02-11 10:14:42,True,1.0,1.008912037037037,True
PED003780,10,10,2026-06-02 22:20:15,2026-06-03 23:19:23,24.990000000000002,0,CEDI Bogotá,Bogotá D.C.,Inter Rapidísimo,KMS89442880,9900,2026-06-04 14:20:15,Entregado,2026-06-03 23:19:23,True,1.0,1.0410648148148147,True
PED003781,10,10,2026-04-17 06:27:55,2026-04-18 11:02:52,28.580000000000002,0,CEDI Medellín,Medellín,Servientrega,KMS29674827,17490,2026-04-19 04:27:55,Entregado,2026-04-18 11:02:52,True,1.0,1.1909375,True
PED003782,10,10,2026-02-02 08:27:28,2026-02-03 05:12:07,20.75,0,CEDI Bogotá,Bogotá D.C.,TCC,KMS24084650,18900,2026-02-03 17:27:28,Entregado,2026-02-03 05:12:07,True,1.0,0.8643402777777778,True
PED003783,10,10,2026-01-14 17:57:15,2026-01-16 21:29:04,51.52,0,CEDI Barranquilla,Barranquilla,TCC,KMS63279909,9900,2026-01-17 03:57:15,Entregado,2026-01-16 21:29:04,True,1.0,2.1470949074074075,True
PED003784,9,9,2026-03-21 05:17:57,2026-03-22 05:47:32,24.0,1,CEDI Bogotá,Bogotá D.C.,Envia,KMS22763265,13900,2026-03-22 14:17:57,Entregado,2026-03-22 05:47:32,True,1.0,1.0205439814814814,False
PED003785,10,10,2026-05-18 01:16:35,2026-05-20 19:06:20,65.83,0,CEDI Bogotá,Bogotá D.C.,TCC,KMS22732699,10890,2026-05-19 17:16:35,Entregado,2026-05-20 19:06:20,True,0.0,2.7428819444444446,True
PED003786,10,10,2026-04-17 21:33:52,2026-04-19 02:36:38,29.049999999999997,0,CEDI Cali,Cali,Servientrega,KMS18281665,13090,2026-04-19 21:33:52,Entregado,2026-04-19 02:36:38,True,1.0,1.2102546296296297,True
PED003787,10,10,2026-02-20 04:07:50,2026-02-21 07:11:55,27.07,0,CEDI Bogotá,Bogotá D.C.,Servientrega,KMS62921199,11900,2026-02-21 20:07:50,Entregado,2026-02-21 07:11:55,True,1.0,1.1278356481481482,True
PED003788,10,10,2026-01-06 13:02:07,2026-01-08 10:50:24,45.81,0,CEDI Barranquilla,Barranquilla,TCC,KMS91063924,9900,2026-01-08 23:02:07,Entregado,2026-01-08 10:50:24,True,1.0,1.9085300925925925,True
PED003789,10,10,2026-05-07 17:13:29,2026-05-08 20:43:01,27.5,0,CEDI Cali,Cali,Inter Rapidísimo,KMS18847637,18900,2026-05-09 17:13:29,Entregado,2026-05-08 20:43:01,True,1.0,1.1455092592592593,True
PED003790,10,10,2026-04-02 09:11:36,2026-04-03 21:17:26,36.11,0,CEDI Barranquilla,Barranquilla,TCC,KMS36521619,8900,2026-04-04 19:11:36,Entregado,2026-04-03 21:17:26,True,1.0,1.5040509259259258,True
PED003791,10,10,2026-03-28 08:01:05,2026-03-29 20:31:16,36.5,0,CEDI Pereira,Pereira,Envia,KMS54650401,18900,2026-03-30 10:01:05,Entregado,2026-03-29 20:31:16,True,1.0,1.5209606481481481,True
PED003792,10,10,2026-05-13 14:10:19,2026-05-15 11:22:03,45.19,0,CEDI Bucaramanga,Bucaramanga,TCC,KMS29766951,9900,2026-05-15 18:10:19,Entregado,2026-05-15 11:22:03,True,1.0,1.8831481481481482,True
PED003793,9,9,2026-03-17 04:54:17,2026-03-18 08:57:24,27.72,0,CEDI Bogotá,Bogotá D.C.,Coordinadora,KMS50273373,9790,2026-03-18 20:54:17,Entregado,2026-03-18 08:57:24,True,1.0,1.1688310185185184,False
PED003794,10,10,2026-03-06 14:49:54,2026-03-08 05:36:33,38.78,0,CEDI Medellín,Medellín,TCC,KMS60949368,8900,2026-03-08 12:49:54,Entregado,2026-03-08 05:36:33,True,1.0,1.6157291666666667,True
PED003795,10,10,2026-06-10 06:37:31,2026-06-11 10:19:39,27.7,0,CEDI Medellín,Medellín,TCC,KMS70533524,11900,2026-06-12 04:37:31,Entregado,2026-06-11 10:19:39,True,1.0,1.1542592592592593,True
PED003796,10,10,2026-05-05 18:19:29,2026-05-07 11:06:21,40.8,1,CEDI Bogotá,Bogotá D.C.,Coordinadora,KMS42694349,9900,2026-05-07 10:19:29,Entregado,2026-05-07 11:06:21,True,0.0,1.6992129629629629,True
PED003797,10,10,2026-03-25 07:56:56,2026-03-26 18:08:24,34.2,0,CEDI Bogotá,Bogotá D.C.,Servientrega,KMS14403147,9790,2026-03-26 23:56:56,Entregado,2026-03-26 18:08:24,True,1.0,1.4246296296296297,True
PED003798,10,10,2026-03-20 10:53:16,2026-03-22 07:29:03,44.6,1,CEDI Cali,Cali,TCC,KMS11293168,8900,2026-03-22 10:53:16,Entregado,2026-03-22 07:29:03,True,1.0,1.8581828703703704,True
PED003799,10,10,2026-02-13 14:34:07,2026-02-15 10:35:28,44.01,0,CEDI Barranquilla,Barranquilla,Envia,KMS95424935,13090,2026-02-16 00:34:07,Entregado,2026-02-15 10:35:28,True,1.0,1.8342708333333333,True
PED003800,10,10,2026-03-15 16:42:37,2026-03-17 18:00:58,49.3,0,CEDI Barranquilla,Barranquilla,TCC,KMS96441401,17490,2026-03-18 02:42:37,Entregado,2026-03-17 18:00:58,True,1.0,2.054409722222222,True
PED003801,10,10,2026-04-29 06:17:45,2026-04-30 11:34:08,29.270000000000003,0,CEDI Medellín,Medellín,TCC,KMS56970848,15900,2026-04-30 21:17:45,Entregado,2026-04-30 11:34:08,True,1.0,1.2197106481481481,True
PED003802,10,10,2026-05-05 06:31:35,2026-05-06 09:37:35,27.1,0,CEDI Bogotá,Bogotá D.C.,Servientrega,KMS32498790,15290,2026-05-06 15:31:35,Entregado,2026-05-06 09:37:35,True,1.0,1.1291666666666667,True
PED003803,10,10,2026-03-06 17:09:12,2026-03-08 14:43:22,45.56,0,CEDI Barranquilla,Barranquilla,Servientrega,KMS12116722,13090,2026-03-08 20:09:12,Entregado,2026-03-08 14:43:22,True,1.0,1.8987268518518519,True
PED003804,10,10,2026-02-09 18:05:44,2026-02-10 22:05:39,28.0,0,CEDI Bogotá,Bogotá D.C.,Coordinadora,KMS14794510,11900,2026-02-11 10:05:44,Entregado,2026-02-10 22:05:39,True,1.0,1.1666087962962963,True
PED003805,10,10,2026-02-09 01:26:44,2026-02-10 12:49:03,35.38,0,CEDI Bogotá,Bogotá D.C.,Coordinadora,KMS70686418,9790,2026-02-10 17:26:44,Entregado,2026-02-10 12:49:03,True,1.0,1.4738310185185186,True
PED003806,10,10,2026-01-20 02:55:22,2026-01-21 16:36:15,37.69,0,CEDI Pereira,Pereira,Inter Rapidísimo,KMS18535450,9900,2026-01-22 04:55:22,Entregado,2026-01-21 16:36:15,True,1.0,1.5700578703703705,True
PED003807,10,10,2026-05-19 11:42:39,2026-05-21 02:15:15,38.55,0,CEDI Barranquilla,Barranquilla,Servientrega,KMS53441320,15290,2026-05-21 21:42:39,Entregado,2026-05-21 02:15:15,True,1.0,1.6059722222222221,True
PED003808,10,10,2026-06-11 05:00:13,2026-06-12 14:16:30,33.269999999999996,0,CEDI Cali,Cali,TCC,KMS12464521,13900,2026-06-13 05:00:13,Entregado,2026-06-12 14:16:30,True,1.0,1.3863078703703704,True
PED003809,10,10,2026-05-18 18:22:32,2026-05-20 05:10:21,34.81,1,CEDI Bogotá,Bogotá D.C.,Inter Rapidísimo,KMS23465917,8900,2026-05-20 10:22:32,Entregado,2026-05-20 05:10:21,True,1.0,1.449872685185185,True
PED003810,10,10,2026-05-22 14:45:44,2026-05-23 17:23:01,26.63,0,CEDI Pereira,Pereira,TCC,KMS43922024,9900,2026-05-24 09:45:44,Entregado,2026-05-23 17:23:01,True,1.0,1.109224537037037,True
PED003811,10,10,2026-06-27 20:45:07,2026-06-30 16:23:40,67.65,0,CEDI Bucaramanga,Bucaramanga,Inter Rapidísimo,KMS84163526,13900,2026-06-29 17:45:07,Entregado,2026-06-30 16:23:40,True,0.0,2.8184375,True
PED003812,10,10,2026-04-10 18:57:47,2026-04-11 15:13:08,20.259999999999998,0,CEDI Cali,Cali,TCC,KMS81689781,13900,2026-04-12 11:57:47,Entregado,2026-04-11 15:13:08,True,1.0,0.8439930555555556,True
PED003813,10,10,2026-03-16 10:28:55,2026-03-18 11:07:42,48.65,0,CEDI Pereira,Pereira,Servientrega,KMS59772745,17490,2026-03-18 12:28:55,Entregado,2026-03-18 11:07:42,True,1.0,2.0269328703703704,True
PED003814,10,10,2026-01-03 02:07:12,2026-01-05 07:31:54,53.42,0,CEDI Bogotá,Bogotá D.C.,Inter Rapidísimo,KMS85068021,11900,2026-01-04 18:07:12,Entregado,2026-01-05 07:31:54,True,0.0,2.225486111111111,True
PED003815,10,10,2026-02-05 05:25:37,2026-02-06 17:27:19,36.04,0,CEDI Bogotá,Bogotá D.C.,Inter Rapidísimo,KMS24967454,11900,2026-02-06 21:25:37,Entregado,2026-02-06 17:27:19,True,1.0,1.5011805555555555,True
PED003816,10,10,2026-03-03 09:35:14,2026-03-03 19:35:14,10.0,0,CEDI Bogotá,Bogotá D.C.,TCC,KMS84122045,13900,2026-03-04 18:35:14,Entregado,2026-03-03 19:35:14,True,1.0,0.4166666666666667,True
PED003817,10,10,2026-01-08 01:45:46,2026-01-09 09:20:10,31.56,0,CEDI Bogotá,Bogotá D.C.,Inter Rapidísimo,KMS54531642,18900,2026-01-09 17:45:46,Entregado,2026-01-09 09:20:10,True,1.0,1.3155555555555556,True
PED003818,10,10,2026-02-23 17:42:09,2026-02-24 21:20:31,27.65,0,CEDI Cali,Cali,Inter Rapidísimo,KMS63454669,15900,2026-02-25 17:42:09,Entregado,2026-02-24 21:20:31,True,1.0,1.1516435185185185,True
PED003819,10,10,2026-03-04 01:01:34,2026-03-05 05:28:13,28.45,0,CEDI Cali,Cali,Envia,KMS42923824,9900,2026-03-05 18:01:34,Entregado,2026-03-05 05:28:13,True,1.0,1.185173611111111,True
PED003820,10,10,2026-04-15 10:41:20,2026-04-17 05:02:19,42.35,0,CEDI Barranquilla,Barranquilla,TCC,KMS96359891,13090,2026-04-17 20:41:20,Entregado,2026-04-17 05:02:19,True,1.0,1.7645717592592594,True
PED003821,10,10,2026-01-12 21:35:49,2026-01-14 02:14:05,28.64,0,CEDI Medellín,Medellín,Servientrega,KMS75366687,8900,2026-01-14 19:35:49,Entregado,2026-01-14 02:14:05,True,1.0,1.1932407407407408,True
PED003822,10,10,2026-05-02 13:43:39,2026-05-03 12:07:49,22.4,0,CEDI Bogotá,Bogotá D.C.,Envia,KMS18042657,9790,2026-05-03 22:43:39,Entregado,2026-05-03 12:07:49,True,1.0,0.9334490740740741,True
PED003823,10,10,2026-03-25 22:11:28,2026-03-27 05:04:17,30.88,0,CEDI Bogotá,Bogotá D.C.,Coordinadora,KMS41319197,11900,2026-03-27 14:11:28,Entregado,2026-03-27 05:04:17,True,1.0,1.2866782407407407,True
PED003824,10,10,2026-03-10 03:34:06,2026-03-11 15:23:01,35.81,0,CEDI Medellín,Medellín,TCC,KMS39574852,9900,2026-03-12 01:34:06,Entregado,2026-03-11 15:23:01,True,1.0,1.4923032407407408,True
PED003825,10,10,2026-05-12 07:19:28,2026-05-15 00:35:04,65.25,0,CEDI Bucaramanga,Bucaramanga,TCC,KMS81549915,9790,2026-05-14 11:19:28,Entregado,2026-05-15 00:35:04,True,0.0,2.7191666666666667,True
PED003826,10,10,2026-01-04 02:06:15,2026-01-04 21:38:03,19.53,0,CEDI Medellín,Medellín,TCC,KMS83853675,15900,2026-01-05 17:06:15,Entregado,2026-01-04 21:38:03,True,1.0,0.81375,True
PED003827,10,10,2026-05-03 20:24:04,2026-05-05 04:52:17,32.48,0,CEDI Pereira,Pereira,Coordinadora,KMS63441029,10890,2026-05-05 22:24:04,Entregado,2026-05-05 04:52:17,True,1.0,1.3529282407407408,True
PED003828,10,10,2026-01-01 11:24:24,2026-01-03 19:24:45,56.01,1,CEDI Cali,Cali,Servientrega,KMS71608763,8900,2026-01-03 04:24:24,Entregado,2026-01-03 19:24:45,True,0.0,2.333576388888889,True
PED003829,10,10,2026-03-18 22:26:01,2026-03-19 16:13:56,17.8,0,CEDI Bogotá,Bogotá D.C.,TCC,KMS90032960,9900,2026-03-20 07:26:01,Entregado,2026-03-19 16:13:56,True,1.0,0.7416087962962963,True
PED003830,10,10,2026-01-03 02:36:33,2026-01-03 21:26:07,18.84,0,CEDI Bogotá,Bogotá D.C.,Coordinadora,KMS66165848,20790,2026-01-04 11:36:33,Entregado,2026-01-03 21:26:07,True,1.0,0.7844212962962963,True
PED003831,10,10,2026-03-05 20:23:29,2026-03-06 22:40:28,26.28,0,CEDI Bogotá,Bogotá D.C.,TCC,KMS57936732,11900,2026-03-07 05:23:29,Entregado,2026-03-06 22:40:28,True,1.0,1.0951273148148148,True
PED003832,10,10,2026-03-04 04:24:37,2026-03-06 00:23:38,43.99,0,CEDI Pereira,Pereira,Inter Rapidísimo,KMS83401224,18900,2026-03-06 06:24:37,Entregado,2026-03-06 00:23:38,True,1.0,1.832650462962963,True
PED003833,10,10,2026-06-20 19:13:09,2026-06-23 00:20:05,53.099999999999994,0,CEDI Bucaramanga,Bucaramanga,Inter Rapidísimo,KMS31036724,13900,2026-06-22 23:13:09,Entregado,2026-06-23 00:20:05,True,0.0,2.2131481481481483,True
PED003834,10,10,2026-04-06 07:18:37,2026-04-08 16:45:04,57.44,0,CEDI Cali,Cali,Servientrega,KMS74847687,10890,2026-04-08 07:18:37,Entregado,2026-04-08 16:45:04,True,0.0,2.3933680555555554,True
PED003835,10,10,2026-05-30 03:00:03,2026-05-31 23:38:30,44.64,0,CEDI Medellín,Medellín,TCC,KMS98200727,18900,2026-06-01 01:00:03,Entregado,2026-05-31 23:38:30,True,1.0,1.8600347222222222,True
PED003836,10,10,2026-06-22 21:04:34,2026-06-24 08:45:45,35.68,0,CEDI Medellín,Medellín,TCC,KMS44236083,9900,2026-06-24 12:04:34,Entregado,2026-06-24 08:45:45,True,1.0,1.4869328703703704,True
PED003837,10,10,2026-06-26 19:46:17,2026-06-28 17:13:25,45.45,0,CEDI Cali,Cali,Inter Rapidísimo,KMS74560668,15900,2026-06-28 19:46:17,Entregado,2026-06-28 17:13:25,True,1.0,1.8938425925925926,True
PED003838,10,10,2026-03-26 03:51:43,2026-03-27 15:55:04,36.07,0,CEDI Barranquilla,Barranquilla,TCC,KMS56649828,13090,2026-03-28 06:51:43,Entregado,2026-03-27 15:55:04,True,1.0,1.502326388888889,True
PED003839,10,10,2026-01-07 16:02:36,2026-01-09 14:40:57,46.64,0,CEDI Barranquilla,Barranquilla,TCC,KMS87367360,17490,2026-01-10 02:02:36,Entregado,2026-01-09 14:40:57,True,1.0,1.943298611111111,True
PED003840,10,10,2026-01-06 02:22:04,2026-01-07 19:21:00,40.99,0,CEDI Bogotá,Bogotá D.C.,Inter Rapidísimo,KMS28295677,15290,2026-01-07 18:22:04,Entregado,2026-01-07 19:21:00,True,0.0,1.7075925925925926,True
PED003841,10,10,2026-02-28 23:37:31,2026-03-02 14:14:43,38.6,0,CEDI Cali,Cali,Envia,KMS48619999,8900,2026-03-02 16:37:31,Entregado,2026-03-02 14:14:43,True,1.0,1.6091666666666666,True
PED003842,10,10,2026-03-24 19:45:22,2026-03-26 07:16:12,35.51,0,CEDI Bucaramanga,Bucaramanga,TCC,KMS69004376,13900,2026-03-26 16:45:22,Entregado,2026-03-26 07:16:12,True,1.0,1.4797453703703705,True
PED003843,10,10,2026-03-28 21:22:38,2026-03-29 22:34:09,25.2,0,CEDI Cali,Cali,Inter Rapidísimo,KMS12592889,9900,2026-03-30 21:22:38,Entregado,2026-03-29 22:34:09,True,1.0,1.0496643518518518,True
PED003844,10,10,2026-03-03 01:12:20,2026-03-04 10:58:51,33.769999999999996,0,CEDI Cali,Cali,TCC,KMS13084025,9900,2026-03-05 01:12:20,Entregado,2026-03-04 10:58:51,True,1.0,1.4073032407407406,True
PED003845,10,10,2026-06-27 15:10:56,2026-06-28 17:33:29,26.38,0,CEDI Medellín,Medellín,TCC,KMS47289865,8900,2026-06-29 13:10:56,Entregado,2026-06-28 17:33:29,True,1.0,1.0989930555555556,True
PED003846,10,10,2026-01-04 00:07:18,2026-01-05 05:30:17,29.380000000000003,0,CEDI Medellín,Medellín,Coordinadora,KMS43767028,18900,2026-01-05 22:07:18,Entregado,2026-01-05 05:30:17,True,1.0,1.2242939814814815,True
PED003847,10,10,2026-05-01 06:41:35,2026-05-03 03:17:02,44.6,0,CEDI Barranquilla,Barranquilla,Servientrega,KMS49049192,20790,2026-05-03 16:41:35,Entregado,2026-05-03 03:17:02,True,1.0,1.857951388888889,True
PED003848,10,10,2026-03-09 10:30:17,2026-03-11 02:39:57,40.15,0,CEDI Medellín,Medellín,Coordinadora,KMS71184353,20790,2026-03-11 08:30:17,Entregado,2026-03-11 02:39:57,True,1.0,1.6733796296296297,True
PED003849,10,10,2026-04-21 00:30:28,2026-04-22 14:20:16,37.83,0,CEDI Cali,Cali,Inter Rapidísimo,KMS47943588,17490,2026-04-23 00:30:28,Entregado,2026-04-22 14:20:16,True,1.0,1.57625,True
PED003850,10,10,2026-06-20 07:48:58,2026-06-21 14:16:26,30.46,0,CEDI Medellín,Medellín,Inter Rapidísimo,KMS15947888,18900,2026-06-21 22:48:58,Entregado,2026-06-21 14:16:26,True,1.0,1.269074074074074,True
PED003851,10,10,2026-03-20 17:35:03,2026-03-22 04:28:04,34.89,0,CEDI Medellín,Medellín,Inter Rapidísimo,KMS75301642,15290,2026-03-22 15:35:03,Entregado,2026-03-22 04:28:04,True,1.0,1.4534837962962963,True
PED003852,10,10,2026-04-20 11:51:25,2026-04-21 07:03:40,19.2,0,CEDI Bogotá,Bogotá D.C.,Servientrega,KMS74901554,18900,2026-04-21 20:51:25,Entregado,2026-04-21 07:03:40,True,1.0,0.8001736111111111,True
PED003853,10,10,2026-03-17 04:42:08,2026-03-18 14:35:58,33.89,0,CEDI Bogotá,Bogotá D.C.,Coordinadora,KMS48498202,18900,2026-03-18 20:42:08,Entregado,2026-03-18 14:35:58,True,1.0,1.4123842592592593,True
PED003854,10,10,2026-02-22 05:21:56,2026-02-23 13:39:11,32.28,0,CEDI Cali,Cali,Inter Rapidísimo,KMS84986864,11900,2026-02-24 05:21:56,Entregado,2026-02-23 13:39:11,True,1.0,1.3453125,True
PED003855,10,10,2026-01-18 15:28:56,2026-01-20 02:53:48,35.41,0,CEDI Bogotá,Bogotá D.C.,Servientrega,KMS65140228,8900,2026-01-20 07:28:56,Entregado,2026-01-20 02:53:48,True,1.0,1.4756018518518519,True
PED003856,10,10,2026-05-06 01:34:22,2026-05-06 21:07:18,19.55,0,CEDI Medellín,Medellín,Inter Rapidísimo,KMS86045449,20790,2026-05-07 16:34:22,Entregado,2026-05-06 21:07:18,True,1.0,0.8145370370370371,True
PED003857,10,10,2026-03-10 16:16:13,2026-03-11 12:29:26,20.23,1,CEDI Bogotá,Bogotá D.C.,Servientrega,KMS44058199,8900,2026-03-12 01:16:13,Entregado,2026-03-11 12:29:26,True,1.0,0.8425115740740741,True
PED003858,10,10,2026-02-25 20:21:36,2026-02-27 17:26:22,45.09,0,CEDI Barranquilla,Barranquilla,Coordinadora,KMS99881801,15290,2026-02-28 06:21:36,Entregado,2026-02-27 17:26:22,True,1.0,1.878310185185185,True
PED003859,10,10,2026-06-09 05:16:42,2026-06-10 08:57:00,27.67,0,CEDI Medellín,Medellín,Inter Rapidísimo,KMS33503607,11900,2026-06-11 03:16:42,Entregado,2026-06-10 08:57:00,True,1.0,1.152986111111111,True
PED003860,10,10,2026-05-03 12:33:29,2026-05-05 19:34:42,55.03,0,CEDI Barranquilla,Barranquilla,Inter Rapidísimo,KMS43139533,18900,2026-05-05 22:33:29,Entregado,2026-05-05 19:34:42,True,1.0,2.2925115740740742,True
PED003861,10,10,2026-02-07 19:09:10,2026-02-09 04:50:31,33.68,0,CEDI Bogotá,Bogotá D.C.,TCC,KMS48630388,8900,2026-02-09 11:09:10,Entregado,2026-02-09 04:50:31,True,1.0,1.4037152777777777,True
PED003862,10,10,2026-01-04 09:16:01,2026-01-06 01:37:35,40.35,0,CEDI Cali,Cali,TCC,KMS97615954,18900,2026-01-06 09:16:01,Entregado,2026-01-06 01:37:35,True,1.0,1.6816435185185186,True
PED003863,10,10,2026-04-26 14:21:30,2026-04-28 02:26:09,36.07,0,CEDI Bogotá,Bogotá D.C.,Envia,KMS35281096,13900,2026-04-27 23:21:30,Entregado,2026-04-28 02:26:09,True,0.0,1.5032291666666666,True
PED003864,10,10,2026-02-10 01:15:01,2026-02-12 01:29:02,48.23,0,CEDI Barranquilla,Barranquilla,Inter Rapidísimo,KMS41543975,13900,2026-02-12 04:15:01,Entregado,2026-02-12 01:29:02,True,1.0,2.0097337962962962,True
PED003865,10,10,2026-04-27 01:00:02,2026-04-28 13:44:58,36.76,0,CEDI Medellín,Medellín,Envia,KMS59086095,9900,2026-04-28 23:00:02,Entregado,2026-04-28 13:44:58,True,1.0,1.5312037037037036,True
PED003866,9,9,2026-04-13 08:43:25,2026-04-15 05:14:06,42.66,0,CEDI Bogotá,Bogotá D.C.,Coordinadora,KMS87249989,20790,2026-04-15 00:43:25,Entregado,2026-04-15 05:14:06,True,0.0,1.8546412037037037,False
PED003867,10,10,2026-06-22 09:13:58,2026-06-23 14:31:26,29.28,1,CEDI Bogotá,Bogotá D.C.,Coordinadora,KMS73224962,15290,2026-06-24 01:13:58,Entregado,2026-06-23 14:31:26,True,1.0,1.2204629629629629,True
PED003868,10,10,2026-04-18 07:40:17,2026-04-19 03:07:23,19.45,0,CEDI Bogotá,Bogotá D.C.,Envia,KMS66951971,9900,2026-04-19 16:40:17,Entregado,2026-04-19 03:07:23,True,1.0,0.8104861111111111,True
PED003869,10,10,2026-02-08 16:07:46,2026-02-10 06:07:38,38.0,0,CEDI Medellín,Medellín,Inter Rapidísimo,KMS77827259,13900,2026-02-10 14:07:46,Entregado,2026-02-10 06:07:38,True,1.0,1.5832407407407407,True
PED003870,10,10,2026-01-15 11:44:32,2026-01-17 14:37:49,50.88,0,CEDI Pereira,Pereira,Coordinadora,KMS10324982,11900,2026-01-17 13:44:32,Entregado,2026-01-17 14:37:49,True,0.0,2.1203356481481483,True
PED003871,10,10,2026-01-21 20:37:36,2026-01-22 22:59:28,26.38,0,CEDI Cali,Cali,Servientrega,KMS96586148,18900,2026-01-23 20:37:36,Entregado,2026-01-22 22:59:28,True,1.0,1.0985185185185184,True
PED003872,10,10,2026-02-22 04:10:53,2026-02-24 04:11:23,48.0,0,CEDI Cali,Cali,Servientrega,KMS45664993,13900,2026-02-24 04:10:53,Entregado,2026-02-24 04:11:23,True,0.0,2.000347222222222,True
PED003873,10,10,2026-03-15 11:07:45,2026-03-17 16:17:49,53.18,0,CEDI Bucaramanga,Bucaramanga,Coordinadora,KMS79644585,11900,2026-03-17 15:07:45,Entregado,2026-03-17 16:17:49,True,0.0,2.2153240740740743,True
PED003874,10,10,2026-03-03 05:41:20,2026-03-04 02:37:46,20.95,0,CEDI Bogotá,Bogotá D.C.,Envia,KMS49328720,13900,2026-03-04 21:41:20,Entregado,2026-03-04 02:37:46,True,1.0,0.8725231481481481,True
PED003875,10,10,2026-05-14 09:46:42,2026-05-16 12:44:54,50.97,0,CEDI Bogotá,Bogotá D.C.,Coordinadora,KMS75282375,18900,2026-05-15 18:46:42,Entregado,2026-05-16 12:44:54,True,0.0,2.12375,True
PED003876,10,10,2026-05-21 08:59:06,2026-05-22 11:33:27,26.58,0,CEDI Bogotá,Bogotá D.C.,Servientrega,KMS69292923,11900,2026-05-23 00:59:06,Entregado,2026-05-22 11:33:27,True,1.0,1.1071875,True
PED003877,10,10,2026-06-21 11:01:51,2026-06-22 23:02:07,36.0,1,CEDI Cali,Cali,Envia,KMS15212893,15290,2026-06-23 11:01:51,Entregado,2026-06-22 23:02:07,True,1.0,1.5001851851851853,True
PED003878,10,10,2026-04-14 11:13:38,2026-04-16 07:51:48,44.63,0,CEDI Pereira,Pereira,TCC,KMS85410390,20790,2026-04-16 13:13:38,Entregado,2026-04-16 07:51:48,True,1.0,1.8598379629629629,True
PED003879,10,10,2026-01-23 08:39:31,2026-01-24 15:52:15,31.21,0,CEDI Bogotá,Bogotá D.C.,Servientrega,KMS91338611,11900,2026-01-25 00:39:31,Entregado,2026-01-24 15:52:15,True,1.0,1.3005092592592593,True
PED003880,10,10,2026-02-27 14:59:41,2026-02-28 09:48:48,18.810000000000002,1,CEDI Bogotá,Bogotá D.C.,Coordinadora,KMS83184350,8900,2026-03-01 06:59:41,Entregado,2026-02-28 09:48:48,True,1.0,0.7841087962962963,True
PED003881,10,10,2026-01-20 01:42:56,2026-01-21 06:14:58,28.540000000000003,0,CEDI Bogotá,Bogotá D.C.,Servientrega,KMS60445154,8900,2026-01-21 17:42:56,Entregado,2026-01-21 06:14:58,True,1.0,1.188912037037037,True
PED003882,10,10,2026-06-07 22:58:22,2026-06-09 00:18:39,25.33,0,CEDI Bogotá,Bogotá D.C.,Envia,KMS93750175,10890,2026-06-09 07:58:22,Entregado,2026-06-09 00:18:39,True,1.0,1.055752314814815,True
PED003883,10,10,2026-06-10 04:01:30,2026-06-11 17:59:21,37.96,0,CEDI Cali,Cali,Servientrega,KMS70040390,17490,2026-06-12 04:01:30,Entregado,2026-06-11 17:59:21,True,1.0,1.5818402777777778,True
PED003884,10,10,2026-02-23 20:54:36,2026-02-25 22:28:35,49.56,1,CEDI Medellín,Medellín,Inter Rapidísimo,KMS37521747,13900,2026-02-25 18:54:36,Entregado,2026-02-25 22:28:35,True,0.0,2.0652662037037035,True
PED003885,10,10,2026-01-29 17:05:22,2026-01-30 15:45:17,22.65,0,CEDI Bogotá,Bogotá D.C.,Coordinadora,KMS31005663,18900,2026-01-31 09:05:22,Entregado,2026-01-30 15:45:17,True,1.0,0.9443865740740741,True
PED003886,10,10,2026-04-15 05:22:12,2026-04-16 06:25:59,25.060000000000002,0,CEDI Cali,Cali,Inter Rapidísimo,KMS50458275,9900,2026-04-16 22:22:12,Entregado,2026-04-16 06:25:59,True,1.0,1.0442939814814816,True
PED003887,10,10,2026-06-20 07:27:00,2026-06-21 20:33:34,37.1,0,CEDI Cali,Cali,Envia,KMS23584494,18900,2026-06-22 07:27:00,Entregado,2026-06-21 20:33:34,True,1.0,1.5462268518518518,True
PED003888,10,10,2026-06-03 01:23:32,2026-06-04 10:57:22,33.57,0,CEDI Bogotá,Bogotá D.C.,Coordinadora,KMS75656810,13900,2026-06-04 17:23:32,Entregado,2026-06-04 10:57:22,True,1.0,1.3984953703703704,True
PED003889,10,10,2026-02-22 09:40:18,2026-02-23 23:49:22,38.15,1,CEDI Medellín,Medellín,Servientrega,KMS90572827,10890,2026-02-24 07:40:18,Entregado,2026-02-23 23:49:22,True,1.0,1.5896296296296297,True
PED003890,10,10,2026-01-16 21:50:44,2026-01-19 04:13:03,54.37,0,CEDI Barranquilla,Barranquilla,TCC,KMS98517647,18900,2026-01-19 07:50:44,Entregado,2026-01-19 04:13:03,True,1.0,2.2654976851851854,True
PED003891,10,10,2026-05-30 01:43:34,2026-05-31 02:04:54,24.36,0,CEDI Bogotá,Bogotá D.C.,Inter Rapidísimo,KMS89564171,17490,2026-05-31 17:43:34,Entregado,2026-05-31 02:04:54,True,1.0,1.0148148148148148,True
PED003892,10,10,2026-05-29 09:37:17,2026-05-30 11:51:12,26.23,1,CEDI Bogotá,Bogotá D.C.,Coordinadora,KMS86910659,18900,2026-05-30 18:37:17,Entregado,2026-05-30 11:51:12,True,1.0,1.0929976851851853,True
PED003893,10,10,2026-03-23 15:00:54,2026-03-25 01:09:17,34.15,0,CEDI Pereira,Pereira,TCC,KMS57181524,13090,2026-03-25 10:00:54,Entregado,2026-03-25 01:09:17,True,1.0,1.4224884259259258,True
PED003894,10,10,2026-04-03 18:55:22,2026-04-05 16:22:20,45.46,0,CEDI Pereira,Pereira,Inter Rapidísimo,KMS67721679,15900,2026-04-05 13:55:22,Entregado,2026-04-05 16:22:20,True,0.0,1.8937268518518517,True
PED003895,10,10,2026-05-16 01:23:02,2026-05-17 08:21:39,30.970000000000002,0,CEDI Bucaramanga,Bucaramanga,TCC,KMS38365830,8900,2026-05-18 05:23:02,Entregado,2026-05-17 08:21:39,True,1.0,1.2907060185185186,True
PED003896,10,10,2026-02-23 16:15:02,2026-02-25 04:49:55,36.58,0,CEDI Bogotá,Bogotá D.C.,Coordinadora,KMS57395650,11900,2026-02-25 08:15:02,Entregado,2026-02-25 04:49:55,True,1.0,1.524224537037037,True
PED003897,10,10,2026-05-20 14:25:17,2026-05-21 09:59:08,19.57,0,CEDI Bogotá,Bogotá D.C.,Envia,KMS48572763,13900,2026-05-21 23:25:17,Entregado,2026-05-21 09:59:08,True,1.0,0.8151736111111111,True
PED003898,10,10,2026-04-04 12:51:50,2026-04-05 23:26:16,34.59,0,CEDI Pereira,Pereira,Coordinadora,KMS16756363,11900,2026-04-06 14:51:50,Entregado,2026-04-05 23:26:16,True,1.0,1.4405787037037037,True
PED003899,10,10,2026-05-08 00:59:31,2026-05-09 09:22:57,32.38,0,CEDI Bogotá,Bogotá D.C.,Coordinadora,KMS48782966,15900,2026-05-09 16:59:31,Entregado,2026-05-09 09:22:57,True,1.0,1.3496064814814814,True
PED003900,10,10,2026-06-22 23:00:50,2026-06-24 05:15:55,30.259999999999998,0,CEDI Bogotá,Bogotá D.C.,Inter Rapidísimo,KMS21146819,13090,2026-06-24 15:00:50,Entregado,2026-06-24 05:15:55,True,1.0,1.260474537037037,True
PED003901,10,10,2026-06-04 01:31:24,2026-06-05 12:24:59,34.88,0,CEDI Pereira,Pereira,Envia,KMS20491241,18900,2026-06-05 20:31:24,Entregado,2026-06-05 12:24:59,True,1.0,1.4538773148148147,True
PED003902,10,10,2026-01-23 13:35:39,2026-01-24 21:12:01,31.61,0,CEDI Cali,Cali,Inter Rapidísimo,KMS34647654,15900,2026-01-25 06:35:39,Entregado,2026-01-24 21:12:01,True,1.0,1.3169212962962964,True
PED003903,8,8,2026-05-05 11:50:46,2026-05-06 21:55:37,16.62,0,CEDI Barranquilla,Barranquilla,Servientrega,KMS65796682,18900,2026-05-07 14:50:46,Entregado,2026-05-06 21:55:37,True,1.0,1.4200347222222223,False
PED003904,10,10,2026-03-15 19:38:03,2026-03-16 23:18:35,27.68,1,CEDI Medellín,Medellín,Coordinadora,KMS29874760,15900,2026-03-17 17:38:03,Entregado,2026-03-16 23:18:35,True,1.0,1.1531481481481483,True
PED003905,10,10,2026-04-28 16:27:28,2026-04-29 13:15:32,20.79,0,CEDI Cali,Cali,Inter Rapidísimo,KMS77970115,13900,2026-04-30 16:27:28,Entregado,2026-04-29 13:15:32,True,1.0,0.866712962962963,True
PED003906,10,10,2026-01-24 14:10:39,2026-01-26 05:13:30,39.04,0,CEDI Barranquilla,Barranquilla,Servientrega,KMS40305338,9900,2026-01-27 00:10:39,Entregado,2026-01-26 05:13:30,True,1.0,1.6269791666666666,True
PED003907,10,10,2026-03-14 12:37:53,2026-03-15 16:09:56,27.55,0,CEDI Bogotá,Bogotá D.C.,TCC,KMS57179670,18900,2026-03-16 04:37:53,Entregado,2026-03-15 16:09:56,True,1.0,1.1472569444444445,True
PED003908,10,10,2026-01-24 09:35:15,2026-01-26 04:04:46,42.49,0,CEDI Cali,Cali,Inter Rapidísimo,KMS81707067,18900,2026-01-26 09:35:15,Entregado,2026-01-26 04:04:46,True,1.0,1.7704976851851852,True
PED003909,10,10,2026-01-12 14:20:03,2026-01-15 14:06:42,71.78,0,CEDI Bucaramanga,Bucaramanga,Inter Rapidísimo,KMS83691158,11900,2026-01-14 18:20:03,Entregado,2026-01-15 14:06:42,True,0.0,2.9907291666666667,True
PED003910,10,10,2026-06-13 08:08:20,2026-06-14 10:43:30,26.58,0,CEDI Bogotá,Bogotá D.C.,TCC,KMS75593965,20790,2026-06-15 00:08:20,Entregado,2026-06-14 10:43:30,True,1.0,1.1077546296296297,True
PED003911,10,10,2026-01-18 22:31:34,2026-01-20 19:25:37,44.91,0,CEDI Medellín,Medellín,TCC,KMS50271173,9900,2026-01-20 20:31:34,Entregado,2026-01-20 19:25:37,True,1.0,1.8708680555555555,True
PED003912,10,10,2026-05-23 06:59:56,2026-05-24 08:48:28,25.81,0,CEDI Bogotá,Bogotá D.C.,Coordinadora,KMS57795120,13900,2026-05-24 22:59:56,Entregado,2026-05-24 08:48:28,True,1.0,1.0753703703703703,True
PED003913,10,10,2026-06-09 14:21:35,2026-06-11 21:37:29,55.269999999999996,0,CEDI Medellín,Medellín,TCC,KMS41050421,11900,2026-06-11 12:21:35,Entregado,2026-06-11 21:37:29,True,0.0,2.3027083333333334,True
PED003914,10,10,2026-03-18 01:44:59,2026-03-19 12:10:07,34.44,0,CEDI Bucaramanga,Bucaramanga,Coordinadora,KMS46158187,9790,2026-03-20 05:44:59,Entregado,2026-03-19 12:10:07,True,1.0,1.4341203703703704,True
PED003915,10,10,2026-06-05 08:12:46,2026-06-06 14:43:55,30.52,0,CEDI Bogotá,Bogotá D.C.,Inter Rapidísimo,KMS23841000,13900,2026-06-07 00:12:46,Entregado,2026-06-06 14:43:55,True,1.0,1.2716319444444444,True
PED003916,10,10,2026-02-11 12:27:18,2026-02-12 21:25:09,32.96,0,CEDI Cali,Cali,Servientrega,KMS74141614,15290,2026-02-13 12:27:18,Entregado,2026-02-12 21:25:09,True,1.0,1.3735069444444445,True
PED003917,10,10,2026-01-22 08:30:30,2026-01-24 03:09:33,42.64,0,CEDI Pereira,Pereira,Inter Rapidísimo,KMS25658375,13900,2026-01-24 10:30:30,Entregado,2026-01-24 03:09:33,True,1.0,1.7771180555555555,True
PED003918,10,10,2026-06-30 20:29:28,2026-07-03 10:34:14,62.1,0,CEDI Bogotá,Bogotá D.C.,Inter Rapidísimo,KMS72436655,13090,2026-07-02 12:29:28,Entregado,2026-07-03 10:34:14,True,0.0,2.5866435185185184,True
PED003919,10,10,2026-06-21 23:25:34,2026-06-23 13:15:22,37.83,0,CEDI Medellín,Medellín,Envia,KMS22565279,10890,2026-06-23 21:25:34,Entregado,2026-06-23 13:15:22,True,1.0,1.57625,True
PED003920,10,10,2026-02-19 04:47:57,2026-02-21 15:41:50,58.9,0,CEDI Bogotá,Bogotá D.C.,Envia,KMS52349605,18900,2026-02-20 20:47:57,Entregado,2026-02-21 15:41:50,True,0.0,2.454085648148148,True
PED003921,10,10,2026-03-23 16:45:46,2026-03-24 14:50:59,22.08,0,CEDI Bogotá,Bogotá D.C.,Inter Rapidísimo,KMS71743325,8900,2026-03-25 01:45:46,Entregado,2026-03-24 14:50:59,True,1.0,0.9202893518518519,True
PED003922,10,10,2026-04-13 00:12:04,2026-04-13 19:15:36,19.06,0,CEDI Bogotá,Bogotá D.C.,Inter Rapidísimo,KMS14382645,18900,2026-04-14 09:12:04,Entregado,2026-04-13 19:15:36,True,1.0,0.7941203703703704,True
PED003923,10,10,2026-01-19 08:07:47,2026-01-20 17:12:47,33.07,0,CEDI Bogotá,Bogotá D.C.,Envia,KMS69352864,11900,2026-01-21 00:07:47,Entregado,2026-01-20 17:12:47,True,1.0,1.3784722222222223,True
PED003924,10,10,2026-01-17 01:40:45,2026-01-18 12:50:50,35.18,0,CEDI Pereira,Pereira,Coordinadora,KMS35763169,11900,2026-01-19 03:40:45,Entregado,2026-01-18 12:50:50,True,1.0,1.465335648148148,True
PED003925,10,10,2026-05-17 04:37:03,2026-05-18 19:55:57,39.31,0,CEDI Bogotá,Bogotá D.C.,Envia,KMS98491266,15900,2026-05-18 20:37:03,Entregado,2026-05-18 19:55:57,True,1.0,1.638125,True
PED003926,10,10,2026-05-31 15:06:58,2026-06-02 14:32:29,47.44,0,CEDI Bogotá,Bogotá D.C.,TCC,KMS36599076,15900,2026-06-02 00:06:58,Entregado,2026-06-02 14:32:29,True,0.0,1.9760532407407407,True
PED003927,10,10,2026-05-29 15:16:04,2026-05-31 01:34:34,34.29,0,CEDI Medellín,Medellín,Coordinadora,KMS64935014,11900,2026-05-31 13:16:04,Entregado,2026-05-31 01:34:34,True,1.0,1.429513888888889,True
PED003928,10,10,2026-02-24 20:47:46,2026-02-26 14:19:30,41.53,0,CEDI Cali,Cali,Coordinadora,KMS38991327,18900,2026-02-26 20:47:46,Entregado,2026-02-26 14:19:30,True,1.0,1.7303703703703703,True
PED003929,10,10,2026-04-09 12:15:14,2026-04-11 02:00:49,37.75,0,CEDI Pereira,Pereira,Servientrega,KMS96565738,8900,2026-04-11 14:15:14,Entregado,2026-04-11 02:00:49,True,1.0,1.5733217592592592,True
PED003930,10,10,2026-03-18 06:35:57,2026-03-19 06:46:46,24.18,0,CEDI Cali,Cali,Envia,KMS89492463,11900,2026-03-19 23:35:57,Entregado,2026-03-19 06:46:46,True,1.0,1.007511574074074,True
PED003931,10,10,2026-05-24 11:49:05,2026-05-25 18:04:06,30.26,0,CEDI Bogotá,Bogotá D.C.,Envia,KMS64434985,13900,2026-05-26 03:49:05,Entregado,2026-05-25 18:04:06,True,1.0,1.2604282407407408,True
PED003932,10,10,2026-03-09 01:28:21,2026-03-10 07:26:13,29.96,0,CEDI Medellín,Medellín,Coordinadora,KMS91674271,9900,2026-03-10 16:28:21,Entregado,2026-03-10 07:26:13,True,1.0,1.2485185185185186,True
PED003933,10,10,2026-05-25 06:56:15,2026-05-27 10:05:05,51.150000000000006,0,CEDI Barranquilla,Barranquilla,TCC,KMS25103432,11900,2026-05-27 16:56:15,Entregado,2026-05-27 10:05:05,True,1.0,2.1311342592592593,True
PED003934,10,10,2026-04-04 21:55:47,2026-04-05 15:52:25,17.95,0,CEDI Bogotá,Bogotá D.C.,Coordinadora,KMS87216272,17490,2026-04-06 13:55:47,Entregado,2026-04-05 15:52:25,True,1.0,0.747662037037037,True
PED003935,10,10,2026-04-12 18:28:23,2026-04-14 03:48:13,33.33,0,CEDI Pereira,Pereira,Envia,KMS19528923,15900,2026-04-14 20:28:23,Entregado,2026-04-14 03:48:13,True,1.0,1.3887731481481482,True
PED003936,10,10,2026-01-26 06:56:17,2026-01-28 01:11:09,42.25,0,CEDI Pereira,Pereira,Coordinadora,KMS14977564,15290,2026-01-28 08:56:17,Entregado,2026-01-28 01:11:09,True,1.0,1.760324074074074,True
PED003937,10,10,2026-04-28 20:00:47,2026-04-30 11:42:23,39.71,0,CEDI Bucaramanga,Bucaramanga,Envia,KMS70269846,13090,2026-05-01 00:00:47,Entregado,2026-04-30 11:42:23,True,1.0,1.653888888888889,True
PED003938,10,10,2026-05-29 10:33:17,2026-05-31 04:10:58,41.64,1,CEDI Bucaramanga,Bucaramanga,TCC,KMS40036505,13900,2026-05-31 14:33:17,Entregado,2026-05-31 04:10:58,True,1.0,1.7345023148148149,True
PED003939,10,10,2026-06-15 13:09:36,2026-06-16 13:49:29,24.66,0,CEDI Bogotá,Bogotá D.C.,Envia,KMS79930898,8900,2026-06-17 05:09:36,Entregado,2026-06-16 13:49:29,True,1.0,1.0276967592592592,True
PED003940,10,10,2026-03-25 22:54:34,2026-03-27 07:46:07,32.86,0,CEDI Cali,Cali,Servientrega,KMS76507725,8900,2026-03-27 22:54:34,Entregado,2026-03-27 07:46:07,True,1.0,1.3691319444444445,True
PED003941,10,10,2026-04-27 14:14:32,2026-04-29 04:19:10,38.07,0,CEDI Medellín,Medellín,Inter Rapidísimo,KMS21708647,13900,2026-04-29 12:14:32,Entregado,2026-04-29 04:19:10,True,1.0,1.5865509259259258,True
PED003942,10,10,2026-06-21 19:58:58,2026-06-22 15:22:06,19.39,0,CEDI Medellín,Medellín,TCC,KMS53212104,11900,2026-06-23 17:58:58,Entregado,2026-06-22 15:22:06,True,1.0,0.8077314814814814,True
PED003943,10,10,2026-03-04 20:15:46,2026-03-06 09:12:32,36.95,0,CEDI Bucaramanga,Bucaramanga,Coordinadora,KMS57803857,15290,2026-03-07 00:15:46,Entregado,2026-03-06 09:12:32,True,1.0,1.5394212962962963,True
PED003944,10,10,2026-06-08 15:33:21,2026-06-11 00:49:29,57.28,0,CEDI Bogotá,Bogotá D.C.,Envia,KMS46292168,20790,2026-06-10 00:33:21,Entregado,2026-06-11 00:49:29,True,0.0,2.386203703703704,True
PED003945,10,10,2026-06-18 10:19:33,2026-06-19 00:20:07,14.02,0,CEDI Bogotá,Bogotá D.C.,Servientrega,KMS44369119,17490,2026-06-19 19:19:33,Entregado,2026-06-19 00:20:07,True,1.0,0.5837268518518518,True
PED003946,10,10,2026-05-17 17:48:54,2026-05-18 22:51:38,29.02,0,CEDI Medellín,Medellín,Inter Rapidísimo,KMS82932182,8900,2026-05-19 15:48:54,Entregado,2026-05-18 22:51:38,True,1.0,1.2102314814814814,True
PED003947,10,10,2026-01-11 11:53:00,2026-01-14 07:44:39,67.85,0,CEDI Barranquilla,Barranquilla,Envia,KMS22085479,13090,2026-01-13 21:53:00,Entregado,2026-01-14 07:44:39,True,0.0,2.827534722222222,True
PED003948,10,10,2026-03-18 23:08:23,2026-03-20 19:37:10,44.49,0,CEDI Pereira,Pereira,Coordinadora,KMS99431323,15900,2026-03-21 01:08:23,Entregado,2026-03-20 19:37:10,True,1.0,1.8533217592592592,True
PED003949,10,10,2026-06-01 10:22:34,2026-06-03 14:44:47,52.36,0,CEDI Bogotá,Bogotá D.C.,Envia,KMS90495560,17490,2026-06-03 02:22:34,Entregado,2026-06-03 14:44:47,True,0.0,2.182094907407407,True
PED003950,9,9,2026-06-18 05:30:11,2026-06-20 08:58:42,50.339999999999996,0,CEDI Cali,Cali,Inter Rapidísimo,KMS99600498,11900,2026-06-19 22:30:11,Entregado,2026-06-20 08:58:42,True,0.0,2.1448032407407407,False
PED003951,10,10,2026-01-03 16:20:43,2026-01-05 20:23:40,52.05,0,CEDI Bogotá,Bogotá D.C.,Coordinadora,KMS79421358,15290,2026-01-05 01:20:43,Entregado,2026-01-05 20:23:40,True,0.0,2.168715277777778,True
PED003952,10,10,2026-05-29 07:42:55,2026-05-31 08:44:48,49.03,1,CEDI Barranquilla,Barranquilla,Coordinadora,KMS79716649,18900,2026-05-31 17:42:55,Entregado,2026-05-31 08:44:48,True,1.0,2.042974537037037,True
PED003953,10,10,2026-06-15 08:22:52,2026-06-16 10:29:39,26.1,0,CEDI Medellín,Medellín,Envia,KMS86436477,15900,2026-06-17 06:22:52,Entregado,2026-06-16 10:29:39,True,1.0,1.0880439814814815,True
PED003954,10,10,2026-02-24 21:27:18,2026-02-26 06:11:36,32.75,0,CEDI Cali,Cali,Coordinadora,KMS66580761,8900,2026-02-26 21:27:18,Entregado,2026-02-26 06:11:36,True,1.0,1.3640972222222223,True
PED003955,10,10,2026-04-05 20:30:44,2026-04-07 05:47:19,33.28,0,CEDI Barranquilla,Barranquilla,Coordinadora,KMS89947705,17490,2026-04-07 23:30:44,Entregado,2026-04-07 05:47:19,True,1.0,1.3865162037037038,True
PED003956,10,10,2026-05-04 19:27:55,2026-05-06 06:04:30,34.62,0,CEDI Medellín,Medellín,Servientrega,KMS31808227,11900,2026-05-06 17:27:55,Entregado,2026-05-06 06:04:30,True,1.0,1.4420717592592593,True
PED003957,10,10,2026-04-21 18:36:56,2026-04-23 17:26:04,46.839999999999996,0,CEDI Bucaramanga,Bucaramanga,TCC,KMS30275173,13900,2026-04-23 15:36:56,Entregado,2026-04-23 17:26:04,True,0.0,1.950787037037037,True
PED003958,10,10,2026-05-10 11:19:40,2026-05-11 04:41:08,17.36,0,CEDI Bogotá,Bogotá D.C.,TCC,KMS82114009,10890,2026-05-12 03:19:40,Entregado,2026-05-11 04:41:08,True,1.0,0.7232407407407407,True
PED003959,10,10,2026-02-09 13:15:55,2026-02-11 02:21:33,37.09,0,CEDI Medellín,Medellín,Servientrega,KMS61619136,11900,2026-02-11 11:15:55,Entregado,2026-02-11 02:21:33,True,1.0,1.5455787037037036,True
PED003960,10,10,2026-04-23 10:25:47,2026-04-25 01:20:26,38.910000000000004,0,CEDI Cali,Cali,Envia,KMS90268114,8900,2026-04-25 10:25:47,Entregado,2026-04-25 01:20:26,True,1.0,1.6212847222222222,True
PED003961,10,10,2026-05-10 00:12:56,2026-05-11 04:54:56,28.7,0,CEDI Bogotá,Bogotá D.C.,Envia,KMS12154580,13900,2026-05-11 16:12:56,Entregado,2026-05-11 04:54:56,True,1.0,1.1958333333333333,True
PED003962,10,10,2026-03-07 12:22:11,2026-03-09 10:49:39,46.46,0,CEDI Bucaramanga,Bucaramanga,Coordinadora,KMS20106630,9790,2026-03-09 09:22:11,Entregado,2026-03-09 10:49:39,True,0.0,1.9357407407407408,True
PED003963,10,10,2026-04-07 22:54:05,2026-04-08 22:28:41,23.58,1,CEDI Bogotá,Bogotá D.C.,Servientrega,KMS60863492,10890,2026-04-09 14:54:05,Entregado,2026-04-08 22:28:41,True,1.0,0.9823611111111111,True
PED003964,10,10,2026-04-03 17:09:20,2026-04-05 08:09:53,38.99,0,CEDI Bogotá,Bogotá D.C.,Servientrega,KMS14096780,18900,2026-04-05 09:09:20,Entregado,2026-04-05 08:09:53,True,1.0,1.6253819444444444,True
PED003965,10,10,2026-05-02 18:05:14,2026-05-04 10:03:45,39.97,0,CEDI Cali,Cali,Servientrega,KMS57711534,8900,2026-05-04 11:05:14,Entregado,2026-05-04 10:03:45,True,1.0,1.6656365740740742,True
PED003966,10,10,2026-05-24 14:29:57,2026-05-26 19:50:52,53.35,0,CEDI Cali,Cali,Coordinadora,KMS56388132,15900,2026-05-26 14:29:57,Entregado,2026-05-26 19:50:52,True,0.0,2.2228587962962965,True
PED003967,10,10,2026-05-04 07:32:59,2026-05-05 17:33:59,34.01,0,CEDI Bogotá,Bogotá D.C.,Coordinadora,KMS10417215,13090,2026-05-05 23:32:59,Entregado,2026-05-05 17:33:59,True,1.0,1.417361111111111,True
PED003968,10,10,2026-03-05 04:40:45,2026-03-06 19:32:14,38.86,0,CEDI Medellín,Medellín,TCC,KMS27113039,20790,2026-03-07 02:40:45,Entregado,2026-03-06 19:32:14,True,1.0,1.6190856481481481,True
PED003969,10,10,2026-02-05 02:29:11,2026-02-06 10:24:05,31.92,1,CEDI Bogotá,Bogotá D.C.,TCC,KMS58750522,18900,2026-02-06 18:29:11,Entregado,2026-02-06 10:24:05,True,1.0,1.3297916666666667,True
PED003970,10,10,2026-04-10 04:28:43,2026-04-11 16:15:59,35.81,0,CEDI Medellín,Medellín,Servientrega,KMS31166361,15290,2026-04-12 02:28:43,Entregado,2026-04-11 16:15:59,True,1.0,1.4911574074074074,True
PED003971,10,10,2026-05-03 00:45:43,2026-05-04 20:50:08,44.07,0,CEDI Barranquilla,Barranquilla,Inter Rapidísimo,KMS55768349,13900,2026-05-05 10:45:43,Entregado,2026-05-04 20:50:08,True,1.0,1.8364004629629629,True
PED003972,10,10,2026-03-14 03:25:55,2026-03-15 10:56:07,31.5,0,CEDI Bucaramanga,Bucaramanga,Inter Rapidísimo,KMS65262985,11900,2026-03-16 07:25:55,Entregado,2026-03-15 10:56:07,True,1.0,1.312638888888889,True
PED003973,10,10,2026-01-04 01:34:57,2026-01-06 05:36:53,52.03,0,CEDI Medellín,Medellín,Servientrega,KMS39953013,13900,2026-01-05 23:34:57,Entregado,2026-01-06 05:36:53,True,0.0,2.1680092592592595,True
PED003974,10,10,2026-06-02 19:52:50,2026-06-03 20:42:22,24.81,0,CEDI Pereira,Pereira,Servientrega,KMS52615014,8900,2026-06-04 14:52:50,Entregado,2026-06-03 20:42:22,True,1.0,1.0343981481481481,True
PED003975,10,10,2026-05-24 15:08:58,2026-05-27 08:46:50,65.62,0,CEDI Medellín,Medellín,Inter Rapidísimo,KMS45391313,13900,2026-05-26 13:08:58,Entregado,2026-05-27 08:46:50,True,0.0,2.7346296296296297,True
PED003976,10,10,2026-02-13 11:12:59,2026-02-14 20:07:41,32.91,0,CEDI Cali,Cali,Inter Rapidísimo,KMS72664310,9790,2026-02-15 11:12:59,Entregado,2026-02-14 20:07:41,True,1.0,1.3713194444444445,True
PED003977,10,10,2026-02-05 07:24:25,2026-02-07 10:02:22,50.620000000000005,0,CEDI Medellín,Medellín,Envia,KMS73210824,9790,2026-02-07 05:24:25,Entregado,2026-02-07 10:02:22,True,0.0,2.1096875,True
PED003978,10,10,2026-04-28 14:47:24,2026-04-29 20:55:42,30.14,0,CEDI Pereira,Pereira,Coordinadora,KMS90242357,17490,2026-04-30 09:47:24,Entregado,2026-04-29 20:55:42,True,1.0,1.255763888888889,True
PED003979,10,10,2026-04-29 06:05:44,2026-05-02 01:53:43,67.79,1,CEDI Bucaramanga,Bucaramanga,Servientrega,KMS30323571,13900,2026-05-01 10:05:44,Entregado,2026-05-02 01:53:43,True,0.0,2.824988425925926,True
PED003980,10,10,2026-05-14 15:56:57,2026-05-16 17:23:49,49.46,0,CEDI Barranquilla,Barranquilla,Inter Rapidísimo,KMS29725618,20790,2026-05-17 01:56:57,Entregado,2026-05-16 17:23:49,True,1.0,2.060324074074074,True
PED003981,10,10,2026-04-16 21:26:04,2026-04-20 07:09:28,81.72999999999999,0,CEDI Barranquilla,Barranquilla,Servientrega,KMS54186305,11900,2026-04-19 07:26:04,Entregado,2026-04-20 07:09:28,True,0.0,3.4051388888888887,True
PED003982,10,10,2026-06-26 21:23:11,2026-06-28 05:24:33,32.04,0,CEDI Medellín,Medellín,Envia,KMS50501881,9900,2026-06-28 19:23:11,Entregado,2026-06-28 05:24:33,True,1.0,1.3342824074074073,True
PED003983,10,10,2026-01-30 16:53:37,2026-02-01 10:34:39,41.68,1,CEDI Cali,Cali,Envia,KMS39346533,18900,2026-02-01 09:53:37,Entregado,2026-02-01 10:34:39,True,0.0,1.7368287037037038,True
PED003984,10,10,2026-05-02 08:34:09,2026-05-03 14:16:54,29.72,0,CEDI Bogotá,Bogotá D.C.,TCC,KMS64861259,13900,2026-05-04 00:34:09,Entregado,2026-05-03 14:16:54,True,1.0,1.2380208333333333,True
PED003985,10,10,2026-04-02 16:38:56,2026-04-03 21:16:07,28.6,0,CEDI Cali,Cali,Servientrega,KMS67535293,15290,2026-04-04 16:38:56,Entregado,2026-04-03 21:16:07,True,1.0,1.1924884259259259,True
PED003986,10,10,2026-06-08 20:14:30,2026-06-10 20:00:15,47.75,0,CEDI Bogotá,Bogotá D.C.,Servientrega,KMS91299372,15290,2026-06-10 12:14:30,Entregado,2026-06-10 20:00:15,True,0.0,1.9901041666666666,True
PED003987,10,10,2026-01-25 21:14:10,2026-01-26 21:29:37,24.25,0,CEDI Bogotá,Bogotá D.C.,Coordinadora,KMS44924332,9900,2026-01-27 13:14:10,Entregado,2026-01-26 21:29:37,True,1.0,1.0107291666666667,True
PED003988,10,10,2026-06-27 02:31:38,2026-06-28 01:40:37,23.15,1,CEDI Bogotá,Bogotá D.C.,Inter Rapidísimo,KMS74166111,15900,2026-06-28 18:31:38,Entregado,2026-06-28 01:40:37,True,1.0,0.9645717592592593,True
PED003989,10,10,2026-03-26 09:57:50,2026-03-27 18:50:41,32.88,0,CEDI Bogotá,Bogotá D.C.,Inter Rapidísimo,KMS21564260,13900,2026-03-28 01:57:50,Entregado,2026-03-27 18:50:41,True,1.0,1.3700347222222222,True
PED003990,10,10,2026-05-11 20:02:43,2026-05-12 19:22:36,23.34,0,CEDI Bogotá,Bogotá D.C.,Envia,KMS37547996,20790,2026-05-13 12:02:43,Entregado,2026-05-12 19:22:36,True,1.0,0.9721412037037037,True
PED003991,10,10,2026-01-11 01:37:48,2026-01-12 12:01:40,34.4,0,CEDI Pereira,Pereira,Servientrega,KMS41299511,9790,2026-01-13 03:37:48,Entregado,2026-01-12 12:01:40,True,1.0,1.4332407407407408,True
PED003992,10,10,2026-03-04 21:59:57,2026-03-06 11:18:58,37.33,0,CEDI Cali,Cali,Envia,KMS22007388,8900,2026-03-06 21:59:57,Entregado,2026-03-06 11:18:58,True,1.0,1.5548726851851853,True
PED003993,10,10,2026-04-03 10:04:42,2026-04-04 13:23:04,27.3,0,CEDI Bogotá,Bogotá D.C.,Envia,KMS80205007,11900,2026-04-05 02:04:42,Entregado,2026-04-04 13:23:04,True,1.0,1.1377546296296297,True
PED003994,10,10,2026-06-14 05:10:00,2026-06-16 00:01:33,42.86,0,CEDI Cali,Cali,Envia,KMS13030360,11900,2026-06-16 05:10:00,Entregado,2026-06-16 00:01:33,True,1.0,1.785798611111111,True
PED003995,10,10,2026-05-19 07:01:47,2026-05-20 06:37:52,23.59,0,CEDI Bogotá,Bogotá D.C.,Inter Rapidísimo,KMS74723633,18900,2026-05-20 16:01:47,Entregado,2026-05-20 06:37:52,True,1.0,0.9833912037037037,True
PED003996,10,10,2026-05-15 10:07:36,2026-05-18 07:09:47,69.03,0,CEDI Pereira,Pereira,TCC,KMS27804049,18900,2026-05-17 12:07:36,Entregado,2026-05-18 07:09:47,True,0.0,2.8765162037037038,True
PED003997,10,10,2026-06-27 18:06:33,2026-06-28 15:03:31,20.95,0,CEDI Bogotá,Bogotá D.C.,Servientrega,KMS75852520,8900,2026-06-29 10:06:33,Entregado,2026-06-28 15:03:31,True,1.0,0.8728935185185185,True
PED003998,10,10,2026-04-28 16:29:20,2026-04-30 13:57:47,45.47,0,CEDI Bogotá,Bogotá D.C.,TCC,KMS52905316,13900,2026-04-30 01:29:20,Entregado,2026-04-30 13:57:47,True,0.0,1.8947569444444445,True
PED003999,10,10,2026-06-27 02:41:29,2026-06-28 00:05:20,21.39,0,CEDI Bogotá,Bogotá D.C.,Inter Rapidísimo,KMS37965282,13900,2026-06-28 11:41:29,Entregado,2026-06-28 00:05:20,True,1.0,0.8915625,True
PED004000,10,10,2026-02-03 23:08:20,2026-02-05 09:45:30,34.62,0,CEDI Cali,Cali,Envia,KMS21109298,13900,2026-02-05 23:08:20,Entregado,2026-02-05 09:45:30,True,1.0,1.4424768518518518,True
PED004001,10,10,2026-03-13 18:04:29,2026-03-16 00:13:44,54.150000000000006,1,CEDI Pereira,Pereira,Envia,KMS76807246,15900,2026-03-15 20:04:29,Entregado,2026-03-16 00:13:44,True,0.0,2.256423611111111,True
PED004002,10,10,2026-03-02 04:43:22,2026-03-03 22:18:31,41.6,0,CEDI Bucaramanga,Bucaramanga,Servientrega,KMS56919026,9900,2026-03-04 08:43:22,Entregado,2026-03-03 22:18:31,True,1.0,1.7327430555555556,True
PED004003,10,10,2026-01-20 20:36:47,2026-01-22 06:45:31,34.15,0,CEDI Cali,Cali,Envia,KMS45666593,15900,2026-01-22 20:36:47,Entregado,2026-01-22 06:45:31,True,1.0,1.4227314814814815,True
PED004004,10,10,2026-06-30 17:33:34,2026-07-02 05:51:01,36.29,1,CEDI Barranquilla,Barranquilla,Inter Rapidísimo,KMS96847052,13900,2026-07-03 03:33:34,Entregado,2026-07-02 05:51:01,True,1.0,1.5121180555555556,True
PED004005,10,10,2026-03-02 21:35:13,2026-03-04 18:23:58,44.81,0,CEDI Bucaramanga,Bucaramanga,Coordinadora,KMS86123847,15290,2026-03-05 01:35:13,Entregado,2026-03-04 18:23:58,True,1.0,1.8671875,True
PED004006,10,10,2026-05-16 14:19:03,2026-05-17 00:47:46,10.48,0,CEDI Bogotá,Bogotá D.C.,Coordinadora,KMS84896415,9900,2026-05-18 06:19:03,Entregado,2026-05-17 00:47:46,True,1.0,0.4366087962962963,True
PED004007,10,10,2026-02-07 17:15:13,2026-02-09 07:17:34,38.05,0,CEDI Medellín,Medellín,TCC,KMS84060823,18900,2026-02-09 15:15:13,Entregado,2026-02-09 07:17:34,True,1.0,1.5849652777777778,True
PED004008,10,10,2026-02-03 15:45:42,2026-02-05 11:18:37,43.55,0,CEDI Bucaramanga,Bucaramanga,Coordinadora,KMS21077627,15900,2026-02-05 19:45:42,Entregado,2026-02-05 11:18:37,True,1.0,1.814525462962963,True
PED004009,10,10,2026-05-20 08:48:15,2026-05-22 02:24:44,41.62,1,CEDI Medellín,Medellín,Inter Rapidísimo,KMS25994600,15900,2026-05-22 06:48:15,Entregado,2026-05-22 02:24:44,True,1.0,1.7336689814814814,True
PED004010,10,10,2026-05-08 23:25:46,2026-05-10 20:49:39,45.39,0,CEDI Barranquilla,Barranquilla,Coordinadora,KMS47942794,9900,2026-05-11 09:25:46,Entregado,2026-05-10 20:49:39,True,1.0,1.8915856481481481,True
PED004011,10,10,2026-02-08 09:34:53,2026-02-09 20:44:17,35.16,0,CEDI Cali,Cali,Inter Rapidísimo,KMS62666572,13900,2026-02-10 09:34:53,Entregado,2026-02-09 20:44:17,True,1.0,1.4648611111111112,True
PED004012,10,10,2026-03-08 17:16:41,2026-03-10 02:52:35,33.61,0,CEDI Medellín,Medellín,Servientrega,KMS74447324,11900,2026-03-10 15:16:41,Entregado,2026-03-10 02:52:35,True,1.0,1.3999305555555555,True
PED004013,10,10,2026-05-05 21:08:14,2026-05-07 00:33:23,27.41,0,CEDI Bogotá,Bogotá D.C.,Inter Rapidísimo,KMS45048991,8900,2026-05-07 06:08:14,Entregado,2026-05-07 00:33:23,True,1.0,1.1424652777777777,True
PED004014,10,10,2026-02-10 21:47:49,2026-02-12 09:12:48,35.43,0,CEDI Bogotá,Bogotá D.C.,TCC,KMS14035016,18900,2026-02-12 13:47:49,Entregado,2026-02-12 09:12:48,True,1.0,1.4756828703703704,True
PED004015,10,10,2026-06-03 21:36:03,2026-06-05 02:12:46,28.599999999999998,0,CEDI Cali,Cali,Inter Rapidísimo,KMS57949951,11900,2026-06-05 21:36:03,Entregado,2026-06-05 02:12:46,True,1.0,1.1921643518518519,True
PED004016,10,10,2026-02-13 14:59:22,2026-02-15 04:34:24,37.59,0,CEDI Pereira,Pereira,Inter Rapidísimo,KMS19069978,8900,2026-02-15 16:59:22,Entregado,2026-02-15 04:34:24,True,1.0,1.5659953703703704,True
PED004017,10,10,2026-06-12 09:54:16,2026-06-13 09:48:21,23.9,0,CEDI Bogotá,Bogotá D.C.,Servientrega,KMS52806897,8900,2026-06-13 18:54:16,Entregado,2026-06-13 09:48:21,True,1.0,0.9958912037037037,True
PED004018,10,10,2026-05-01 01:21:09,2026-05-02 11:13:01,33.86,0,CEDI Cali,Cali,TCC,KMS95949516,20790,2026-05-03 01:21:09,Entregado,2026-05-02 11:13:01,True,1.0,1.4110185185185184,True
PED004019,10,10,2026-06-20 16:29:40,2026-06-22 00:27:17,31.95,0,CEDI Pereira,Pereira,TCC,KMS88814683,15900,2026-06-22 18:29:40,Entregado,2026-06-22 00:27:17,True,1.0,1.3316782407407408,True
PED004020,10,10,2026-05-16 11:59:04,2026-05-18 14:26:46,50.45,0,CEDI Pereira,Pereira,Servientrega,KMS87455114,18900,2026-05-18 13:59:04,Entregado,2026-05-18 14:26:46,True,0.0,2.1025694444444443,True
PED004021,10,10,2026-04-30 13:53:29,2026-04-30 23:53:28,10.0,0,CEDI Bogotá,Bogotá D.C.,Envia,KMS47943213,8900,2026-05-01 22:53:29,Entregado,2026-04-30 23:53:28,True,1.0,0.4166550925925926,True
PED004022,10,10,2026-05-13 21:12:15,2026-05-14 23:14:19,26.03,0,CEDI Bucaramanga,Bucaramanga,Coordinadora,KMS73766692,9790,2026-05-16 01:12:15,Entregado,2026-05-14 23:14:19,True,1.0,1.0847685185185185,True
PED004023,10,10,2026-01-22 18:06:47,2026-01-24 15:29:11,45.379999999999995,0,CEDI Medellín,Medellín,Inter Rapidísimo,KMS14882964,10890,2026-01-24 16:06:47,Entregado,2026-01-24 15:29:11,True,1.0,1.8905555555555555,True
PED004024,10,10,2026-03-24 10:31:10,2026-03-25 19:44:10,33.21,0,CEDI Cali,Cali,Envia,KMS60141129,13900,2026-03-26 10:31:10,Entregado,2026-03-25 19:44:10,True,1.0,1.3840277777777779,True
PED004025,10,10,2026-01-31 15:56:52,2026-02-02 15:19:16,47.370000000000005,0,CEDI Barranquilla,Barranquilla,Envia,KMS92499978,8900,2026-02-03 01:56:52,Entregado,2026-02-02 15:19:16,True,1.0,1.9738888888888888,True
PED004026,10,10,2026-05-31 07:43:49,2026-06-01 04:33:08,20.82,0,CEDI Bogotá,Bogotá D.C.,Coordinadora,KMS35724789,8900,2026-06-01 23:43:49,Entregado,2026-06-01 04:33:08,True,1.0,0.8675810185185185,True
PED004027,10,10,2026-04-01 03:51:40,2026-04-03 01:57:30,46.09,0,CEDI Medellín,Medellín,Servientrega,KMS19963201,11900,2026-04-03 01:51:40,Entregado,2026-04-03 01:57:30,True,0.0,1.9207175925925926,True
PED004028,10,10,2026-02-24 13:07:22,2026-02-25 15:22:20,26.259999999999998,0,CEDI Bogotá,Bogotá D.C.,Coordinadora,KMS78962805,11900,2026-02-26 05:07:22,Entregado,2026-02-25 15:22:20,True,1.0,1.093726851851852,True
PED004029,10,10,2026-05-10 07:11:12,2026-05-12 12:54:59,53.730000000000004,0,CEDI Barranquilla,Barranquilla,Envia,KMS61428711,9900,2026-05-12 17:11:12,Entregado,2026-05-12 12:54:59,True,1.0,2.2387384259259258,True
PED004030,10,10,2026-01-18 07:14:11,2026-01-19 21:56:02,38.7,0,CEDI Cali,Cali,Coordinadora,KMS87174246,15290,2026-01-20 07:14:11,Entregado,2026-01-19 21:56:02,True,1.0,1.6123958333333333,True
PED004031,10,10,2026-04-22 14:59:47,2026-04-23 19:37:51,28.63,0,CEDI Cali,Cali,Servientrega,KMS28812537,15290,2026-04-24 07:59:47,Entregado,2026-04-23 19:37:51,True,1.0,1.193101851851852,True
PED004032,10,10,2026-01-17 16:44:06,2026-01-19 07:11:15,38.45,1,CEDI Bucaramanga,Bucaramanga,Servientrega,KMS34664947,11900,2026-01-19 20:44:06,Entregado,2026-01-19 07:11:15,True,1.0,1.6021875,True
PED004033,10,10,2026-01-08 01:57:58,2026-01-09 08:17:11,30.34,0,CEDI Bogotá,Bogotá D.C.,Inter Rapidísimo,KMS74139681,8900,2026-01-09 17:57:58,Entregado,2026-01-09 08:17:11,True,1.0,1.2633449074074075,True
PED004034,10,10,2026-02-05 00:21:54,2026-02-05 10:21:53,10.0,0,CEDI Bogotá,Bogotá D.C.,Inter Rapidísimo,KMS61212764,11900,2026-02-06 09:21:54,Entregado,2026-02-05 10:21:53,True,1.0,0.4166550925925926,True
PED004035,10,10,2026-03-17 22:52:00,2026-03-19 06:26:14,31.560000000000002,0,CEDI Barranquilla,Barranquilla,Inter Rapidísimo,KMS23615863,9900,2026-03-20 01:52:00,Entregado,2026-03-19 06:26:14,True,1.0,1.3154398148148148,True
PED004036,10,10,2026-03-01 16:05:15,2026-03-02 19:53:34,27.8,0,CEDI Bogotá,Bogotá D.C.,Envia,KMS39525664,15290,2026-03-03 08:05:15,Entregado,2026-03-02 19:53:34,True,1.0,1.1585532407407408,True
PED004037,10,10,2026-02-17 11:11:08,2026-02-19 21:32:17,58.35,0,CEDI Pereira,Pereira,Inter Rapidísimo,KMS90871018,15290,2026-02-19 13:11:08,Entregado,2026-02-19 21:32:17,True,0.0,2.4313541666666665,True
PED004038,10,10,2026-02-16 11:53:34,2026-02-17 12:03:59,24.18,0,CEDI Bogotá,Bogotá D.C.,TCC,KMS24740610,13900,2026-02-18 03:53:34,Entregado,2026-02-17 12:03:59,True,1.0,1.0072337962962963,True
PED004039,10,10,2026-01-11 14:20:17,2026-01-13 02:27:57,36.13,0,CEDI Medellín,Medellín,Inter Rapidísimo,KMS97716253,8900,2026-01-13 12:20:17,Entregado,2026-01-13 02:27:57,True,1.0,1.505324074074074,True
PED004040,10,10,2026-02-08 09:17:28,2026-02-10 13:30:16,52.22,1,CEDI Cali,Cali,Inter Rapidísimo,KMS93878017,20790,2026-02-10 09:17:28,Entregado,2026-02-10 13:30:16,True,0.0,2.1755555555555555,True
PED004041,10,10,2026-04-29 04:24:04,2026-05-01 04:17:39,47.89,0,CEDI Barranquilla,Barranquilla,Servientrega,KMS40197042,11900,2026-05-01 14:24:04,Entregado,2026-05-01 04:17:39,True,1.0,1.9955439814814815,True
PED004042,10,10,2026-04-13 11:46:14,2026-04-14 17:21:44,29.58,0,CEDI Pereira,Pereira,Inter Rapidísimo,KMS17942820,15900,2026-04-15 06:46:14,Entregado,2026-04-14 17:21:44,True,1.0,1.2329861111111111,True
PED004043,10,10,2026-03-22 19:51:25,2026-03-24 18:45:26,46.9,0,CEDI Cali,Cali,TCC,KMS14359850,8900,2026-03-24 19:51:25,Entregado,2026-03-24 18:45:26,True,1.0,1.9541782407407406,True
PED004044,10,10,2026-06-03 11:34:04,2026-06-05 01:27:19,37.89,0,CEDI Bucaramanga,Bucaramanga,Inter Rapidísimo,KMS77274740,10890,2026-06-05 15:34:04,Entregado,2026-06-05 01:27:19,True,1.0,1.5786458333333333,True
PED004045,10,10,2026-06-12 05:18:43,2026-06-14 04:34:24,47.25,0,CEDI Cali,Cali,TCC,KMS34525577,15900,2026-06-14 05:18:43,Entregado,2026-06-14 04:34:24,True,1.0,1.969224537037037,True
PED004046,10,10,2026-06-19 15:39:11,2026-06-20 20:24:26,28.759999999999998,0,CEDI Bogotá,Bogotá D.C.,Inter Rapidísimo,KMS53844007,8900,2026-06-21 07:39:11,Entregado,2026-06-20 20:24:26,True,1.0,1.1980902777777778,True
PED004047,9,9,2026-01-11 16:56:28,2026-01-12 20:33:16,27.15,0,CEDI Cali,Cali,Coordinadora,KMS50158994,18900,2026-01-13 09:56:28,Entregado,2026-01-12 20:33:16,True,1.0,1.1505555555555556,False
PED004048,10,10,2026-06-06 21:11:32,2026-06-08 02:13:41,29.04,0,CEDI Bogotá,Bogotá D.C.,Servientrega,KMS11282806,15900,2026-06-08 06:11:32,Entregado,2026-06-08 02:13:41,True,1.0,1.209826388888889,True
PED004049,10,10,2026-01-19 19:20:26,2026-01-20 11:18:43,15.969999999999999,0,CEDI Bogotá,Bogotá D.C.,TCC,KMS48925106,9790,2026-01-21 04:20:26,Entregado,2026-01-20 11:18:43,True,1.0,0.6654745370370371,True
PED004050,10,10,2026-06-08 22:16:43,2026-06-09 21:48:55,23.54,1,CEDI Medellín,Medellín,Servientrega,KMS64607049,18900,2026-06-10 13:16:43,Entregado,2026-06-09 21:48:55,True,1.0,0.9806944444444444,True
PED004051,10,10,2026-02-28 12:23:15,2026-03-01 12:56:37,24.55,0,CEDI Bogotá,Bogotá D.C.,TCC,KMS74216369,9900,2026-03-02 04:23:15,Entregado,2026-03-01 12:56:37,True,1.0,1.0231712962962962,True
PED004052,10,10,2026-06-24 16:11:23,2026-06-25 14:18:07,22.11,0,CEDI Medellín,Medellín,Envia,KMS71803353,13900,2026-06-26 14:11:23,Entregado,2026-06-25 14:18:07,True,1.0,0.9213425925925925,True
PED004053,10,10,2026-06-10 08:25:39,2026-06-10 22:26:40,14.02,0,CEDI Bogotá,Bogotá D.C.,Envia,KMS86622838,17490,2026-06-11 17:25:39,Entregado,2026-06-10 22:26:40,True,1.0,0.5840393518518519,True
PED004054,10,10,2026-03-27 12:26:40,2026-03-28 20:46:18,32.33,0,CEDI Cali,Cali,Inter Rapidísimo,KMS98472221,13090,2026-03-29 05:26:40,Entregado,2026-03-28 20:46:18,True,1.0,1.3469675925925926,True
PED004055,10,10,2026-04-01 13:32:39,2026-04-02 22:42:19,33.15,0,CEDI Pereira,Pereira,TCC,KMS95541661,18900,2026-04-03 08:32:39,Entregado,2026-04-02 22:42:19,True,1.0,1.381712962962963,True
PED004056,10,10,2026-02-23 18:57:46,2026-02-25 00:53:15,29.92,0,CEDI Medellín,Medellín,Inter Rapidísimo,KMS14447540,15900,2026-02-25 16:57:46,Entregado,2026-02-25 00:53:15,True,1.0,1.246863425925926,True
PED004057,10,10,2026-02-01 05:50:57,2026-02-02 18:41:23,36.84,0,CEDI Bucaramanga,Bucaramanga,Servientrega,KMS49702088,13900,2026-02-03 09:50:57,Entregado,2026-02-02 18:41:23,True,1.0,1.5350231481481482,True
PED004058,10,10,2026-01-12 06:55:48,2026-01-13 19:43:49,36.8,0,CEDI Cali,Cali,Servientrega,KMS44992054,18900,2026-01-13 23:55:48,Entregado,2026-01-13 19:43:49,True,1.0,1.5333449074074075,True
PED004059,10,10,2026-06-19 13:33:26,2026-06-21 17:29:54,51.93,0,CEDI Bogotá,Bogotá D.C.,Servientrega,KMS35628839,18900,2026-06-20 22:33:26,Entregado,2026-06-21 17:29:54,True,0.0,2.164212962962963,True
PED004060,10,10,2026-05-07 10:46:26,2026-05-09 05:40:21,42.91,0,CEDI Barranquilla,Barranquilla,Inter Rapidísimo,KMS42026479,15900,2026-05-09 20:46:26,Entregado,2026-05-09 05:40:21,True,1.0,1.7874421296296297,True
PED004061,10,10,2026-05-18 13:32:19,2026-05-20 03:22:38,37.84,0,CEDI Medellín,Medellín,Envia,KMS11880525,15900,2026-05-20 11:32:19,Entregado,2026-05-20 03:22:38,True,1.0,1.5766087962962962,True
PED004062,10,10,2026-02-10 08:44:34,2026-02-11 20:01:44,35.28,0,CEDI Pereira,Pereira,Coordinadora,KMS53429115,13900,2026-02-12 03:44:34,Entregado,2026-02-11 20:01:44,True,1.0,1.4702546296296297,True
PED004063,10,10,2026-01-27 06:40:37,2026-01-29 08:39:57,49.99,0,CEDI Bogotá,Bogotá D.C.,TCC,KMS34927763,11900,2026-01-28 22:40:37,Entregado,2026-01-29 08:39:57,True,0.0,2.08287037037037,True
PED004064,10,10,2026-03-09 06:26:09,2026-03-10 03:52:30,21.45,0,CEDI Bogotá,Bogotá D.C.,Servientrega,KMS57439626,15290,2026-03-10 15:26:09,Entregado,2026-03-10 03:52:30,True,1.0,0.8932986111111111,True
PED004065,10,10,2026-01-02 02:08:11,2026-01-03 00:08:39,22.0,0,CEDI Bogotá,Bogotá D.C.,Envia,KMS36243076,9790,2026-01-03 18:08:11,Entregado,2026-01-03 00:08:39,True,1.0,0.9169907407407407,True
PED004066,10,10,2026-04-24 20:36:00,2026-04-25 21:23:04,24.78,0,CEDI Medellín,Medellín,Inter Rapidísimo,KMS26458829,15290,2026-04-26 18:36:00,Entregado,2026-04-25 21:23:04,True,1.0,1.0326851851851853,True
PED004067,10,10,2026-02-21 19:43:57,2026-02-23 22:59:46,51.25,0,CEDI Bogotá,Bogotá D.C.,Inter Rapidísimo,KMS65044207,17490,2026-02-23 11:43:57,Entregado,2026-02-23 22:59:46,True,0.0,2.1359837962962964,True
PED004068,9,9,2026-01-08 16:24:44,2026-01-10 10:24:26,41.14,0,CEDI Cali,Cali,Envia,KMS22537516,15900,2026-01-10 09:24:44,Entregado,2026-01-10 10:24:26,True,0.0,1.7497916666666666,False
PED004069,10,10,2026-04-15 01:23:24,2026-04-16 18:03:57,40.68,1,CEDI Cali,Cali,Servientrega,KMS76165681,18900,2026-04-17 01:23:24,Entregado,2026-04-16 18:03:57,True,1.0,1.6948263888888888,True
PED004070,10,10,2026-04-25 03:36:39,2026-04-26 04:08:27,24.52,0,CEDI Bogotá,Bogotá D.C.,Inter Rapidísimo,KMS95845765,10890,2026-04-26 19:36:39,Entregado,2026-04-26 04:08:27,True,1.0,1.0220833333333332,True
PED004071,10,10,2026-03-19 06:00:29,2026-03-20 06:23:31,24.38,0,CEDI Medellín,Medellín,Envia,KMS61184089,13900,2026-03-20 21:00:29,Entregado,2026-03-20 06:23:31,True,1.0,1.0159953703703704,True
PED004072,10,10,2026-05-05 08:11:41,2026-05-06 06:37:25,22.439999999999998,0,CEDI Cali,Cali,TCC,KMS90851759,15900,2026-05-07 01:11:41,Entregado,2026-05-06 06:37:25,True,1.0,0.934537037037037,True
PED004073,10,10,2026-06-29 11:18:35,2026-06-30 01:49:00,14.5,0,CEDI Bogotá,Bogotá D.C.,Servientrega,KMS82308959,11900,2026-06-30 20:18:35,Entregado,2026-06-30 01:49:00,True,1.0,0.6044560185185185,True
PED004074,10,10,2026-03-19 08:49:00,2026-03-21 12:39:26,51.85,0,CEDI Cali,Cali,Coordinadora,KMS61737642,9900,2026-03-21 08:49:00,Entregado,2026-03-21 12:39:26,True,0.0,2.160023148148148,True
PED004075,10,10,2026-03-31 11:02:32,2026-04-01 16:29:58,29.46,0,CEDI Medellín,Medellín,Inter Rapidísimo,KMS37688792,11900,2026-04-02 09:02:32,Entregado,2026-04-01 16:29:58,True,1.0,1.2273842592592592,True
PED004076,10,10,2026-03-28 09:52:18,2026-03-30 16:52:06,54.99,0,CEDI Barranquilla,Barranquilla,TCC,KMS66238557,18900,2026-03-30 19:52:18,Entregado,2026-03-30 16:52:06,True,1.0,2.2915277777777776,True
PED004077,10,10,2026-05-21 14:51:48,2026-05-22 21:25:02,30.55,1,CEDI Medellín,Medellín,Coordinadora,KMS89568433,13900,2026-05-23 12:51:48,Entregado,2026-05-22 21:25:02,True,1.0,1.2730787037037037,True
PED004078,10,10,2026-03-24 22:11:29,2026-03-26 10:23:05,36.2,0,CEDI Cali,Cali,Coordinadora,KMS30159639,11900,2026-03-26 22:11:29,Entregado,2026-03-26 10:23:05,True,1.0,1.5080555555555555,True
PED004079,10,10,2026-02-28 08:47:17,2026-03-01 07:46:01,22.97,0,CEDI Bogotá,Bogotá D.C.,Coordinadora,KMS75697342,15900,2026-03-01 17:47:17,Entregado,2026-03-01 07:46:01,True,1.0,0.9574537037037038,True
PED004080,10,10,2026-03-28 06:44:48,2026-03-30 18:30:20,59.76,1,CEDI Cali,Cali,Inter Rapidísimo,KMS65202646,15900,2026-03-29 23:44:48,Entregado,2026-03-30 18:30:20,True,0.0,2.4899537037037036,True
PED004081,10,10,2026-03-12 00:23:46,2026-03-12 18:13:27,17.830000000000002,0,CEDI Bogotá,Bogotá D.C.,Inter Rapidísimo,KMS47031253,13090,2026-03-13 09:23:46,Entregado,2026-03-12 18:13:27,True,1.0,0.7428356481481482,True
PED004082,10,10,2026-06-11 13:34:33,2026-06-12 15:39:09,26.080000000000002,0,CEDI Bogotá,Bogotá D.C.,Envia,KMS71263254,8900,2026-06-13 05:34:33,Entregado,2026-06-12 15:39:09,True,1.0,1.0865277777777778,True
PED004083,10,10,2026-06-03 23:43:13,2026-06-06 13:23:23,61.66,0,CEDI Cali,Cali,Inter Rapidísimo,KMS35402514,11900,2026-06-05 16:43:13,Entregado,2026-06-06 13:23:23,True,0.0,2.569560185185185,True
PED004084,10,10,2026-04-12 16:31:28,2026-04-14 19:26:15,50.91,0,CEDI Barranquilla,Barranquilla,TCC,KMS42209426,18900,2026-04-15 02:31:28,Entregado,2026-04-14 19:26:15,True,1.0,2.121377314814815,True
PED004085,10,10,2026-02-11 23:59:48,2026-02-14 02:48:20,50.81,0,CEDI Cali,Cali,Coordinadora,KMS59999769,8900,2026-02-13 23:59:48,Entregado,2026-02-14 02:48:20,True,0.0,2.117037037037037,True
PED004086,10,10,2026-02-04 11:26:45,2026-02-05 21:15:19,33.81,0,CEDI Barranquilla,Barranquilla,Coordinadora,KMS39317202,15900,2026-02-06 14:26:45,Entregado,2026-02-05 21:15:19,True,1.0,1.4087268518518519,True
PED004087,10,10,2026-02-10 10:33:37,2026-02-11 23:14:40,36.69,0,CEDI Cali,Cali,Envia,KMS22852683,15290,2026-02-12 10:33:37,Entregado,2026-02-11 23:14:40,True,1.0,1.5285069444444443,True
PED004088,10,10,2026-01-25 03:43:24,2026-01-26 13:06:36,33.379999999999995,0,CEDI Medellín,Medellín,Coordinadora,KMS51542238,9900,2026-01-27 01:43:24,Entregado,2026-01-26 13:06:36,True,1.0,1.3911111111111112,True
PED004089,10,10,2026-01-24 21:38:02,2026-01-26 08:52:16,35.230000000000004,0,CEDI Cali,Cali,Coordinadora,KMS58426476,11900,2026-01-26 21:38:02,Entregado,2026-01-26 08:52:16,True,1.0,1.4682175925925927,True
PED004090,10,10,2026-06-11 08:01:07,2026-06-12 17:14:56,33.24,0,CEDI Pereira,Pereira,TCC,KMS95859745,15900,2026-06-13 10:01:07,Entregado,2026-06-12 17:14:56,True,1.0,1.3845949074074073,True
PED004091,10,10,2026-01-03 02:48:03,2026-01-05 11:09:49,56.37,0,CEDI Medellín,Medellín,TCC,KMS80760254,18900,2026-01-05 00:48:03,Entregado,2026-01-05 11:09:49,True,0.0,2.348449074074074,True
PED004092,10,10,2026-01-08 16:41:26,2026-01-09 20:13:46,27.53,0,CEDI Bogotá,Bogotá D.C.,Coordinadora,KMS55442525,17490,2026-01-10 01:41:26,Entregado,2026-01-09 20:13:46,True,1.0,1.1474537037037038,True
PED004093,10,10,2026-02-16 21:28:05,2026-02-18 02:12:47,28.75,0,CEDI Bogotá,Bogotá D.C.,Inter Rapidísimo,KMS87057486,11900,2026-02-18 13:28:05,Entregado,2026-02-18 02:12:47,True,1.0,1.1977083333333334,True
PED004094,10,10,2026-06-18 02:29:55,2026-06-20 02:40:17,48.18,0,CEDI Barranquilla,Barranquilla,Inter Rapidísimo,KMS31591598,8900,2026-06-20 12:29:55,Entregado,2026-06-20 02:40:17,True,1.0,2.007199074074074,True
PED004095,10,10,2026-02-08 06:25:42,2026-02-09 09:23:00,26.96,0,CEDI Bogotá,Bogotá D.C.,Servientrega,KMS55822134,18900,2026-02-09 22:25:42,Entregado,2026-02-09 09:23:00,True,1.0,1.123125,True
PED004096,10,10,2026-04-12 10:35:44,2026-04-14 20:32:58,57.94,0,CEDI Bogotá,Bogotá D.C.,Coordinadora,KMS92539947,17490,2026-04-14 02:35:44,Entregado,2026-04-14 20:32:58,True,0.0,2.4147453703703703,True
PED004097,10,10,2026-02-01 12:39:30,2026-02-02 02:14:54,13.59,0,CEDI Bogotá,Bogotá D.C.,Coordinadora,KMS94596619,13900,2026-02-03 04:39:30,Entregado,2026-02-02 02:14:54,True,1.0,0.56625,True
PED004098,10,10,2026-06-11 15:20:24,2026-06-12 23:04:21,31.74,0,CEDI Bogotá,Bogotá D.C.,Inter Rapidísimo,KMS12893453,9900,2026-06-13 07:20:24,Entregado,2026-06-12 23:04:21,True,1.0,1.3221875,True
PED004099,10,10,2026-03-17 05:22:57,2026-03-18 13:24:54,32.05,0,CEDI Medellín,Medellín,TCC,KMS50900219,9790,2026-03-19 03:22:57,Entregado,2026-03-18 13:24:54,True,1.0,1.3346875,True
PED004100,10,10,2026-03-17 21:00:59,2026-03-19 15:09:16,42.14,0,CEDI Medellín,Medellín,Servientrega,KMS16178641,18900,2026-03-19 19:00:59,Entregado,2026-03-19 15:09:16,True,1.0,1.7557523148148149,True
PED004101,10,10,2026-02-10 21:13:56,2026-02-12 11:36:19,38.37,0,CEDI Cali,Cali,Inter Rapidísimo,KMS43683518,11900,2026-02-12 21:13:56,Entregado,2026-02-12 11:36:19,True,1.0,1.5988773148148148,True
PED004102,10,10,2026-03-07 19:53:18,2026-03-10 08:40:33,60.79,0,CEDI Cali,Cali,Inter Rapidísimo,KMS42140067,20790,2026-03-09 12:53:18,Entregado,2026-03-10 08:40:33,True,0.0,2.5328125,True
PED004103,10,10,2026-01-07 01:17:30,2026-01-08 21:12:05,43.92,0,CEDI Barranquilla,Barranquilla,Envia,KMS35965459,15900,2026-01-09 11:17:30,Entregado,2026-01-08 21:12:05,True,1.0,1.8295717592592593,True
PED004104,10,10,2026-03-21 22:40:33,2026-03-23 15:57:52,41.29,0,CEDI Medellín,Medellín,Envia,KMS63711922,9900,2026-03-23 20:40:33,Entregado,2026-03-23 15:57:52,True,1.0,1.7203587962962963,True
PED004105,10,10,2026-06-23 03:01:49,2026-06-24 01:36:01,22.560000000000002,1,CEDI Bogotá,Bogotá D.C.,Envia,KMS57266310,13900,2026-06-24 19:01:49,Entregado,2026-06-24 01:36:01,True,1.0,0.9404166666666667,True
PED004106,10,10,2026-04-10 20:31:00,2026-04-11 17:47:02,21.27,0,CEDI Pereira,Pereira,TCC,KMS32052081,9900,2026-04-12 15:31:00,Entregado,2026-04-11 17:47:02,True,1.0,0.8861342592592593,True
PED004107,10,10,2026-04-06 06:08:03,2026-04-07 00:18:08,18.16,0,CEDI Bogotá,Bogotá D.C.,Inter Rapidísimo,KMS84179880,13900,2026-04-07 15:08:03,Entregado,2026-04-07 00:18:08,True,1.0,0.7570023148148148,True
PED004108,10,10,2026-01-25 18:35:58,2026-01-27 20:47:21,50.18,0,CEDI Barranquilla,Barranquilla,Servientrega,KMS92385472,18900,2026-01-27 21:35:58,Entregado,2026-01-27 20:47:21,True,1.0,2.091238425925926,True
PED004109,10,10,2026-01-31 15:08:28,2026-02-02 10:10:02,43.03,0,CEDI Bucaramanga,Bucaramanga,TCC,KMS81332047,8900,2026-02-02 19:08:28,Entregado,2026-02-02 10:10:02,True,1.0,1.7927546296296297,True
PED004110,10,10,2026-05-04 04:47:02,2026-05-06 01:41:48,44.91,1,CEDI Medellín,Medellín,Envia,KMS55670572,9900,2026-05-05 19:47:02,Entregado,2026-05-06 01:41:48,True,0.0,1.8713657407407407,True
PED004111,10,10,2026-04-30 09:17:13,2026-05-01 22:37:08,37.339999999999996,0,CEDI Bogotá,Bogotá D.C.,TCC,KMS52407441,9790,2026-05-02 01:17:13,Entregado,2026-05-01 22:37:08,True,1.0,1.5554976851851852,True
PED004112,10,10,2026-05-29 16:14:34,2026-05-31 03:17:04,35.04,0,CEDI Barranquilla,Barranquilla,Coordinadora,KMS90606150,13090,2026-06-01 02:14:34,Entregado,2026-05-31 03:17:04,True,1.0,1.4600694444444444,True
PED004113,10,10,2026-05-31 15:47:34,2026-06-01 10:22:30,18.59,0,CEDI Bogotá,Bogotá D.C.,Coordinadora,KMS54923582,13090,2026-06-02 00:47:34,Entregado,2026-06-01 10:22:30,True,1.0,0.7742592592592593,True
PED004114,10,10,2026-05-02 06:22:27,2026-05-03 15:05:56,32.730000000000004,0,CEDI Medellín,Medellín,Servientrega,KMS63668438,9900,2026-05-04 04:22:27,Entregado,2026-05-03 15:05:56,True,1.0,1.3635300925925926,True
PED004115,10,10,2026-01-07 17:18:52,2026-01-09 08:06:11,38.79,0,CEDI Bucaramanga,Bucaramanga,TCC,KMS13439545,9790,2026-01-09 21:18:52,Entregado,2026-01-09 08:06:11,True,1.0,1.6161921296296295,True
PED004116,10,10,2026-02-11 00:10:13,2026-02-11 20:24:22,20.23,0,CEDI Bogotá,Bogotá D.C.,Inter Rapidísimo,KMS16402800,13900,2026-02-12 16:10:13,Entregado,2026-02-11 20:24:22,True,1.0,0.8431597222222222,True
PED004117,10,10,2026-01-25 17:40:30,2026-01-28 17:29:18,71.82,0,CEDI Bucaramanga,Bucaramanga,Coordinadora,KMS63441788,15900,2026-01-27 21:40:30,Entregado,2026-01-28 17:29:18,True,0.0,2.9922222222222223,True
PED004118,9,9,2026-03-15 20:13:11,2026-03-16 21:39:16,25.45,0,CEDI Bogotá,Bogotá D.C.,Inter Rapidísimo,KMS11368445,9900,2026-03-17 12:13:11,En ruta de entrega,,False,,,False
PED004119,10,10,2026-03-27 15:35:37,2026-03-28 05:22:11,13.76,0,CEDI Cali,Cali,Coordinadora,KMS80684018,15900,2026-03-29 08:35:37,Entregado,2026-03-28 05:22:11,True,1.0,0.5740046296296296,True
PED004120,10,10,2026-04-17 21:52:33,2026-04-19 23:31:50,49.65,0,CEDI Bucaramanga,Bucaramanga,TCC,KMS10898091,8900,2026-04-19 18:52:33,Entregado,2026-04-19 23:31:50,True,0.0,2.0689467592592594,True
PED004121,10,10,2026-03-11 01:56:08,2026-03-12 00:13:37,22.3,1,CEDI Medellín,Medellín,Coordinadora,KMS37602571,13900,2026-03-12 23:56:08,Entregado,2026-03-12 00:13:37,True,1.0,0.9288078703703704,True
PED004122,10,10,2026-04-11 21:26:55,2026-04-13 13:51:41,40.43,1,CEDI Bucaramanga,Bucaramanga,TCC,KMS29852642,8900,2026-04-14 01:26:55,Entregado,2026-04-13 13:51:41,True,1.0,1.6838657407407407,True
PED004123,10,10,2026-01-20 09:46:41,2026-01-22 10:19:18,48.55,0,CEDI Cali,Cali,Inter Rapidísimo,KMS78807446,15290,2026-01-22 09:46:41,Entregado,2026-01-22 10:19:18,True,0.0,2.022650462962963,True
PED004124,10,10,2026-06-03 15:28:21,2026-06-04 20:56:29,29.48,0,CEDI Bogotá,Bogotá D.C.,Servientrega,KMS49277919,13900,2026-06-05 00:28:21,Entregado,2026-06-04 20:56:29,True,1.0,1.2278703703703704,True
PED004125,10,10,2026-05-05 07:08:25,2026-05-06 06:09:08,23.02,0,CEDI Bogotá,Bogotá D.C.,Servientrega,KMS48169471,18900,2026-05-06 23:08:25,Entregado,2026-05-06 06:09:08,True,1.0,0.9588310185185185,True
PED004126,10,10,2026-03-09 11:08:04,2026-03-11 00:21:00,37.22,0,CEDI Cali,Cali,Servientrega,KMS26204224,20790,2026-03-11 11:08:04,Entregado,2026-03-11 00:21:00,True,1.0,1.5506481481481482,True
PED004127,10,10,2026-04-22 21:17:53,2026-04-25 16:12:19,66.91,1,CEDI Barranquilla,Barranquilla,Inter Rapidísimo,KMS15892285,10890,2026-04-25 00:17:53,Entregado,2026-04-25 16:12:19,True,0.0,2.787800925925926,True
PED004128,10,10,2026-04-15 07:14:51,2026-04-17 10:43:17,51.48,0,CEDI Barranquilla,Barranquilla,Inter Rapidísimo,KMS71033310,10890,2026-04-17 17:14:51,Entregado,2026-04-17 10:43:17,True,1.0,2.1447453703703703,True
PED004129,10,10,2026-03-06 21:55:43,2026-03-09 01:54:48,51.989999999999995,0,CEDI Pereira,Pereira,TCC,KMS68078140,9900,2026-03-08 23:55:43,Entregado,2026-03-09 01:54:48,True,0.0,2.1660300925925924,True
PED004130,10,10,2026-04-26 09:07:00,2026-04-27 16:20:55,31.23,0,CEDI Bogotá,Bogotá D.C.,Servientrega,KMS33443428,13900,2026-04-28 01:07:00,Entregado,2026-04-27 16:20:55,True,1.0,1.3013310185185185,True
PED004131,10,10,2026-06-20 22:46:18,2026-06-22 07:02:22,32.260000000000005,0,CEDI Pereira,Pereira,Servientrega,KMS85943657,10890,2026-06-22 17:46:18,Entregado,2026-06-22 07:02:22,True,1.0,1.3444907407407407,True
PED004132,10,10,2026-03-30 07:09:28,2026-04-01 01:42:54,42.56,0,CEDI Barranquilla,Barranquilla,Envia,KMS72969529,18900,2026-04-01 17:09:28,Entregado,2026-04-01 01:42:54,True,1.0,1.7732175925925926,True
PED004133,10,10,2026-06-21 05:12:24,2026-06-23 03:55:13,46.730000000000004,0,CEDI Bucaramanga,Bucaramanga,Servientrega,KMS75066563,10890,2026-06-23 09:12:24,Entregado,2026-06-23 03:55:13,True,1.0,1.946400462962963,True
PED004134,10,10,2026-04-02 11:12:01,2026-04-05 00:25:49,61.230000000000004,0,CEDI Barranquilla,Barranquilla,Inter Rapidísimo,KMS56788511,8900,2026-04-04 21:12:01,Entregado,2026-04-05 00:25:49,True,0.0,2.55125,True
PED004135,10,10,2026-03-13 10:07:34,2026-03-14 22:03:14,35.93,0,CEDI Cali,Cali,Envia,KMS33493600,15900,2026-03-15 10:07:34,Entregado,2026-03-14 22:03:14,True,1.0,1.4969907407407408,True
PED004136,10,10,2026-01-19 13:10:12,2026-01-20 17:34:47,28.41,0,CEDI Cali,Cali,Coordinadora,KMS62520422,13090,2026-01-21 13:10:12,Entregado,2026-01-20 17:34:47,True,1.0,1.1837384259259258,True
PED004137,10,10,2026-04-11 00:31:19,2026-04-11 19:54:23,19.39,0,CEDI Bogotá,Bogotá D.C.,Coordinadora,KMS29380341,18900,2026-04-12 16:31:19,Entregado,2026-04-11 19:54:23,True,1.0,0.8076851851851852,True
PED004138,10,10,2026-03-15 15:26:12,2026-03-16 18:41:51,27.259999999999998,0,CEDI Bogotá,Bogotá D.C.,TCC,KMS26774216,11900,2026-03-17 00:26:12,Entregado,2026-03-16 18:41:51,True,1.0,1.1358680555555556,True
PED004139,10,10,2026-05-09 05:06:24,2026-05-10 19:52:56,38.769999999999996,0,CEDI Bogotá,Bogotá D.C.,TCC,KMS72060359,15900,2026-05-10 14:06:24,Entregado,2026-05-10 19:52:56,True,0.0,1.6156481481481482,True
PED004140,10,10,2026-06-09 20:28:51,2026-06-11 21:23:46,48.91,0,CEDI Bogotá,Bogotá D.C.,Servientrega,KMS56447542,11900,2026-06-11 12:28:51,Entregado,2026-06-11 21:23:46,True,0.0,2.0381365740740742,True
PED004141,10,10,2026-04-20 18:44:27,2026-04-21 04:44:26,9.99,0,CEDI Bogotá,Bogotá D.C.,TCC,KMS49786518,13090,2026-04-22 03:44:27,Entregado,2026-04-21 04:44:26,True,1.0,0.4166550925925926,True
PED004142,10,10,2026-05-14 23:39:38,2026-05-15 21:35:44,21.950000000000003,0,CEDI Bogotá,Bogotá D.C.,Inter Rapidísimo,KMS12446800,15900,2026-05-16 15:39:38,Entregado,2026-05-15 21:35:44,True,1.0,0.9139583333333333,True
PED004143,10,10,2026-04-21 02:16:54,2026-04-22 06:43:32,28.44,0,CEDI Pereira,Pereira,Envia,KMS17744171,15900,2026-04-22 21:16:54,Entregado,2026-04-22 06:43:32,True,1.0,1.185162037037037,True
PED004144,10,10,2026-05-06 19:47:11,2026-05-07 21:30:43,25.74,0,CEDI Barranquilla,Barranquilla,Servientrega,KMS18338766,15900,2026-05-08 22:47:11,Entregado,2026-05-07 21:30:43,True,1.0,1.0718981481481482,True
PED004145,10,10,2026-01-22 13:52:36,2026-01-24 04:34:33,38.68,1,CEDI Bucaramanga,Bucaramanga,Inter Rapidísimo,KMS62013408,9900,2026-01-24 10:52:36,Entregado,2026-01-24 04:34:33,True,1.0,1.6124652777777777,True
PED004146,9,9,2026-06-21 23:25:04,2026-06-23 19:02:49,39.39,1,CEDI Barranquilla,Barranquilla,Envia,KMS19287694,20790,2026-06-24 09:25:04,Entregado,2026-06-23 19:02:49,True,1.0,1.8178819444444445,False
PED004147,10,10,2026-06-06 21:00:54,2026-06-07 22:23:47,25.38,0,CEDI Bogotá,Bogotá D.C.,TCC,KMS50272153,9790,2026-06-08 13:00:54,Entregado,2026-06-07 22:23:47,True,1.0,1.0575578703703703,True
PED004148,10,10,2026-05-15 00:08:39,2026-05-16 23:23:44,47.24,0,CEDI Cali,Cali,Envia,KMS22878719,15900,2026-05-17 00:08:39,Entregado,2026-05-16 23:23:44,True,1.0,1.9688078703703704,True
PED004149,10,10,2026-02-04 09:58:08,2026-02-06 05:04:43,43.11,0,CEDI Cali,Cali,Coordinadora,KMS12929495,8900,2026-02-06 09:58:08,Entregado,2026-02-06 05:04:43,True,1.0,1.7962384259259259,True
PED004150,10,10,2026-03-11 08:04:22,2026-03-13 00:28:56,40.41,0,CEDI Bogotá,Bogotá D.C.,TCC,KMS23596166,9900,2026-03-13 00:04:22,Entregado,2026-03-13 00:28:56,True,0.0,1.6837268518518518,True
PED004151,10,10,2026-04-20 07:25:00,2026-04-21 17:55:56,34.52,0,CEDI Medellín,Medellín,Servientrega,KMS57809657,11900,2026-04-21 22:25:00,Entregado,2026-04-21 17:55:56,True,1.0,1.4381481481481482,True
PED004152,10,10,2026-01-08 03:40:33,2026-01-08 21:32:04,17.85,0,CEDI Bogotá,Bogotá D.C.,Servientrega,KMS92085686,9900,2026-01-09 12:40:33,Entregado,2026-01-08 21:32:04,True,1.0,0.7441087962962963,True
PED004153,10,10,2026-03-22 20:29:58,2026-03-24 05:21:07,32.86,0,CEDI Cali,Cali,TCC,KMS21392622,8900,2026-03-24 20:29:58,Entregado,2026-03-24 05:21:07,True,1.0,1.3688541666666667,True
PED004154,10,10,2026-05-09 10:27:15,2026-05-11 14:09:29,51.71,0,CEDI Barranquilla,Barranquilla,Inter Rapidísimo,KMS19020815,8900,2026-05-11 20:27:15,Entregado,2026-05-11 14:09:29,True,1.0,2.1543287037037038,True
PED004155,10,10,2026-06-07 03:53:07,2026-06-08 05:17:01,25.39,0,CEDI Bogotá,Bogotá D.C.,Servientrega,KMS11309412,15900,2026-06-08 12:53:07,Entregado,2026-06-08 05:17:01,True,1.0,1.058263888888889,True
PED004156,10,10,2026-05-26 20:23:21,2026-05-28 21:21:15,48.95,0,CEDI Barranquilla,Barranquilla,Servientrega,KMS86077923,18900,2026-05-28 23:23:21,Entregado,2026-05-28 21:21:15,True,1.0,2.040208333333333,True
PED004157,10,10,2026-03-11 14:22:48,2026-03-13 04:14:55,37.87,1,CEDI Medellín,Medellín,Envia,KMS13289717,9900,2026-03-13 05:22:48,Entregado,2026-03-13 04:14:55,True,1.0,1.5778587962962962,True
PED004158,10,10,2026-01-06 21:44:12,2026-01-09 01:33:59,51.83,1,CEDI Bucaramanga,Bucaramanga,TCC,KMS69115683,15290,2026-01-09 01:44:12,Entregado,2026-01-09 01:33:59,True,1.0,2.159571759259259,True
PED004159,10,10,2026-01-24 08:48:03,2026-01-25 23:01:07,38.230000000000004,0,CEDI Cali,Cali,Envia,KMS34132253,10890,2026-01-26 08:48:03,Entregado,2026-01-25 23:01:07,True,1.0,1.5924074074074075,True
PED004160,10,10,2026-02-05 01:03:55,2026-02-06 00:50:53,23.78,0,CEDI Pereira,Pereira,TCC,KMS70023348,11900,2026-02-07 03:03:55,Entregado,2026-02-06 00:50:53,True,1.0,0.9909490740740741,True
PED004161,10,10,2026-04-11 16:48:40,2026-04-13 11:38:37,42.82,0,CEDI Barranquilla,Barranquilla,Inter Rapidísimo,KMS47906978,9900,2026-04-14 02:48:40,Entregado,2026-04-13 11:38:37,True,1.0,1.7846875,True
PED004162,10,10,2026-02-28 02:41:23,2026-03-01 08:55:45,30.23,0,CEDI Cali,Cali,Envia,KMS55863256,13090,2026-03-01 19:41:23,Entregado,2026-03-01 08:55:45,True,1.0,1.259976851851852,True
PED004163,10,10,2026-01-07 14:30:26,2026-01-09 12:01:22,45.51,0,CEDI Cali,Cali,Inter Rapidísimo,KMS40235448,8900,2026-01-09 14:30:26,Entregado,2026-01-09 12:01:22,True,1.0,1.8964814814814814,True
PED004164,10,10,2026-02-24 23:27:25,2026-02-26 22:37:10,47.15,0,CEDI Barranquilla,Barranquilla,Envia,KMS37092252,11900,2026-02-27 09:27:25,Entregado,2026-02-26 22:37:10,True,1.0,1.9651041666666667,True
PED004165,10,10,2026-01-06 07:41:29,2026-01-07 20:52:16,37.18,0,CEDI Pereira,Pereira,Servientrega,KMS58297032,10890,2026-01-08 09:41:29,Entregado,2026-01-07 20:52:16,True,1.0,1.5491550925925925,True
PED004166,10,10,2026-03-15 00:10:51,2026-03-16 21:17:41,45.1,1,CEDI Bogotá,Bogotá D.C.,Inter Rapidísimo,KMS12552031,20790,2026-03-16 16:10:51,Entregado,2026-03-16 21:17:41,True,0.0,1.8797453703703704,True
PED004167,10,10,2026-05-12 21:33:43,2026-05-13 19:10:53,21.61,1,CEDI Medellín,Medellín,Coordinadora,KMS45662515,13900,2026-05-14 12:33:43,Entregado,2026-05-13 19:10:53,True,1.0,0.9008101851851852,True
PED004168,10,10,2026-04-25 03:35:45,2026-04-26 05:53:20,26.3,0,CEDI Bogotá,Bogotá D.C.,Coordinadora,KMS62567122,15900,2026-04-26 12:35:45,Entregado,2026-04-26 05:53:20,True,1.0,1.0955439814814816,True
PED004169,10,10,2026-02-24 17:16:09,2026-02-26 02:26:07,33.17,0,CEDI Bucaramanga,Bucaramanga,Servientrega,KMS36130381,8900,2026-02-26 14:16:09,Entregado,2026-02-26 02:26:07,True,1.0,1.3819212962962963,True
PED004170,10,10,2026-04-06 06:55:11,2026-04-08 15:15:21,56.34,0,CEDI Pereira,Pereira,Inter Rapidísimo,KMS34191410,9790,2026-04-08 01:55:11,Entregado,2026-04-08 15:15:21,True,0.0,2.347337962962963,True
PED004171,10,10,2026-05-16 14:32:50,2026-05-18 19:22:49,52.84,0,CEDI Cali,Cali,Coordinadora,KMS19233880,8900,2026-05-18 14:32:50,Entregado,2026-05-18 19:22:49,True,0.0,2.201377314814815,True
PED004172,10,10,2026-03-12 17:04:48,2026-03-14 03:56:16,34.85,0,CEDI Medellín,Medellín,Coordinadora,KMS89506573,9900,2026-03-14 08:04:48,Entregado,2026-03-14 03:56:16,True,1.0,1.4524074074074074,True
PED004173,10,10,2026-03-13 20:55:34,2026-03-15 13:12:18,40.29,0,CEDI Bogotá,Bogotá D.C.,Servientrega,KMS27204768,15900,2026-03-15 12:55:34,Entregado,2026-03-15 13:12:18,True,0.0,1.678287037037037,True
PED004174,10,10,2026-04-12 03:54:50,2026-04-13 14:33:19,34.63,0,CEDI Bucaramanga,Bucaramanga,Coordinadora,KMS31319908,20790,2026-04-14 07:54:50,Entregado,2026-04-13 14:33:19,True,1.0,1.4433912037037038,True
PED004175,10,10,2026-01-25 18:50:33,2026-01-26 15:02:12,20.2,0,CEDI Medellín,Medellín,Envia,KMS74592715,17490,2026-01-27 16:50:33,Entregado,2026-01-26 15:02:12,True,1.0,0.8414236111111111,True
PED004176,10,10,2026-01-23 09:21:11,2026-01-24 03:03:39,17.71,0,CEDI Cali,Cali,TCC,KMS86636033,11900,2026-01-25 02:21:11,Entregado,2026-01-24 03:03:39,True,1.0,0.737824074074074,True
PED004177,10,10,2026-02-03 18:59:17,2026-02-05 16:05:25,45.120000000000005,0,CEDI Cali,Cali,Servientrega,KMS39224408,20790,2026-02-05 18:59:17,Entregado,2026-02-05 16:05:25,True,1.0,1.8792592592592592,True
PED004178,10,10,2026-06-06 22:43:10,2026-06-08 14:44:04,40.02,0,CEDI Bucaramanga,Bucaramanga,Coordinadora,KMS57079227,15900,2026-06-09 02:43:10,Entregado,2026-06-08 14:44:04,True,1.0,1.6672916666666666,True
PED004179,10,10,2026-03-03 00:41:04,2026-03-04 02:55:33,26.240000000000002,0,CEDI Bogotá,Bogotá D.C.,Envia,KMS26592741,17490,2026-03-04 16:41:04,Entregado,2026-03-04 02:55:33,True,1.0,1.0933912037037037,True
PED004180,10,10,2026-04-19 02:42:50,2026-04-19 12:42:50,9.98,0,CEDI Bogotá,Bogotá D.C.,Coordinadora,KMS23485291,8900,2026-04-20 18:42:50,Entregado,2026-04-19 12:42:50,True,1.0,0.4166666666666667,True
PED004181,10,10,2026-02-27 22:34:11,2026-03-01 05:31:52,30.97,0,CEDI Pereira,Pereira,Coordinadora,KMS15497525,13900,2026-03-02 00:34:11,Entregado,2026-03-01 05:31:52,True,1.0,1.2900578703703705,True
PED004182,10,10,2026-02-25 04:35:51,2026-02-27 16:28:46,59.89,1,CEDI Bogotá,Bogotá D.C.,Servientrega,KMS69381443,8900,2026-02-26 20:35:51,Entregado,2026-02-27 16:28:46,True,0.0,2.4950810185185186,True
PED004183,10,10,2026-06-16 20:59:39,2026-06-18 21:28:05,48.46,0,CEDI Barranquilla,Barranquilla,Coordinadora,KMS25890603,8900,2026-06-19 06:59:39,Entregado,2026-06-18 21:28:05,True,1.0,2.0197453703703703,True
PED004184,10,10,2026-06-03 01:30:21,2026-06-04 14:15:39,36.74,0,CEDI Pereira,Pereira,TCC,KMS63986269,11900,2026-06-04 20:30:21,Entregado,2026-06-04 14:15:39,True,1.0,1.5314583333333334,True
PED004185,10,10,2026-05-11 12:09:33,2026-05-12 23:56:19,35.769999999999996,1,CEDI Medellín,Medellín,Envia,KMS68743962,8900,2026-05-13 10:09:33,Entregado,2026-05-12 23:56:19,True,1.0,1.4908101851851852,True
PED004186,10,10,2026-01-05 01:38:47,2026-01-06 16:19:58,38.69,0,CEDI Barranquilla,Barranquilla,TCC,KMS30157260,8900,2026-01-07 04:38:47,Entregado,2026-01-06 16:19:58,True,1.0,1.6119328703703704,True
PED004187,10,10,2026-06-15 08:26:37,2026-06-16 13:29:03,29.04,0,CEDI Medellín,Medellín,TCC,KMS87673018,15290,2026-06-17 06:26:37,Entregado,2026-06-16 13:29:03,True,1.0,1.210023148148148,True
PED004188,10,10,2026-05-05 18:50:39,2026-05-07 07:35:55,36.76,0,CEDI Medellín,Medellín,TCC,KMS40724209,9790,2026-05-07 16:50:39,Entregado,2026-05-07 07:35:55,True,1.0,1.5314351851851853,True
PED004189,10,10,2026-02-17 19:28:54,2026-02-19 02:00:25,30.53,1,CEDI Bogotá,Bogotá D.C.,Inter Rapidísimo,KMS88418288,18900,2026-02-19 11:28:54,Entregado,2026-02-19 02:00:25,True,1.0,1.2718865740740741,True
PED004190,10,10,2026-05-19 23:42:52,2026-05-21 02:26:45,26.740000000000002,0,CEDI Bogotá,Bogotá D.C.,Inter Rapidísimo,KMS90810156,18900,2026-05-21 15:42:52,Entregado,2026-05-21 02:26:45,True,1.0,1.1138078703703704,True
PED004191,10,10,2026-04-21 08:05:58,2026-04-24 05:00:33,68.92,0,CEDI Bogotá,Bogotá D.C.,TCC,KMS84295881,20790,2026-04-23 00:05:58,Entregado,2026-04-24 05:00:33,True,0.0,2.871238425925926,True
PED004192,10,10,2026-06-02 09:39:12,2026-06-04 07:49:45,46.17,0,CEDI Medellín,Medellín,Coordinadora,KMS32429706,13090,2026-06-04 07:39:12,Entregado,2026-06-04 07:49:45,True,0.0,1.9239930555555556,True
PED004193,9,9,2026-02-07 14:04:12,2026-02-09 05:47:37,39.370000000000005,0,CEDI Cali,Cali,TCC,KMS90128209,18900,2026-02-09 14:04:12,Entregado,2026-02-09 05:47:37,True,1.0,1.655150462962963,False
PED004194,10,10,2026-01-29 12:12:23,2026-01-31 08:02:41,43.83,0,CEDI Cali,Cali,Inter Rapidísimo,KMS77242545,15290,2026-01-31 12:12:23,Entregado,2026-01-31 08:02:41,True,1.0,1.8265972222222222,True
PED004195,10,10,2026-05-14 05:28:27,2026-05-16 00:29:11,43.019999999999996,0,CEDI Bucaramanga,Bucaramanga,Coordinadora,KMS31925669,11900,2026-05-16 09:28:27,Entregado,2026-05-16 00:29:11,True,1.0,1.792175925925926,True
PED004196,9,9,2026-05-08 17:19:35,2026-05-10 00:21:31,30.66,0,CEDI Medellín,Medellín,Inter Rapidísimo,KMS87596263,18900,2026-05-10 08:19:35,Entregado,2026-05-10 00:21:31,True,1.0,1.2930092592592592,False
PED004197,10,10,2026-06-26 11:35:28,2026-06-27 16:47:36,29.2,0,CEDI Cali,Cali,Inter Rapidísimo,KMS99728553,15900,2026-06-28 04:35:28,Entregado,2026-06-27 16:47:36,True,1.0,1.2167592592592593,True
PED004198,10,10,2026-03-03 14:52:55,2026-03-05 12:16:55,45.4,0,CEDI Medellín,Medellín,Coordinadora,KMS77824570,20790,2026-03-05 12:52:55,Entregado,2026-03-05 12:16:55,True,1.0,1.8916666666666666,True
PED004199,10,10,2026-04-25 04:27:07,2026-04-27 03:09:16,46.71,0,CEDI Cali,Cali,Inter Rapidísimo,KMS13568975,9790,2026-04-27 04:27:07,Entregado,2026-04-27 03:09:16,True,1.0,1.9459375,True
PED004200,10,10,2026-04-23 07:43:13,2026-04-24 12:07:56,28.4,0,CEDI Bogotá,Bogotá D.C.,TCC,KMS98095982,9900,2026-04-24 23:43:13,Entregado,2026-04-24 12:07:56,True,1.0,1.1838310185185186,True
PED004201,10,10,2026-06-26 02:42:40,2026-06-27 08:03:57,29.36,0,CEDI Medellín,Medellín,Envia,KMS73076340,9900,2026-06-27 17:42:40,Entregado,2026-06-27 08:03:57,True,1.0,1.223113425925926,True
PED004202,10,10,2026-03-20 23:58:43,2026-03-22 06:51:59,30.88,0,CEDI Bogotá,Bogotá D.C.,Coordinadora,KMS40623581,13090,2026-03-22 15:58:43,Entregado,2026-03-22 06:51:59,True,1.0,1.2869907407407408,True
PED004203,10,10,2026-02-03 13:29:32,2026-02-04 16:29:23,27.009999999999998,0,CEDI Bogotá,Bogotá D.C.,TCC,KMS41886639,8900,2026-02-05 05:29:32,Entregado,2026-02-04 16:29:23,True,1.0,1.1248958333333334,True
PED004204,10,10,2026-05-27 23:47:37,2026-05-29 04:36:24,28.81,0,CEDI Bogotá,Bogotá D.C.,Coordinadora,KMS71659001,18900,2026-05-29 15:47:37,Entregado,2026-05-29 04:36:24,True,1.0,1.2005439814814816,True
PED004205,10,10,2026-01-19 09:10:51,2026-01-21 03:57:06,42.769999999999996,0,CEDI Barranquilla,Barranquilla,Coordinadora,KMS73597136,9790,2026-01-21 19:10:51,Entregado,2026-01-21 03:57:06,True,1.0,1.7821180555555556,True
PED004206,10,10,2026-05-27 17:47:32,2026-05-28 22:19:20,28.52,0,CEDI Barranquilla,Barranquilla,Inter Rapidísimo,KMS35917712,11900,2026-05-29 20:47:32,Entregado,2026-05-28 22:19:20,True,1.0,1.18875,True
PED004207,10,10,2026-06-18 08:36:11,2026-06-21 07:49:56,71.24000000000001,0,CEDI Barranquilla,Barranquilla,Inter Rapidísimo,KMS65458146,9900,2026-06-20 18:36:11,Entregado,2026-06-21 07:49:56,True,0.0,2.9678819444444446,True
PED004208,10,10,2026-01-05 06:07:04,2026-01-06 19:44:04,37.62,0,CEDI Bogotá,Bogotá D.C.,Servientrega,KMS16551835,11900,2026-01-06 15:07:04,Entregado,2026-01-06 19:44:04,True,0.0,1.5673611111111112,True
PED004209,10,10,2026-04-04 21:52:48,2026-04-06 15:43:01,41.85,0,CEDI Cali,Cali,Envia,KMS60382899,15900,2026-04-06 14:52:48,Entregado,2026-04-06 15:43:01,True,0.0,1.7432060185185185,True
PED004210,10,10,2026-03-22 22:02:41,2026-03-24 05:27:47,31.419999999999998,0,CEDI Pereira,Pereira,Envia,KMS57673912,13900,2026-03-24 17:02:41,Entregado,2026-03-24 05:27:47,True,1.0,1.3090972222222221,True
PED004211,10,10,2026-05-04 08:17:48,2026-05-06 01:25:39,41.129999999999995,0,CEDI Barranquilla,Barranquilla,Inter Rapidísimo,KMS45667294,9790,2026-05-06 11:17:48,Entregado,2026-05-06 01:25:39,True,1.0,1.7137847222222222,True
PED004212,10,10,2026-06-11 00:20:46,2026-06-12 00:31:14,24.16,1,CEDI Bogotá,Bogotá D.C.,Envia,KMS29602605,9900,2026-06-12 16:20:46,Entregado,2026-06-12 00:31:14,True,1.0,1.0072685185185186,True
PED004213,10,10,2026-02-09 21:07:10,2026-02-11 18:59:29,45.87,0,CEDI Bogotá,Bogotá D.C.,Coordinadora,KMS88943847,18900,2026-02-11 06:07:10,Entregado,2026-02-11 18:59:29,True,0.0,1.9113310185185186,True
PED004214,10,10,2026-03-02 00:10:26,2026-03-04 07:38:11,55.45,0,CEDI Barranquilla,Barranquilla,Envia,KMS23014365,13900,2026-03-04 10:10:26,Entregado,2026-03-04 07:38:11,True,1.0,2.3109375,True
PED004215,10,10,2026-03-05 19:49:15,2026-03-07 13:12:47,41.39,0,CEDI Barranquilla,Barranquilla,Coordinadora,KMS65840569,13900,2026-03-07 22:49:15,Entregado,2026-03-07 13:12:47,True,1.0,1.724675925925926,True
PED004216,10,10,2026-04-27 21:57:08,2026-04-28 08:20:25,10.38,0,CEDI Bogotá,Bogotá D.C.,Servientrega,KMS79344279,11900,2026-04-29 06:57:08,Entregado,2026-04-28 08:20:25,True,1.0,0.4328356481481481,True
PED004217,10,10,2026-06-04 22:44:33,2026-06-06 15:16:42,40.53,0,CEDI Medellín,Medellín,Servientrega,KMS29576691,15900,2026-06-06 20:44:33,Entregado,2026-06-06 15:16:42,True,1.0,1.6889930555555555,True
PED004218,10,10,2026-01-11 18:38:07,2026-01-13 05:03:23,34.42,0,CEDI Pereira,Pereira,Envia,KMS60818501,18900,2026-01-13 20:38:07,Entregado,2026-01-13 05:03:23,True,1.0,1.434212962962963,True
PED004219,10,10,2026-03-25 16:57:46,2026-03-26 02:57:46,9.99,0,CEDI Bogotá,Bogotá D.C.,Inter Rapidísimo,KMS67514938,18900,2026-03-27 01:57:46,Entregado,2026-03-26 02:57:46,True,1.0,0.4166666666666667,True
PED004220,10,10,2026-01-20 08:31:24,2026-01-23 04:21:37,67.84,0,CEDI Bucaramanga,Bucaramanga,Coordinadora,KMS20715395,20790,2026-01-22 12:31:24,Entregado,2026-01-23 04:21:37,True,0.0,2.826539351851852,True
PED004221,10,10,2026-06-22 10:35:41,2026-06-23 16:14:35,29.650000000000002,0,CEDI Cali,Cali,Servientrega,KMS59019731,15900,2026-06-24 10:35:41,Entregado,2026-06-23 16:14:35,True,1.0,1.2353472222222222,True
PED004222,10,10,2026-03-01 22:28:22,2026-03-03 10:14:16,35.77,0,CEDI Bucaramanga,Bucaramanga,Inter Rapidísimo,KMS62623400,15900,2026-03-04 02:28:22,Entregado,2026-03-03 10:14:16,True,1.0,1.4902083333333334,True
PED004223,10,10,2026-04-12 07:07:39,2026-04-14 07:30:47,48.38,0,CEDI Cali,Cali,Coordinadora,KMS50476047,11900,2026-04-14 07:07:39,Entregado,2026-04-14 07:30:47,True,0.0,2.016064814814815,True
PED004224,10,10,2026-02-07 03:09:58,2026-02-08 16:53:06,37.72,0,CEDI Cali,Cali,Inter Rapidísimo,KMS44294389,17490,2026-02-09 03:09:58,Entregado,2026-02-08 16:53:06,True,1.0,1.5716203703703704,True
PED004225,10,10,2026-04-21 07:49:26,2026-04-22 06:44:14,22.92,0,CEDI Bogotá,Bogotá D.C.,Coordinadora,KMS70618642,18900,2026-04-22 23:49:26,Entregado,2026-04-22 06:44:14,True,1.0,0.9547222222222222,True
PED004226,10,10,2026-04-05 01:04:25,2026-04-06 02:34:38,25.5,0,CEDI Medellín,Medellín,Coordinadora,KMS58410172,13900,2026-04-06 23:04:25,Entregado,2026-04-06 02:34:38,True,1.0,1.062650462962963,True
PED004227,10,10,2026-02-03 23:17:53,2026-02-05 11:34:05,36.26,1,CEDI Medellín,Medellín,Inter Rapidísimo,KMS64111915,11900,2026-02-05 21:17:53,Entregado,2026-02-05 11:34:05,True,1.0,1.51125,True
PED004228,10,10,2026-04-14 13:32:34,2026-04-16 19:42:55,54.18,0,CEDI Barranquilla,Barranquilla,Coordinadora,KMS61693433,13090,2026-04-16 23:32:34,Entregado,2026-04-16 19:42:55,True,1.0,2.2571875,True
PED004229,10,10,2026-06-06 07:05:26,2026-06-08 17:06:52,58.019999999999996,1,CEDI Bucaramanga,Bucaramanga,Coordinadora,KMS16483191,13900,2026-06-08 04:05:26,Entregado,2026-06-08 17:06:52,True,0.0,2.417662037037037,True
PED004230,10,10,2026-06-01 04:40:49,2026-06-02 01:42:09,21.04,1,CEDI Bogotá,Bogotá D.C.,Coordinadora,KMS48891214,13090,2026-06-02 13:40:49,Entregado,2026-06-02 01:42:09,True,1.0,0.8759259259259259,True
PED004231,10,10,2026-05-01 13:15:27,2026-05-02 18:07:13,28.86,0,CEDI Bogotá,Bogotá D.C.,Coordinadora,KMS75403975,18900,2026-05-03 05:15:27,Entregado,2026-05-02 18:07:13,True,1.0,1.2026157407407407,True
PED004232,10,10,2026-03-17 06:55:40,2026-03-18 11:28:55,28.56,0,CEDI Bogotá,Bogotá D.C.,Envia,KMS19553102,9900,2026-03-18 22:55:40,Entregado,2026-03-18 11:28:55,True,1.0,1.1897569444444445,True
PED004233,10,10,2026-04-26 22:43:31,2026-04-28 10:20:52,35.63,0,CEDI Bogotá,Bogotá D.C.,Coordinadora,KMS73633757,8900,2026-04-28 14:43:31,Entregado,2026-04-28 10:20:52,True,1.0,1.4842708333333334,True
PED004234,10,10,2026-03-27 13:14:52,2026-03-29 01:43:20,36.49,0,CEDI Cali,Cali,Envia,KMS16078453,15900,2026-03-29 13:14:52,Entregado,2026-03-29 01:43:20,True,1.0,1.5197685185185186,True
PED004235,10,10,2026-06-09 16:28:16,2026-06-10 23:38:14,31.169999999999998,0,CEDI Cali,Cali,TCC,KMS56435770,8900,2026-06-11 09:28:16,Entregado,2026-06-10 23:38:14,True,1.0,1.2985879629629629,True
PED004236,10,10,2026-02-12 04:22:23,2026-02-14 19:50:51,63.47,0,CEDI Bogotá,Bogotá D.C.,TCC,KMS54688064,18900,2026-02-13 20:22:23,Entregado,2026-02-14 19:50:51,True,0.0,2.6447685185185184,True
PED004237,10,10,2026-04-29 05:34:15,2026-05-01 09:50:22,52.269999999999996,0,CEDI Barranquilla,Barranquilla,Envia,KMS11958940,13900,2026-05-01 15:34:15,Entregado,2026-05-01 09:50:22,True,1.0,2.177858796296296,True
PED004238,10,10,2026-06-23 13:51:29,2026-06-24 08:52:53,19.02,1,CEDI Pereira,Pereira,TCC,KMS46325201,15290,2026-06-25 08:51:29,Entregado,2026-06-24 08:52:53,True,1.0,0.7926388888888889,True
PED004239,10,10,2026-02-16 21:00:24,2026-02-18 09:22:01,36.370000000000005,0,CEDI Pereira,Pereira,Servientrega,KMS12468118,18900,2026-02-18 16:00:24,Entregado,2026-02-18 09:22:01,True,1.0,1.5150115740740742,True
PED004240,10,10,2026-04-26 10:09:16,2026-04-28 19:02:42,56.89,0,CEDI Bogotá,Bogotá D.C.,Envia,KMS67027304,18900,2026-04-28 02:09:16,Entregado,2026-04-28 19:02:42,True,0.0,2.370439814814815,True
PED004241,10,10,2026-01-26 07:17:53,2026-01-27 16:35:13,33.29,0,CEDI Bogotá,Bogotá D.C.,Coordinadora,KMS77743102,11900,2026-01-27 23:17:53,Entregado,2026-01-27 16:35:13,True,1.0,1.387037037037037,True
PED004242,10,10,2026-02-03 10:10:26,2026-02-05 18:59:55,56.830000000000005,0,CEDI Pereira,Pereira,Envia,KMS86141328,13900,2026-02-05 12:10:26,Entregado,2026-02-05 18:59:55,True,0.0,2.367696759259259,True
PED004243,10,10,2026-05-06 04:04:56,2026-05-07 19:09:34,39.07,0,CEDI Barranquilla,Barranquilla,TCC,KMS76101198,9900,2026-05-08 14:04:56,Entregado,2026-05-07 19:09:34,True,1.0,1.6282175925925926,True
PED004244,10,10,2026-06-27 08:29:05,2026-06-30 06:58:42,70.5,0,CEDI Bucaramanga,Bucaramanga,Envia,KMS56149313,9900,2026-06-29 12:29:05,Entregado,2026-06-30 06:58:42,True,0.0,2.9372337962962964,True
PED004245,10,10,2026-04-04 12:43:48,2026-04-06 19:13:43,54.51,0,CEDI Medellín,Medellín,Coordinadora,KMS91563644,13900,2026-04-06 10:43:48,Entregado,2026-04-06 19:13:43,True,0.0,2.270775462962963,True
PED004246,10,10,2026-05-17 07:02:46,2026-05-19 05:28:00,46.42,0,CEDI Barranquilla,Barranquilla,Inter Rapidísimo,KMS34586425,9900,2026-05-19 17:02:46,Entregado,2026-05-19 05:28:00,True,1.0,1.934189814814815,True
PED004247,10,10,2026-04-07 18:20:10,2026-04-09 18:11:46,47.86,0,CEDI Barranquilla,Barranquilla,Servientrega,KMS35393559,18900,2026-04-10 04:20:10,Entregado,2026-04-09 18:11:46,True,1.0,1.9941666666666666,True
PED004248,10,10,2026-04-17 06:23:01,2026-04-19 04:05:58,45.72,0,CEDI Bogotá,Bogotá D.C.,Coordinadora,KMS21551878,18900,2026-04-18 22:23:01,Entregado,2026-04-19 04:05:58,True,0.0,1.904826388888889,True
PED004249,10,10,2026-06-14 16:18:02,2026-06-16 10:56:43,42.64,0,CEDI Bogotá,Bogotá D.C.,Envia,KMS17371715,9900,2026-06-16 08:18:02,Entregado,2026-06-16 10:56:43,True,0.0,1.776863425925926,True
PED004250,10,10,2026-05-08 04:50:39,2026-05-09 14:28:34,33.64,0,CEDI Bogotá,Bogotá D.C.,TCC,KMS23649915,8900,2026-05-09 20:50:39,Entregado,2026-05-09 14:28:34,True,1.0,1.4013310185185186,True
PED004251,10,10,2026-06-10 23:01:27,2026-06-12 03:13:11,28.21,0,CEDI Bogotá,Bogotá D.C.,Servientrega,KMS86849932,11900,2026-06-12 15:01:27,Entregado,2026-06-12 03:13:11,True,1.0,1.1748148148148148,True
PED004252,10,10,2026-03-27 12:47:27,2026-03-29 04:05:01,39.3,0,CEDI Bogotá,Bogotá D.C.,Servientrega,KMS23628221,13900,2026-03-29 04:47:27,Entregado,2026-03-29 04:05:01,True,1.0,1.637199074074074,True
PED004253,10,10,2026-04-19 20:44:17,2026-04-21 04:13:43,31.490000000000002,0,CEDI Bogotá,Bogotá D.C.,Servientrega,KMS28717945,8900,2026-04-21 12:44:17,Entregado,2026-04-21 04:13:43,True,1.0,1.3121064814814816,True
PED004254,10,10,2026-06-15 13:45:40,2026-06-17 07:46:37,42.01,0,CEDI Bucaramanga,Bucaramanga,Coordinadora,KMS46254435,8900,2026-06-17 17:45:40,Entregado,2026-06-17 07:46:37,True,1.0,1.7506597222222222,True
PED004255,10,10,2026-03-20 22:17:59,2026-03-21 22:00:40,23.71,0,CEDI Bogotá,Bogotá D.C.,Envia,KMS78350652,18900,2026-03-22 14:17:59,Entregado,2026-03-21 22:00:40,True,1.0,0.9879745370370371,True
PED004256,10,10,2026-04-01 06:49:04,2026-04-02 04:14:34,21.43,0,CEDI Cali,Cali,TCC,KMS37053008,8900,2026-04-02 23:49:04,Entregado,2026-04-02 04:14:34,True,1.0,0.8927083333333333,True
PED004257,10,10,2026-01-22 08:58:50,2026-01-23 22:36:18,37.64,0,CEDI Bogotá,Bogotá D.C.,Coordinadora,KMS77573101,9900,2026-01-24 00:58:50,Entregado,2026-01-23 22:36:18,True,1.0,1.5676851851851852,True
PED004258,10,10,2026-01-09 16:06:58,2026-01-11 05:14:49,37.11,0,CEDI Pereira,Pereira,Coordinadora,KMS55320551,10890,2026-01-11 18:06:58,Entregado,2026-01-11 05:14:49,True,1.0,1.5471180555555555,True
PED004259,10,10,2026-04-30 18:21:35,2026-05-01 07:01:13,12.66,0,CEDI Bogotá,Bogotá D.C.,Servientrega,KMS28425250,8900,2026-05-02 03:21:35,Entregado,2026-05-01 07:01:13,True,1.0,0.5275231481481482,True
PED004260,10,10,2026-06-13 08:51:21,2026-06-15 00:39:04,39.800000000000004,0,CEDI Bogotá,Bogotá D.C.,TCC,KMS94114524,11900,2026-06-15 00:51:21,Entregado,2026-06-15 00:39:04,True,1.0,1.658136574074074,True
PED004261,10,10,2026-06-23 11:56:02,2026-06-25 12:16:53,48.35,0,CEDI Bogotá,Bogotá D.C.,Coordinadora,KMS97244231,18900,2026-06-25 03:56:02,Entregado,2026-06-25 12:16:53,True,0.0,2.014479166666667,True
PED004262,10,10,2026-01-19 11:14:59,2026-01-21 07:39:56,44.41,0,CEDI Pereira,Pereira,Servientrega,KMS74707351,13090,2026-01-21 13:14:59,Entregado,2026-01-21 07:39:56,True,1.0,1.8506597222222223,True
PED004263,10,10,2026-01-31 09:19:59,2026-02-03 15:55:13,78.60000000000001,0,CEDI Barranquilla,Barranquilla,TCC,KMS26230806,18900,2026-02-02 19:19:59,Entregado,2026-02-03 15:55:13,True,0.0,3.274467592592593,True
PED004264,10,10,2026-01-02 16:49:59,2026-01-04 12:21:48,43.54,0,CEDI Medellín,Medellín,TCC,KMS84394039,9790,2026-01-04 14:49:59,Entregado,2026-01-04 12:21:48,True,1.0,1.813761574074074,True
PED004265,10,10,2026-04-19 13:57:43,2026-04-21 06:35:32,40.63,0,CEDI Cali,Cali,Envia,KMS13892777,8900,2026-04-21 13:57:43,Entregado,2026-04-21 06:35:32,True,1.0,1.6929282407407407,True
PED004266,10,10,2026-06-10 01:47:57,2026-06-10 22:19:11,20.52,0,CEDI Cali,Cali,Coordinadora,KMS30617299,20790,2026-06-11 18:47:57,Entregado,2026-06-10 22:19:11,True,1.0,0.8550231481481482,True
PED004267,10,10,2026-06-02 10:18:04,2026-06-04 16:56:39,54.65,1,CEDI Barranquilla,Barranquilla,TCC,KMS92099299,13900,2026-06-04 20:18:04,Entregado,2026-06-04 16:56:39,True,1.0,2.2767939814814815,True
PED004268,10,10,2026-05-06 08:17:01,2026-05-07 08:51:16,24.57,0,CEDI Cali,Cali,Coordinadora,KMS89705035,18900,2026-05-08 08:17:01,Entregado,2026-05-07 08:51:16,True,1.0,1.0237847222222223,True
PED004269,10,10,2026-05-13 07:09:59,2026-05-14 14:44:14,31.57,0,CEDI Cali,Cali,Servientrega,KMS56218862,8900,2026-05-15 00:09:59,Entregado,2026-05-14 14:44:14,True,1.0,1.3154513888888888,True
PED004270,10,10,2026-01-20 02:28:24,2026-01-21 07:23:59,28.92,0,CEDI Bogotá,Bogotá D.C.,Coordinadora,KMS33704364,15290,2026-01-21 18:28:24,Entregado,2026-01-21 07:23:59,True,1.0,1.2052662037037036,True
PED004271,10,10,2026-06-13 23:29:41,2026-06-15 10:48:03,35.31,0,CEDI Cali,Cali,TCC,KMS50379307,8900,2026-06-15 23:29:41,Entregado,2026-06-15 10:48:03,True,1.0,1.471087962962963,True
PED004272,10,10,2026-01-15 15:21:26,2026-01-16 21:52:33,30.52,0,CEDI Medellín,Medellín,Inter Rapidísimo,KMS92406306,9900,2026-01-17 13:21:26,Entregado,2026-01-16 21:52:33,True,1.0,1.2716087962962963,True
PED004273,10,10,2026-06-26 12:27:27,2026-06-28 12:49:22,48.36,0,CEDI Cali,Cali,Inter Rapidísimo,KMS77361337,13900,2026-06-28 12:27:27,Entregado,2026-06-28 12:49:22,True,0.0,2.0152199074074075,True
PED004274,10,10,2026-01-28 19:31:42,2026-01-29 19:03:05,23.52,0,CEDI Bogotá,Bogotá D.C.,Envia,KMS87629733,13900,2026-01-30 11:31:42,Entregado,2026-01-29 19:03:05,True,1.0,0.9801273148148149,True
PED004275,10,10,2026-03-13 03:59:58,2026-03-13 17:06:38,13.100000000000001,1,CEDI Bogotá,Bogotá D.C.,Coordinadora,KMS97629981,15900,2026-03-14 19:59:58,Entregado,2026-03-13 17:06:38,True,1.0,0.5462962962962963,True
PED004276,10,10,2026-04-08 07:30:52,2026-04-09 11:46:37,28.259999999999998,0,CEDI Cali,Cali,Servientrega,KMS22779387,20790,2026-04-10 07:30:52,Entregado,2026-04-09 11:46:37,True,1.0,1.1776041666666666,True
PED004277,10,10,2026-05-05 15:36:23,2026-05-06 19:46:25,28.169999999999998,0,CEDI Bogotá,Bogotá D.C.,Coordinadora,KMS96964972,8900,2026-05-07 00:36:23,Entregado,2026-05-06 19:46:25,True,1.0,1.1736342592592592,True
PED004278,10,10,2026-01-10 11:03:09,2026-01-13 01:46:50,62.73,0,CEDI Barranquilla,Barranquilla,Servientrega,KMS59596987,11900,2026-01-12 21:03:09,Entregado,2026-01-13 01:46:50,True,0.0,2.6136689814814815,True
PED004279,10,10,2026-02-07 10:17:47,2026-02-08 20:39:25,34.35,0,CEDI Pereira,Pereira,Inter Rapidísimo,KMS47695828,11900,2026-02-09 12:17:47,Entregado,2026-02-08 20:39:25,True,1.0,1.4316898148148147,True
PED004280,10,10,2026-04-20 01:41:19,2026-04-23 00:59:18,71.3,1,CEDI Pereira,Pereira,Servientrega,KMS66040389,9900,2026-04-22 03:41:19,Entregado,2026-04-23 00:59:18,True,0.0,2.9708217592592594,True
PED004281,10,10,2026-01-31 04:30:12,2026-02-01 04:49:16,24.31,0,CEDI Bogotá,Bogotá D.C.,TCC,KMS37192510,9900,2026-02-01 13:30:12,Entregado,2026-02-01 04:49:16,True,1.0,1.0132407407407407,True
PED004282,10,10,2026-02-05 07:42:15,2026-02-06 04:31:37,20.83,0,CEDI Bogotá,Bogotá D.C.,TCC,KMS59201436,13900,2026-02-06 23:42:15,Entregado,2026-02-06 04:31:37,True,1.0,0.8676157407407408,True
PED004283,10,10,2026-06-13 01:44:39,2026-06-14 01:33:14,23.82,1,CEDI Bogotá,Bogotá D.C.,Envia,KMS11846689,8900,2026-06-14 17:44:39,Entregado,2026-06-14 01:33:14,True,1.0,0.9920717592592593,True
PED004284,10,10,2026-05-20 02:10:22,2026-05-20 21:48:23,19.63,1,CEDI Bucaramanga,Bucaramanga,Envia,KMS89690795,8900,2026-05-21 23:10:22,Entregado,2026-05-20 21:48:23,True,1.0,0.8180671296296296,True
PED004285,10,10,2026-05-19 23:27:37,2026-05-21 09:34:01,34.1,0,CEDI Medellín,Medellín,TCC,KMS81596231,13900,2026-05-21 21:27:37,Entregado,2026-05-21 09:34:01,True,1.0,1.4211111111111112,True
PED004286,10,10,2026-01-28 20:14:58,2026-01-29 22:11:59,25.95,0,CEDI Bogotá,Bogotá D.C.,TCC,KMS29893952,17490,2026-01-30 12:14:58,Entregado,2026-01-29 22:11:59,True,1.0,1.081261574074074,True
PED004287,10,10,2026-05-28 21:14:42,2026-05-31 06:12:27,56.97,0,CEDI Cali,Cali,Envia,KMS45547493,10890,2026-05-30 21:14:42,Entregado,2026-05-31 06:12:27,True,0.0,2.3734375,True
PED004288,10,10,2026-02-19 17:30:48,2026-02-21 00:20:40,30.82,0,CEDI Medellín,Medellín,Inter Rapidísimo,KMS70298159,9900,2026-02-21 15:30:48,Entregado,2026-02-21 00:20:40,True,1.0,1.2846296296296296,True
PED004289,10,10,2026-01-14 19:07:39,2026-01-16 07:52:29,36.75,0,CEDI Bogotá,Bogotá D.C.,TCC,KMS31236504,15900,2026-01-16 11:07:39,Entregado,2026-01-16 07:52:29,True,1.0,1.5311342592592592,True
PED004290,10,10,2026-01-18 11:29:01,2026-01-21 03:06:47,63.62,0,CEDI Cali,Cali,Coordinadora,KMS18259080,15900,2026-01-20 11:29:01,Entregado,2026-01-21 03:06:47,True,0.0,2.651226851851852,True
PED004291,10,10,2026-03-21 23:46:07,2026-03-23 16:35:51,40.84,0,CEDI Medellín,Medellín,Envia,KMS73648338,13900,2026-03-23 21:46:07,Entregado,2026-03-23 16:35:51,True,1.0,1.7012037037037038,True
PED004292,10,10,2026-03-08 05:57:53,2026-03-11 06:57:02,72.99,0,CEDI Cali,Cali,Inter Rapidísimo,KMS15447793,9790,2026-03-10 05:57:53,Entregado,2026-03-11 06:57:02,True,0.0,3.041076388888889,True
PED004293,10,10,2026-02-07 11:21:49,2026-02-09 00:58:32,37.61,0,CEDI Pereira,Pereira,Servientrega,KMS49188711,8900,2026-02-09 13:21:49,Entregado,2026-02-09 00:58:32,True,1.0,1.5671643518518519,True
PED004294,10,10,2026-06-01 16:12:18,2026-06-02 04:01:24,11.81,0,CEDI Medellín,Medellín,Coordinadora,KMS43867524,17490,2026-06-03 07:12:18,Entregado,2026-06-02 04:01:24,True,1.0,0.49243055555555554,True
PED004295,10,10,2026-03-25 05:54:48,2026-03-28 08:24:16,74.5,0,CEDI Cali,Cali,Envia,KMS94060636,13090,2026-03-27 05:54:48,Entregado,2026-03-28 08:24:16,True,0.0,3.1037962962962964,True
PED004296,10,10,2026-04-06 03:44:01,2026-04-07 10:35:48,30.89,1,CEDI Pereira,Pereira,Servientrega,KMS81096102,11900,2026-04-07 22:44:01,Entregado,2026-04-07 10:35:48,True,1.0,1.2859606481481483,True
PED004297,9,9,2026-06-10 15:31:39,2026-06-12 16:48:50,47.45,0,CEDI Bogotá,Bogotá D.C.,Inter Rapidísimo,KMS44955099,17490,2026-06-12 07:31:39,Entregado,2026-06-12 16:48:50,True,0.0,2.0535995370370372,False
PED004298,10,10,2026-01-22 00:59:38,2026-01-23 04:24:26,27.41,1,CEDI Bucaramanga,Bucaramanga,TCC,KMS99089516,8900,2026-01-23 21:59:38,Entregado,2026-01-23 04:24:26,True,1.0,1.1422222222222222,True
PED004299,10,10,2026-05-06 22:05:41,2026-05-08 14:28:30,40.38,0,CEDI Medellín,Medellín,Coordinadora,KMS49103980,17490,2026-05-08 20:05:41,Entregado,2026-05-08 14:28:30,True,1.0,1.6825115740740741,True
PED004300,10,10,2026-03-01 02:51:18,2026-03-02 21:53:15,43.019999999999996,0,CEDI Bogotá,Bogotá D.C.,Envia,KMS96449220,8900,2026-03-02 18:51:18,Entregado,2026-03-02 21:53:15,True,0.0,1.7930208333333333,True
PED004301,10,10,2026-05-27 18:03:42,2026-05-29 08:23:47,38.33,1,CEDI Cali,Cali,Servientrega,KMS24980398,15290,2026-05-29 11:03:42,Entregado,2026-05-29 08:23:47,True,1.0,1.5972800925925925,True
PED004302,10,10,2026-03-12 08:02:06,2026-03-13 14:25:49,30.39,0,CEDI Medellín,Medellín,Envia,KMS71144618,18900,2026-03-13 23:02:06,Entregado,2026-03-13 14:25:49,True,1.0,1.2664699074074075,True
PED004303,10,10,2026-01-21 07:00:53,2026-01-22 22:04:44,39.07,0,CEDI Cali,Cali,TCC,KMS76857004,9900,2026-01-23 07:00:53,Entregado,2026-01-22 22:04:44,True,1.0,1.6276736111111112,True
PED004304,10,10,2026-01-14 12:16:26,2026-01-15 12:03:58,23.8,0,CEDI Cali,Cali,Inter Rapidísimo,KMS71287264,18900,2026-01-16 12:16:26,Entregado,2026-01-15 12:03:58,True,1.0,0.9913425925925926,True
PED004305,10,10,2026-05-26 07:17:25,2026-05-27 20:14:39,36.96,0,CEDI Bogotá,Bogotá D.C.,Servientrega,KMS77438241,10890,2026-05-27 23:17:25,Entregado,2026-05-27 20:14:39,True,1.0,1.5397453703703703,True
PED004306,10,10,2026-05-21 04:17:06,2026-05-23 03:48:05,47.519999999999996,1,CEDI Medellín,Medellín,Envia,KMS68375261,9900,2026-05-22 19:17:06,Entregado,2026-05-23 03:48:05,True,0.0,1.979849537037037,True
PED004307,10,10,2026-03-08 22:48:17,2026-03-11 22:23:46,71.6,0,CEDI Barranquilla,Barranquilla,Servientrega,KMS81289978,11900,2026-03-11 08:48:17,Entregado,2026-03-11 22:23:46,True,0.0,2.982974537037037,True
PED004308,10,10,2026-04-29 09:39:12,2026-04-30 14:16:55,28.630000000000003,0,CEDI Medellín,Medellín,TCC,KMS51502943,15900,2026-05-01 07:39:12,Entregado,2026-04-30 14:16:55,True,1.0,1.1928587962962962,True
PED004309,10,10,2026-02-27 15:37:15,2026-03-01 02:11:48,34.57,0,CEDI Bucaramanga,Bucaramanga,TCC,KMS40637464,11900,2026-03-01 19:37:15,Entregado,2026-03-01 02:11:48,True,1.0,1.4406597222222222,True
PED004310,10,10,2026-05-20 16:27:02,2026-05-21 17:47:57,25.34,0,CEDI Medellín,Medellín,Envia,KMS67879558,9900,2026-05-22 14:27:02,Entregado,2026-05-21 17:47:57,True,1.0,1.0561921296296297,True
PED004311,10,10,2026-01-24 21:31:06,2026-01-26 19:01:01,45.49,0,CEDI Medellín,Medellín,Envia,KMS14905566,18900,2026-01-26 19:31:06,Entregado,2026-01-26 19:01:01,True,1.0,1.895775462962963,True
PED004312,10,10,2026-01-20 05:38:10,2026-01-21 06:13:37,24.580000000000002,0,CEDI Medellín,Medellín,Envia,KMS12178492,9900,2026-01-21 20:38:10,Entregado,2026-01-21 06:13:37,True,1.0,1.0246180555555555,True
PED004313,10,10,2026-04-19 09:13:52,2026-04-20 04:23:03,19.16,0,CEDI Bogotá,Bogotá D.C.,Inter Rapidísimo,KMS28668009,18900,2026-04-21 01:13:52,Entregado,2026-04-20 04:23:03,True,1.0,0.7980439814814815,True
PED004314,10,10,2026-06-13 14:11:36,2026-06-14 15:12:03,25.0,0,CEDI Pereira,Pereira,Envia,KMS40846805,10890,2026-06-15 09:11:36,Entregado,2026-06-14 15:12:03,True,1.0,1.0419791666666667,True
PED004315,10,10,2026-03-18 13:45:24,2026-03-19 16:03:22,26.3,0,CEDI Bogotá,Bogotá D.C.,Envia,KMS66024008,18900,2026-03-20 05:45:24,Entregado,2026-03-19 16:03:22,True,1.0,1.0958101851851851,True
PED004316,10,10,2026-06-27 17:31:10,2026-06-29 12:41:02,43.16,0,CEDI Cali,Cali,Coordinadora,KMS70226907,8900,2026-06-29 10:31:10,Entregado,2026-06-29 12:41:02,True,0.0,1.7985185185185186,True
PED004317,10,10,2026-04-03 12:42:59,2026-04-05 11:17:23,46.58,0,CEDI Cali,Cali,TCC,KMS37808888,8900,2026-04-05 12:42:59,Entregado,2026-04-05 11:17:23,True,1.0,1.9405555555555556,True
PED004318,10,10,2026-05-31 13:45:16,2026-06-01 22:12:14,32.45,0,CEDI Medellín,Medellín,TCC,KMS12021030,11900,2026-06-02 11:45:16,Entregado,2026-06-01 22:12:14,True,1.0,1.3520601851851852,True
PED004319,10,10,2026-03-04 09:11:41,2026-03-05 15:08:03,29.95,0,CEDI Pereira,Pereira,Envia,KMS68190114,11900,2026-03-06 04:11:41,Entregado,2026-03-05 15:08:03,True,1.0,1.2474768518518518,True
PED004320,10,10,2026-06-20 21:59:18,2026-06-23 23:05:55,73.12,0,CEDI Cali,Cali,Coordinadora,KMS41401797,15900,2026-06-22 21:59:18,Entregado,2026-06-23 23:05:55,True,0.0,3.046261574074074,True
PED004321,10,10,2026-04-20 22:41:55,2026-04-22 16:05:19,41.39,0,CEDI Medellín,Medellín,Inter Rapidísimo,KMS28995956,15900,2026-04-22 20:41:55,Entregado,2026-04-22 16:05:19,True,1.0,1.7245833333333334,True
PED004322,10,10,2026-06-05 09:37:16,2026-06-06 11:52:38,26.26,0,CEDI Medellín,Medellín,Coordinadora,KMS11193552,18900,2026-06-07 00:37:16,Entregado,2026-06-06 11:52:38,True,1.0,1.0940046296296295,True
PED004323,10,10,2026-02-23 19:49:19,2026-02-25 00:27:30,28.63,0,CEDI Medellín,Medellín,Servientrega,KMS71020997,15290,2026-02-25 10:49:19,Entregado,2026-02-25 00:27:30,True,1.0,1.1931828703703704,True
PED004324,10,10,2026-06-15 05:14:23,2026-06-16 19:07:24,37.88,0,CEDI Barranquilla,Barranquilla,Servientrega,KMS27073272,15900,2026-06-17 08:14:23,Entregado,2026-06-16 19:07:24,True,1.0,1.5784837962962963,True
PED004325,10,10,2026-02-10 14:12:57,2026-02-12 03:24:10,37.18,0,CEDI Bucaramanga,Bucaramanga,Coordinadora,KMS21348277,15900,2026-02-12 18:12:57,Entregado,2026-02-12 03:24:10,True,1.0,1.5494560185185184,True
PED004326,10,10,2026-03-21 09:20:51,2026-03-22 22:36:37,37.26,0,CEDI Medellín,Medellín,Envia,KMS79944357,9900,2026-03-23 00:20:51,Entregado,2026-03-22 22:36:37,True,1.0,1.5526157407407408,True
PED004327,10,10,2026-04-16 07:21:56,2026-04-17 05:14:44,21.89,0,CEDI Bogotá,Bogotá D.C.,Envia,KMS55701446,8900,2026-04-17 16:21:56,Entregado,2026-04-17 05:14:44,True,1.0,0.9116666666666666,True
PED004328,10,10,2026-06-10 20:33:06,2026-06-12 05:57:01,33.4,1,CEDI Cali,Cali,Coordinadora,KMS12159768,8900,2026-06-12 20:33:06,Entregado,2026-06-12 05:57:01,True,1.0,1.3916087962962962,True
PED004329,10,10,2026-06-20 07:11:17,2026-06-21 01:27:55,18.27,0,CEDI Bogotá,Bogotá D.C.,TCC,KMS97154679,8900,2026-06-21 16:11:17,Entregado,2026-06-21 01:27:55,True,1.0,0.7615509259259259,True
PED004330,10,10,2026-05-12 05:23:15,2026-05-14 15:00:09,57.62,0,CEDI Barranquilla,Barranquilla,Envia,KMS42792130,10890,2026-05-14 08:23:15,Entregado,2026-05-14 15:00:09,True,0.0,2.400625,True
PED004331,10,10,2026-06-01 08:38:19,2026-06-03 21:44:49,61.099999999999994,0,CEDI Medellín,Medellín,TCC,KMS68696947,8900,2026-06-03 06:38:19,Entregado,2026-06-03 21:44:49,True,0.0,2.5461805555555554,True
PED004332,10,10,2026-01-26 09:03:56,2026-01-28 05:04:43,44.02,0,CEDI Cali,Cali,Envia,KMS87964100,13090,2026-01-28 09:03:56,Entregado,2026-01-28 05:04:43,True,1.0,1.8338773148148149,True
PED004333,10,10,2026-04-15 03:55:41,2026-04-16 09:34:43,29.65,0,CEDI Cali,Cali,Coordinadora,KMS35183783,8900,2026-04-16 20:55:41,Entregado,2026-04-16 09:34:43,True,1.0,1.235439814814815,True
PED004334,10,10,2026-03-02 13:05:15,2026-03-04 04:29:59,39.41,0,CEDI Medellín,Medellín,Coordinadora,KMS84999019,11900,2026-03-04 11:05:15,Entregado,2026-03-04 04:29:59,True,1.0,1.6421759259259259,True
PED004335,10,10,2026-04-22 22:05:47,2026-04-23 22:55:12,24.82,0,CEDI Bucaramanga,Bucaramanga,TCC,KMS97137584,10890,2026-04-25 02:05:47,Entregado,2026-04-23 22:55:12,True,1.0,1.0343171296296296,True
PED004336,10,10,2026-06-16 00:38:21,2026-06-16 16:26:55,15.809999999999999,0,CEDI Bogotá,Bogotá D.C.,TCC,KMS48447976,9900,2026-06-17 09:38:21,Entregado,2026-06-16 16:26:55,True,1.0,0.6587268518518519,True
PED004337,10,10,2026-02-19 00:52:59,2026-02-21 17:47:36,64.89,0,CEDI Cali,Cali,Inter Rapidísimo,KMS94879814,13900,2026-02-21 00:52:59,Entregado,2026-02-21 17:47:36,True,0.0,2.7045949074074076,True
PED004338,10,10,2026-06-10 19:50:18,2026-06-12 03:39:58,31.830000000000002,0,CEDI Pereira,Pereira,Coordinadora,KMS75743826,20790,2026-06-12 14:50:18,Entregado,2026-06-12 03:39:58,True,1.0,1.3261574074074074,True
PED004339,10,10,2026-06-11 23:20:39,2026-06-13 21:56:22,46.59,0,CEDI Bucaramanga,Bucaramanga,Inter Rapidísimo,KMS79029729,13900,2026-06-14 03:20:39,Entregado,2026-06-13 21:56:22,True,1.0,1.9414699074074073,True
PED004340,10,10,2026-05-11 02:02:59,2026-05-12 21:33:34,43.5,0,CEDI Bucaramanga,Bucaramanga,Servientrega,KMS82109329,9790,2026-05-13 06:02:59,Entregado,2026-05-12 21:33:34,True,1.0,1.8129050925925927,True
PED004341,10,10,2026-04-07 23:30:16,2026-04-09 13:04:55,37.57,0,CEDI Pereira,Pereira,Inter Rapidísimo,KMS79455777,20790,2026-04-09 18:30:16,Entregado,2026-04-09 13:04:55,True,1.0,1.5657291666666666,True
PED004342,10,10,2026-05-26 05:10:50,2026-05-27 22:19:41,41.15,0,CEDI Bucaramanga,Bucaramanga,Coordinadora,KMS66218472,8900,2026-05-28 09:10:50,Entregado,2026-05-27 22:19:41,True,1.0,1.7144791666666668,True
PED004343,10,10,2026-02-11 15:21:25,2026-02-13 07:32:53,40.2,0,CEDI Pereira,Pereira,Coordinadora,KMS63121602,11900,2026-02-13 17:21:25,Entregado,2026-02-13 07:32:53,True,1.0,1.6746296296296297,True
PED004344,10,10,2026-02-15 21:17:21,2026-02-17 06:15:08,32.95,0,CEDI Cali,Cali,Envia,KMS24404293,13900,2026-02-17 14:17:21,Entregado,2026-02-17 06:15:08,True,1.0,1.3734606481481482,True
PED004345,10,10,2026-01-04 23:06:44,2026-01-06 00:55:38,25.810000000000002,0,CEDI Bogotá,Bogotá D.C.,Servientrega,KMS73058639,17490,2026-01-06 15:06:44,Entregado,2026-01-06 00:55:38,True,1.0,1.075625,True
PED004346,10,10,2026-04-03 12:29:06,2026-04-04 22:59:00,34.51,0,CEDI Cali,Cali,Coordinadora,KMS57258634,18900,2026-04-05 12:29:06,Entregado,2026-04-04 22:59:00,True,1.0,1.4374305555555555,True
PED004347,10,10,2026-04-30 12:35:31,2026-05-02 08:00:41,43.42,0,CEDI Cali,Cali,Coordinadora,KMS27707780,18900,2026-05-02 12:35:31,Entregado,2026-05-02 08:00:41,True,1.0,1.8091435185185185,True
PED004348,10,10,2026-01-22 23:42:03,2026-01-25 11:23:03,59.7,0,CEDI Barranquilla,Barranquilla,Servientrega,KMS18561189,20790,2026-01-25 09:42:03,Entregado,2026-01-25 11:23:03,True,0.0,2.4868055555555557,True
PED004349,10,10,2026-02-16 11:31:07,2026-02-18 06:15:19,42.730000000000004,0,CEDI Cali,Cali,Servientrega,KMS32953307,9790,2026-02-18 11:31:07,Entregado,2026-02-18 06:15:19,True,1.0,1.7806944444444444,True
PED004350,10,10,2026-05-02 10:32:39,2026-05-03 15:54:50,29.38,0,CEDI Bogotá,Bogotá D.C.,Envia,KMS23800483,18900,2026-05-04 02:32:39,Entregado,2026-05-03 15:54:50,True,1.0,1.2237384259259259,True
PED004351,10,10,2026-05-19 10:43:37,2026-05-20 09:38:23,22.91,0,CEDI Bogotá,Bogotá D.C.,Coordinadora,KMS79338571,17490,2026-05-21 02:43:37,Entregado,2026-05-20 09:38:23,True,1.0,0.9546990740740741,True
PED004352,10,10,2026-06-12 22:34:13,2026-06-13 21:44:45,23.17,0,CEDI Bogotá,Bogotá D.C.,TCC,KMS11547337,11900,2026-06-14 14:34:13,Entregado,2026-06-13 21:44:45,True,1.0,0.9656481481481481,True
PED004353,10,10,2026-06-10 09:19:21,2026-06-11 06:34:50,21.27,1,CEDI Bogotá,Bogotá D.C.,Coordinadora,KMS51477201,8900,2026-06-12 01:19:21,Entregado,2026-06-11 06:34:50,True,1.0,0.8857523148148149,True
PED004354,10,10,2026-01-24 16:59:31,2026-01-27 13:18:10,68.32000000000001,0,CEDI Cali,Cali,TCC,KMS92278035,9900,2026-01-26 16:59:31,Entregado,2026-01-27 13:18:10,True,0.0,2.8462847222222223,True
PED004355,10,10,2026-05-29 16:18:50,2026-05-30 11:53:38,19.580000000000002,0,CEDI Bogotá,Bogotá D.C.,Servientrega,KMS39196803,15900,2026-05-31 08:18:50,Entregado,2026-05-30 11:53:38,True,1.0,0.8158333333333333,True
PED004356,10,10,2026-06-02 18:33:16,2026-06-03 16:48:18,22.25,0,CEDI Pereira,Pereira,Coordinadora,KMS65319982,13900,2026-06-04 13:33:16,Entregado,2026-06-03 16:48:18,True,1.0,0.9271064814814814,True
PED004357,10,10,2026-03-01 13:35:08,2026-03-03 06:27:01,40.85,0,CEDI Bogotá,Bogotá D.C.,Servientrega,KMS20842827,13900,2026-03-03 05:35:08,Entregado,2026-03-03 06:27:01,True,0.0,1.7026967592592592,True
PED004358,10,10,2026-01-20 23:09:24,2026-01-22 16:50:05,41.67,0,CEDI Barranquilla,Barranquilla,Coordinadora,KMS69491635,13900,2026-01-23 02:09:24,Entregado,2026-01-22 16:50:05,True,1.0,1.736585648148148,True
PED004359,10,10,2026-04-03 05:39:01,2026-04-05 22:02:31,64.39,0,CEDI Barranquilla,Barranquilla,Servientrega,KMS32537930,9900,2026-04-05 08:39:01,Entregado,2026-04-05 22:02:31,True,0.0,2.682986111111111,True
PED004360,10,10,2026-04-18 08:28:02,2026-04-19 22:06:59,37.65,1,CEDI Medellín,Medellín,Inter Rapidísimo,KMS17502384,15900,2026-04-20 06:28:02,Entregado,2026-04-19 22:06:59,True,1.0,1.5687152777777778,True
PED004361,10,10,2026-05-10 02:44:00,2026-05-10 21:53:35,19.16,0,CEDI Medellín,Medellín,TCC,KMS86820578,20790,2026-05-11 17:44:00,Entregado,2026-05-10 21:53:35,True,1.0,0.7983217592592593,True
PED004362,10,10,2026-02-25 05:54:42,2026-02-27 05:07:48,47.199999999999996,0,CEDI Medellín,Medellín,Inter Rapidísimo,KMS62154166,15290,2026-02-26 20:54:42,Entregado,2026-02-27 05:07:48,True,0.0,1.9674305555555556,True
PED004363,10,10,2026-06-20 23:25:50,2026-06-23 12:30:33,61.07,1,CEDI Bucaramanga,Bucaramanga,Coordinadora,KMS83335356,9900,2026-06-23 03:25:50,Entregado,2026-06-23 12:30:33,True,0.0,2.5449421296296295,True
PED004364,10,10,2026-01-13 20:12:05,2026-01-15 20:56:02,48.73,0,CEDI Cali,Cali,Envia,KMS56879448,9900,2026-01-15 20:12:05,Entregado,2026-01-15 20:56:02,True,0.0,2.0305208333333336,True
PED004365,10,10,2026-05-03 22:00:15,2026-05-05 05:08:48,31.14,0,CEDI Pereira,Pereira,TCC,KMS63424283,8900,2026-05-05 17:00:15,Entregado,2026-05-05 05:08:48,True,1.0,1.2976041666666667,True
PED004366,10,10,2026-03-25 01:43:13,2026-03-26 06:13:57,28.509999999999998,0,CEDI Cali,Cali,Coordinadora,KMS42841372,13900,2026-03-27 01:43:13,Entregado,2026-03-26 06:13:57,True,1.0,1.1880092592592593,True
PED004367,9,9,2026-04-25 19:34:56,2026-04-27 13:24:45,41.48,0,CEDI Cali,Cali,Envia,KMS38943015,9900,2026-04-27 19:34:56,Entregado,2026-04-27 13:24:45,True,1.0,1.7429282407407407,False
PED004368,10,10,2026-03-10 04:20:06,2026-03-11 21:21:27,41.01,0,CEDI Cali,Cali,Inter Rapidísimo,KMS25629305,11900,2026-03-12 04:20:06,Entregado,2026-03-11 21:21:27,True,1.0,1.7092708333333333,True
PED004369,10,10,2026-05-23 00:55:13,2026-05-23 17:17:51,16.37,0,CEDI Bogotá,Bogotá D.C.,TCC,KMS38244529,15900,2026-05-24 09:55:13,Entregado,2026-05-23 17:17:51,True,1.0,0.6823842592592593,True
PED004370,10,10,2026-04-05 20:54:06,2026-04-08 06:45:56,57.849999999999994,0,CEDI Barranquilla,Barranquilla,Servientrega,KMS76917957,13900,2026-04-08 06:54:06,Entregado,2026-04-08 06:45:56,True,1.0,2.41099537037037,True
PED004371,10,10,2026-01-27 13:04:29,2026-01-29 04:11:33,39.11,0,CEDI Medellín,Medellín,Coordinadora,KMS35250907,11900,2026-01-29 04:04:29,Entregado,2026-01-29 04:11:33,True,0.0,1.6299074074074074,True
PED004372,10,10,2026-03-31 07:43:08,2026-04-02 16:54:05,57.17,0,CEDI Bogotá,Bogotá D.C.,Coordinadora,KMS77814638,17490,2026-04-01 23:43:08,Entregado,2026-04-02 16:54:05,True,0.0,2.382604166666667,True
PED004373,10,10,2026-01-31 19:21:46,2026-02-01 23:35:40,28.22,0,CEDI Bogotá,Bogotá D.C.,Servientrega,KMS39216543,9900,2026-02-02 11:21:46,Entregado,2026-02-01 23:35:40,True,1.0,1.1763194444444445,True
PED004374,10,10,2026-04-26 01:46:36,2026-04-27 08:16:58,30.52,0,CEDI Bogotá,Bogotá D.C.,TCC,KMS41413797,17490,2026-04-27 17:46:36,Entregado,2026-04-27 08:16:58,True,1.0,1.271087962962963,True
PED004375,10,10,2026-05-04 07:27:38,2026-05-05 07:31:36,24.060000000000002,0,CEDI Cali,Cali,Inter Rapidísimo,KMS79205934,15900,2026-05-06 07:27:38,Entregado,2026-05-05 07:31:36,True,1.0,1.0027546296296297,True
PED004376,10,10,2026-02-16 09:17:47,2026-02-17 12:56:57,27.66,0,CEDI Cali,Cali,Envia,KMS99252724,8900,2026-02-18 02:17:47,Entregado,2026-02-17 12:56:57,True,1.0,1.1521990740740742,True
PED004377,10,10,2026-03-06 21:47:03,2026-03-08 03:07:47,29.34,0,CEDI Bogotá,Bogotá D.C.,Servientrega,KMS96621389,8900,2026-03-08 13:47:03,Entregado,2026-03-08 03:07:47,True,1.0,1.2227314814814816,True
PED004378,10,10,2026-01-17 07:38:37,2026-01-18 21:18:00,37.67,1,CEDI Cali,Cali,Servientrega,KMS97057222,18900,2026-01-19 07:38:37,Entregado,2026-01-18 21:18:00,True,1.0,1.5690162037037036,True
PED004379,10,10,2026-05-10 19:32:37,2026-05-11 23:59:01,28.46,0,CEDI Bogotá,Bogotá D.C.,TCC,KMS35256032,18900,2026-05-12 04:32:37,Entregado,2026-05-11 23:59:01,True,1.0,1.185,True
PED004380,10,10,2026-04-05 19:18:06,2026-04-07 09:31:42,38.22,1,CEDI Pereira,Pereira,Envia,KMS21939257,9900,2026-04-07 21:18:06,Entregado,2026-04-07 09:31:42,True,1.0,1.5927777777777778,True
PED004381,10,10,2026-01-14 01:15:17,2026-01-15 07:43:02,30.47,0,CEDI Pereira,Pereira,Inter Rapidísimo,KMS44302552,15290,2026-01-16 03:15:17,Entregado,2026-01-15 07:43:02,True,1.0,1.2692708333333333,True
PED004382,10,10,2026-05-12 09:11:38,2026-05-13 06:49:02,21.62,1,CEDI Bogotá,Bogotá D.C.,TCC,KMS59124478,9900,2026-05-14 01:11:38,Entregado,2026-05-13 06:49:02,True,1.0,0.9009722222222222,True
PED004383,10,10,2026-04-10 13:44:44,2026-04-12 02:52:11,37.13,0,CEDI Pereira,Pereira,Coordinadora,KMS62437424,18900,2026-04-12 15:44:44,Entregado,2026-04-12 02:52:11,True,1.0,1.5468402777777779,True
PED004384,10,10,2026-02-07 04:44:18,2026-02-09 02:58:16,46.23,0,CEDI Bucaramanga,Bucaramanga,Coordinadora,KMS81604234,8900,2026-02-09 01:44:18,Entregado,2026-02-09 02:58:16,True,0.0,1.9263657407407409,True
PED004385,10,10,2026-04-18 21:23:09,2026-04-20 08:01:59,34.65,0,CEDI Bogotá,Bogotá D.C.,Envia,KMS22570477,15900,2026-04-20 13:23:09,Entregado,2026-04-20 08:01:59,True,1.0,1.4436342592592593,True
PED004386,10,10,2026-01-18 08:03:18,2026-01-21 06:36:47,70.55,0,CEDI Bogotá,Bogotá D.C.,Inter Rapidísimo,KMS43160473,15900,2026-01-20 00:03:18,Entregado,2026-01-21 06:36:47,True,0.0,2.9399189814814815,True
PED004387,10,10,2026-04-26 05:09:18,2026-04-27 18:04:14,36.91,0,CEDI Cali,Cali,Inter Rapidísimo,KMS59199036,20790,2026-04-28 05:09:18,Entregado,2026-04-27 18:04:14,True,1.0,1.538148148148148,True
PED004388,10,10,2026-05-25 17:30:50,2026-05-26 18:25:32,24.919999999999998,0,CEDI Bogotá,Bogotá D.C.,Inter Rapidísimo,KMS75034274,9900,2026-05-27 09:30:50,Entregado,2026-05-26 18:25:32,True,1.0,1.037986111111111,True
PED004389,10,10,2026-06-01 21:02:09,2026-06-03 01:44:39,28.69,0,CEDI Bucaramanga,Bucaramanga,Inter Rapidísimo,KMS21586492,9900,2026-06-03 18:02:09,Entregado,2026-06-03 01:44:39,True,1.0,1.1961805555555556,True
PED004390,10,10,2026-05-13 04:18:32,2026-05-14 10:39:53,30.35,0,CEDI Bogotá,Bogotá D.C.,Coordinadora,KMS61417287,13900,2026-05-14 20:18:32,Entregado,2026-05-14 10:39:53,True,1.0,1.2648263888888889,True
PED004391,10,10,2026-02-20 04:33:28,2026-02-21 23:22:35,42.83,0,CEDI Medellín,Medellín,Inter Rapidísimo,KMS96587224,13090,2026-02-21 19:33:28,Entregado,2026-02-21 23:22:35,True,0.0,1.7841087962962963,True
PED004392,10,10,2026-06-14 08:20:36,2026-06-15 18:11:06,33.84,0,CEDI Bogotá,Bogotá D.C.,Inter Rapidísimo,KMS88433106,17490,2026-06-16 00:20:36,Entregado,2026-06-15 18:11:06,True,1.0,1.4100694444444444,True
PED004393,10,10,2026-03-12 15:56:59,2026-03-13 11:07:37,19.18,0,CEDI Bogotá,Bogotá D.C.,Coordinadora,KMS40341300,8900,2026-03-14 00:56:59,Entregado,2026-03-13 11:07:37,True,1.0,0.799050925925926,True
PED004394,10,10,2026-05-14 15:40:43,2026-05-16 13:27:57,45.81,0,CEDI Medellín,Medellín,TCC,KMS54382921,18900,2026-05-16 13:40:43,Entregado,2026-05-16 13:27:57,True,1.0,1.9078009259259259,True
PED004395,10,10,2026-06-26 05:30:33,2026-06-29 05:23:05,71.87,0,CEDI Barranquilla,Barranquilla,Inter Rapidísimo,KMS24062583,10890,2026-06-28 15:30:33,Entregado,2026-06-29 05:23:05,True,0.0,2.9948148148148146,True
PED004396,10,10,2026-06-20 08:33:01,2026-06-21 06:57:40,22.41,0,CEDI Bogotá,Bogotá D.C.,Envia,KMS53819489,8900,2026-06-22 00:33:01,Entregado,2026-06-21 06:57:40,True,1.0,0.9337847222222222,True
PED004397,10,10,2026-06-18 18:07:17,2026-06-20 07:46:59,37.67,0,CEDI Cali,Cali,Coordinadora,KMS24239075,13900,2026-06-20 11:07:17,Entregado,2026-06-20 07:46:59,True,1.0,1.569236111111111,True
PED004398,10,10,2026-05-01 06:29:46,2026-05-01 19:52:52,13.379999999999999,0,CEDI Medellín,Medellín,TCC,KMS51881239,15900,2026-05-03 04:29:46,Entregado,2026-05-01 19:52:52,True,1.0,0.5577083333333334,True
PED004399,10,10,2026-03-04 12:28:10,2026-03-04 23:26:32,10.97,0,CEDI Bogotá,Bogotá D.C.,Coordinadora,KMS79603621,15900,2026-03-05 21:28:10,Entregado,2026-03-04 23:26:32,True,1.0,0.45719907407407406,True
PED004400,10,10,2026-01-30 11:36:04,2026-01-31 21:27:40,33.86,0,CEDI Medellín,Medellín,TCC,KMS29059613,17490,2026-02-01 09:36:04,Entregado,2026-01-31 21:27:40,True,1.0,1.4108333333333334,True
PED004401,10,10,2026-03-15 16:03:59,2026-03-17 12:37:55,44.57,0,CEDI Cali,Cali,Servientrega,KMS23758402,18900,2026-03-17 16:03:59,Entregado,2026-03-17 12:37:55,True,1.0,1.8568981481481481,True
PED004402,10,10,2026-01-25 15:02:30,2026-01-27 03:32:10,36.49,0,CEDI Medellín,Medellín,TCC,KMS19247011,9900,2026-01-27 13:02:30,Entregado,2026-01-27 03:32:10,True,1.0,1.5206018518518518,True
PED004403,10,10,2026-03-18 14:39:44,2026-03-19 14:56:14,24.27,0,CEDI Bogotá,Bogotá D.C.,Inter Rapidísimo,KMS33213719,13900,2026-03-19 23:39:44,Entregado,2026-03-19 14:56:14,True,1.0,1.0114583333333333,True
PED004404,10,10,2026-05-06 08:49:56,2026-05-07 16:34:40,31.75,0,CEDI Medellín,Medellín,TCC,KMS21222077,9900,2026-05-08 06:49:56,Entregado,2026-05-07 16:34:40,True,1.0,1.3227314814814815,True
PED004405,10,10,2026-05-04 09:24:37,2026-05-06 03:32:16,42.12,0,CEDI Medellín,Medellín,TCC,KMS10881219,13900,2026-05-06 07:24:37,Entregado,2026-05-06 03:32:16,True,1.0,1.7553125,True
PED004406,10,10,2026-02-13 11:12:15,2026-02-15 19:23:25,56.19,0,CEDI Pereira,Pereira,Servientrega,KMS41521992,18900,2026-02-15 13:12:15,Entregado,2026-02-15 19:23:25,True,0.0,2.341087962962963,True
PED004407,10,10,2026-04-13 22:09:48,2026-04-15 00:13:05,26.04,0,CEDI Bogotá,Bogotá D.C.,Servientrega,KMS34262720,8900,2026-04-15 07:09:48,Entregado,2026-04-15 00:13:05,True,1.0,1.085613425925926,True
PED004408,10,10,2026-02-15 14:55:57,2026-02-16 22:46:41,31.84,0,CEDI Cali,Cali,Inter Rapidísimo,KMS32573437,9790,2026-02-17 07:55:57,Entregado,2026-02-16 22:46:41,True,1.0,1.326898148148148,True
PED004409,10,10,2026-03-12 05:26:26,2026-03-13 01:21:36,19.91,0,CEDI Bogotá,Bogotá D.C.,Envia,KMS67439096,18900,2026-03-13 21:26:26,Entregado,2026-03-13 01:21:36,True,1.0,0.8299768518518519,True
PED004410,10,10,2026-03-20 00:13:58,2026-03-21 20:23:20,44.14,0,CEDI Cali,Cali,Inter Rapidísimo,KMS89099172,17490,2026-03-21 17:13:58,Entregado,2026-03-21 20:23:20,True,0.0,1.8398379629629629,True
PED004411,10,10,2026-04-20 20:25:26,2026-04-23 09:38:47,61.22,0,CEDI Bogotá,Bogotá D.C.,Envia,KMS87024677,11900,2026-04-22 12:25:26,Entregado,2026-04-23 09:38:47,True,0.0,2.5509375,True
PED004412,10,10,2026-03-28 08:19:38,2026-03-29 09:18:51,24.990000000000002,0,CEDI Bogotá,Bogotá D.C.,Envia,KMS94272254,8900,2026-03-30 00:19:38,Entregado,2026-03-29 09:18:51,True,1.0,1.0411226851851851,True
PED004413,10,10,2026-01-26 00:59:58,2026-01-28 03:46:17,50.769999999999996,0,CEDI Barranquilla,Barranquilla,Servientrega,KMS42492995,15900,2026-01-28 10:59:58,Entregado,2026-01-28 03:46:17,True,1.0,2.115497685185185,True
PED004414,10,10,2026-05-30 02:13:28,2026-05-31 04:12:04,25.97,0,CEDI Bogotá,Bogotá D.C.,Servientrega,KMS34418536,13900,2026-05-31 18:13:28,Entregado,2026-05-31 04:12:04,True,1.0,1.082361111111111,True
PED004415,10,10,2026-03-06 08:09:04,2026-03-07 10:29:52,26.33,0,CEDI Bogotá,Bogotá D.C.,Servientrega,KMS89478280,18900,2026-03-08 00:09:04,Entregado,2026-03-07 10:29:52,True,1.0,1.0977777777777777,True
PED004416,10,10,2026-01-14 07:31:50,2026-01-16 08:02:37,48.519999999999996,0,CEDI Barranquilla,Barranquilla,Inter Rapidísimo,KMS85167064,9900,2026-01-16 17:31:50,Entregado,2026-01-16 08:02:37,True,1.0,2.021377314814815,True
PED004417,10,10,2026-03-12 04:18:35,2026-03-14 03:53:09,47.55,0,CEDI Cali,Cali,Servientrega,KMS75529862,15900,2026-03-14 04:18:35,Entregado,2026-03-14 03:53:09,True,1.0,1.982337962962963,True
PED004418,10,10,2026-01-28 06:31:01,2026-01-29 16:09:32,33.65,0,CEDI Bogotá,Bogotá D.C.,Envia,KMS96143736,9900,2026-01-29 22:31:01,Entregado,2026-01-29 16:09:32,True,1.0,1.401747685185185,True
PED004419,10,10,2026-05-11 00:59:04,2026-05-11 22:06:41,21.13,0,CEDI Bogotá,Bogotá D.C.,Envia,KMS66292114,11900,2026-05-12 09:59:04,Entregado,2026-05-11 22:06:41,True,1.0,0.8802893518518519,True
PED004420,10,10,2026-02-23 01:52:33,2026-02-24 19:24:03,41.53,0,CEDI Bogotá,Bogotá D.C.,Inter Rapidísimo,KMS68928718,17490,2026-02-24 17:52:33,Entregado,2026-02-24 19:24:03,True,0.0,1.7302083333333333,True
PED004421,10,10,2026-06-10 23:16:19,2026-06-12 10:38:04,35.35,0,CEDI Barranquilla,Barranquilla,Inter Rapidísimo,KMS17276455,10890,2026-06-13 02:16:19,Entregado,2026-06-12 10:38:04,True,1.0,1.4734375,True
PED004422,10,10,2026-04-16 15:48:47,2026-04-18 13:08:27,45.32,0,CEDI Cali,Cali,Envia,KMS17698010,9900,2026-04-18 15:48:47,Entregado,2026-04-18 13:08:27,True,1.0,1.8886574074074074,True
PED004423,10,10,2026-06-27 21:29:35,2026-06-29 01:06:43,27.630000000000003,0,CEDI Medellín,Medellín,Inter Rapidísimo,KMS86629030,8900,2026-06-29 19:29:35,Entregado,2026-06-29 01:06:43,True,1.0,1.150787037037037,True
PED004424,10,10,2026-02-03 13:49:59,2026-02-05 22:44:29,56.9,1,CEDI Medellín,Medellín,Servientrega,KMS12816000,15900,2026-02-05 11:49:59,Entregado,2026-02-05 22:44:29,True,0.0,2.3711805555555556,True
PED004425,10,10,2026-06-17 13:57:24,2026-06-18 21:50:13,31.89,0,CEDI Bucaramanga,Bucaramanga,Envia,KMS25281292,15290,2026-06-19 10:57:24,Entregado,2026-06-18 21:50:13,True,1.0,1.3283449074074074,True
PED004426,10,10,2026-03-01 17:50:15,2026-03-03 12:50:33,42.99,0,CEDI Bucaramanga,Bucaramanga,Coordinadora,KMS81969863,13090,2026-03-03 21:50:15,Entregado,2026-03-03 12:50:33,True,1.0,1.791875,True
PED004427,10,10,2026-03-27 16:35:41,2026-03-29 22:31:24,53.93,0,CEDI Bogotá,Bogotá D.C.,TCC,KMS27501653,15900,2026-03-29 01:35:41,Entregado,2026-03-29 22:31:24,True,0.0,2.247025462962963,True
PED004428,10,10,2026-05-09 09:29:38,2026-05-10 11:40:42,26.17,0,CEDI Medellín,Medellín,Coordinadora,KMS40258029,13900,2026-05-11 00:29:38,Entregado,2026-05-10 11:40:42,True,1.0,1.0910185185185186,True
PED004429,9,9,2026-05-13 03:07:41,2026-05-15 20:09:30,65.51,0,CEDI Medellín,Medellín,Servientrega,KMS85264605,17490,2026-05-15 00:39:30,Entregado,2026-05-15 20:09:30,True,0.0,2.7095949074074075,False
PED004430,10,10,2026-05-20 23:18:58,2026-05-22 16:47:20,41.480000000000004,0,CEDI Medellín,Medellín,TCC,KMS68709957,18900,2026-05-22 14:18:58,Entregado,2026-05-22 16:47:20,True,0.0,1.7280324074074074,True
PED004431,10,10,2026-02-21 10:57:21,2026-02-22 02:56:49,15.98,0,CEDI Bogotá,Bogotá D.C.,Servientrega,KMS69218331,11900,2026-02-22 19:57:21,Entregado,2026-02-22 02:56:49,True,1.0,0.6662962962962963,True
PED004432,10,10,2026-03-22 06:46:29,2026-03-23 15:20:07,32.56,0,CEDI Pereira,Pereira,Envia,KMS43310647,9900,2026-03-24 01:46:29,Entregado,2026-03-23 15:20:07,True,1.0,1.3566898148148148,True
PED004433,10,10,2026-06-19 08:47:54,2026-06-20 13:47:57,28.990000000000002,0,CEDI Medellín,Medellín,Coordinadora,KMS71217522,15900,2026-06-21 06:47:54,Entregado,2026-06-20 13:47:57,True,1.0,1.2083680555555556,True
PED004434,10,10,2026-02-17 04:49:12,2026-02-18 09:21:20,28.53,0,CEDI Bogotá,Bogotá D.C.,Coordinadora,KMS56360582,8900,2026-02-18 20:49:12,Entregado,2026-02-18 09:21:20,True,1.0,1.1889814814814814,True
PED004435,10,10,2026-02-14 19:27:22,2026-02-16 01:47:33,30.33,0,CEDI Bucaramanga,Bucaramanga,Inter Rapidísimo,KMS67963182,11900,2026-02-16 16:27:22,Entregado,2026-02-16 01:47:33,True,1.0,1.2640162037037037,True
PED004436,10,10,2026-06-03 06:11:04,2026-06-04 03:18:30,21.119999999999997,1,CEDI Bogotá,Bogotá D.C.,Inter Rapidísimo,KMS26112944,18900,2026-06-04 22:11:04,Entregado,2026-06-04 03:18:30,True,1.0,0.880162037037037,True
PED004437,10,10,2026-06-07 02:32:54,2026-06-09 18:16:40,63.74,0,CEDI Cali,Cali,Inter Rapidísimo,KMS80824234,8900,2026-06-08 19:32:54,Entregado,2026-06-09 18:16:40,True,0.0,2.6553935185185185,True
PED004438,10,10,2026-03-15 04:25:49,2026-03-16 13:12:17,32.77,0,CEDI Bogotá,Bogotá D.C.,Inter Rapidísimo,KMS45779594,15900,2026-03-16 20:25:49,Entregado,2026-03-16 13:12:17,True,1.0,1.3656018518518518,True
PED004439,10,10,2026-04-27 06:24:13,2026-04-28 18:14:43,35.839999999999996,0,CEDI Bucaramanga,Bucaramanga,Coordinadora,KMS79999964,9790,2026-04-29 10:24:13,Entregado,2026-04-28 18:14:43,True,1.0,1.4934027777777779,True
PED004440,10,10,2026-04-30 23:28:59,2026-05-02 18:33:05,43.07,0,CEDI Cali,Cali,Coordinadora,KMS67660064,18900,2026-05-02 23:28:59,Entregado,2026-05-02 18:33:05,True,1.0,1.794513888888889,True
PED004441,10,10,2026-06-02 18:35:34,2026-06-04 02:23:44,31.810000000000002,0,CEDI Medellín,Medellín,Inter Rapidísimo,KMS18877384,15900,2026-06-04 16:35:34,Entregado,2026-06-04 02:23:44,True,1.0,1.3251157407407408,True
PED004442,10,10,2026-06-30 10:34:40,2026-07-01 21:35:48,35.0,1,CEDI Bogotá,Bogotá D.C.,TCC,KMS35014060,9900,2026-07-02 02:34:40,Entregado,2026-07-01 21:35:48,True,1.0,1.4591203703703703,True
PED004443,10,10,2026-03-13 06:00:17,2026-03-15 09:10:00,51.16,0,CEDI Cali,Cali,TCC,KMS73302571,13900,2026-03-14 23:00:17,Entregado,2026-03-15 09:10:00,True,0.0,2.1317476851851853,True
PED004444,10,10,2026-05-18 06:24:17,2026-05-19 16:50:27,34.44,0,CEDI Bogotá,Bogotá D.C.,Coordinadora,KMS60956456,17490,2026-05-19 22:24:17,Entregado,2026-05-19 16:50:27,True,1.0,1.434837962962963,True
PED004445,10,10,2026-05-10 06:01:54,2026-05-12 14:25:47,56.41,0,CEDI Cali,Cali,Envia,KMS39117993,13900,2026-05-12 06:01:54,Entregado,2026-05-12 14:25:47,True,0.0,2.3499189814814816,True
PED004446,10,10,2026-06-07 02:43:02,2026-06-08 02:36:12,23.9,0,CEDI Cali,Cali,Envia,KMS87610125,17490,2026-06-08 19:43:02,Entregado,2026-06-08 02:36:12,True,1.0,0.9952546296296296,True
PED004447,10,10,2026-05-19 18:50:08,2026-05-20 19:05:09,24.24,0,CEDI Medellín,Medellín,Inter Rapidísimo,KMS27431013,8900,2026-05-21 16:50:08,Entregado,2026-05-20 19:05:09,True,1.0,1.0104282407407408,True
PED004448,10,10,2026-03-14 15:11:13,2026-03-16 00:18:51,33.13,0,CEDI Bucaramanga,Bucaramanga,Coordinadora,KMS85130760,13900,2026-03-16 19:11:13,Entregado,2026-03-16 00:18:51,True,1.0,1.380300925925926,True
PED004449,10,10,2026-04-25 13:37:39,2026-04-28 11:49:57,70.22,0,CEDI Bucaramanga,Bucaramanga,Inter Rapidísimo,KMS20298973,18900,2026-04-27 17:37:39,Entregado,2026-04-28 11:49:57,True,0.0,2.9252083333333334,True
PED004450,10,10,2026-01-19 12:02:05,2026-01-21 04:44:38,40.71,0,CEDI Pereira,Pereira,Envia,KMS77725890,9900,2026-01-21 14:02:05,Entregado,2026-01-21 04:44:38,True,1.0,1.6962152777777777,True
PED004451,10,10,2026-04-10 20:01:05,2026-04-13 10:06:18,62.08,0,CEDI Cali,Cali,Servientrega,KMS20322623,11900,2026-04-12 20:01:05,Entregado,2026-04-13 10:06:18,True,0.0,2.5869560185185185,True
PED004452,10,10,2026-01-02 04:24:34,2026-01-04 02:53:59,46.489999999999995,0,CEDI Bogotá,Bogotá D.C.,TCC,KMS72335234,9900,2026-01-03 13:24:34,Entregado,2026-01-04 02:53:59,True,0.0,1.9370949074074073,True
PED004453,10,10,2026-04-05 06:58:23,2026-04-07 05:57:24,47.010000000000005,0,CEDI Bogotá,Bogotá D.C.,Servientrega,KMS94766988,13900,2026-04-06 15:58:23,Entregado,2026-04-07 05:57:24,True,0.0,1.957650462962963,True
PED004454,10,10,2026-03-30 05:22:16,2026-03-30 20:51:28,15.48,0,CEDI Bogotá,Bogotá D.C.,Inter Rapidísimo,KMS83928736,18900,2026-03-31 14:22:16,Entregado,2026-03-30 20:51:28,True,1.0,0.6452777777777777,True
PED004455,10,10,2026-04-10 23:11:35,2026-04-12 04:29:40,29.310000000000002,0,CEDI Bogotá,Bogotá D.C.,Coordinadora,KMS41878739,20790,2026-04-12 15:11:35,Entregado,2026-04-12 04:29:40,True,1.0,1.2208912037037036,True
PED004456,10,10,2026-01-08 05:00:18,2026-01-09 11:31:28,30.52,0,CEDI Bucaramanga,Bucaramanga,Coordinadora,KMS41427128,9900,2026-01-10 09:00:18,Entregado,2026-01-09 11:31:28,True,1.0,1.2716435185185184,True
PED004457,10,10,2026-03-30 08:15:00,2026-04-01 04:32:54,44.3,0,CEDI Barranquilla,Barranquilla,Inter Rapidísimo,KMS76375690,11900,2026-04-01 18:15:00,Entregado,2026-04-01 04:32:54,True,1.0,1.845763888888889,True
PED004458,10,10,2026-05-08 12:05:17,2026-05-10 10:57:26,46.87,0,CEDI Bucaramanga,Bucaramanga,Inter Rapidísimo,KMS68167249,15900,2026-05-10 16:05:17,Entregado,2026-05-10 10:57:26,True,1.0,1.9528819444444445,True
PED004459,10,10,2026-03-31 15:20:25,2026-04-02 07:14:35,39.9,0,CEDI Cali,Cali,Envia,KMS49505380,13090,2026-04-02 15:20:25,Entregado,2026-04-02 07:14:35,True,1.0,1.6626157407407407,True
PED004460,10,10,2026-04-25 13:01:32,2026-04-27 17:45:17,52.730000000000004,0,CEDI Cali,Cali,Envia,KMS74886366,15290,2026-04-27 13:01:32,Entregado,2026-04-27 17:45:17,True,0.0,2.197048611111111,True
PED004461,10,10,2026-02-20 03:22:19,2026-02-22 05:11:35,49.82,0,CEDI Bogotá,Bogotá D.C.,Coordinadora,KMS15432961,18900,2026-02-21 19:22:19,Entregado,2026-02-22 05:11:35,True,0.0,2.07587962962963,True
PED004462,10,10,2026-02-02 12:49:56,2026-02-04 01:05:01,36.25,0,CEDI Barranquilla,Barranquilla,Inter Rapidísimo,KMS49804228,15900,2026-02-04 15:49:56,Entregado,2026-02-04 01:05:01,True,1.0,1.510474537037037,True
PED004463,10,10,2026-01-05 09:09:04,2026-01-06 13:33:10,28.41,0,CEDI Cali,Cali,Coordinadora,KMS34366041,15900,2026-01-07 09:09:04,Entregado,2026-01-06 13:33:10,True,1.0,1.1834027777777778,True
PED004464,10,10,2026-06-26 15:36:52,2026-06-28 17:23:15,49.78,0,CEDI Pereira,Pereira,Envia,KMS27009345,18900,2026-06-28 17:36:52,Entregado,2026-06-28 17:23:15,True,1.0,2.0738773148148146,True
PED004465,10,10,2026-04-08 13:39:35,2026-04-10 05:30:29,39.839999999999996,1,CEDI Cali,Cali,Envia,KMS16800981,15900,2026-04-10 13:39:35,Entregado,2026-04-10 05:30:29,True,1.0,1.6603472222222222,True
PED004466,10,10,2026-04-29 19:15:00,2026-05-01 23:54:22,52.65,0,CEDI Barranquilla,Barranquilla,Servientrega,KMS83380107,8900,2026-05-02 05:15:00,Entregado,2026-05-01 23:54:22,True,1.0,2.19400462962963,True
PED004467,10,10,2026-06-14 17:11:24,2026-06-15 18:17:50,25.11,0,CEDI Bogotá,Bogotá D.C.,Inter Rapidísimo,KMS31182759,18900,2026-06-16 09:11:24,Entregado,2026-06-15 18:17:50,True,1.0,1.0461342592592593,True
PED004468,9,9,2026-01-27 09:14:38,2026-01-29 23:03:39,58.480000000000004,0,CEDI Cali,Cali,Inter Rapidísimo,KMS59596156,20790,2026-01-29 09:14:38,Entregado,2026-01-29 23:03:39,True,0.0,2.5757060185185185,False
PED004469,10,10,2026-01-10 07:30:55,2026-01-12 20:36:15,61.06,1,CEDI Pereira,Pereira,Coordinadora,KMS38580577,9790,2026-01-12 09:30:55,Entregado,2026-01-12 20:36:15,True,0.0,2.5453703703703705,True
PED004470,10,10,2026-05-31 12:16:39,2026-06-02 01:03:07,36.77,0,CEDI Bogotá,Bogotá D.C.,TCC,KMS94868658,8900,2026-06-02 04:16:39,Entregado,2026-06-02 01:03:07,True,1.0,1.5322685185185185,True
PED004471,10,10,2026-02-23 15:30:40,2026-02-24 17:41:55,26.169999999999998,0,CEDI Bogotá,Bogotá D.C.,Coordinadora,KMS49417598,18900,2026-02-25 07:30:40,Entregado,2026-02-24 17:41:55,True,1.0,1.0911458333333333,True
PED004472,10,10,2026-03-19 13:37:29,2026-03-20 06:51:50,17.25,0,CEDI Bogotá,Bogotá D.C.,Envia,KMS82988063,10890,2026-03-20 22:37:29,Entregado,2026-03-20 06:51:50,True,1.0,0.7182986111111112,True
PED004473,10,10,2026-05-30 17:42:24,2026-05-31 10:38:09,16.92,0,CEDI Bogotá,Bogotá D.C.,Envia,KMS14772981,13900,2026-06-01 09:42:24,Entregado,2026-05-31 10:38:09,True,1.0,0.7053819444444445,True
PED004474,10,10,2026-04-07 11:27:47,2026-04-09 20:18:01,56.82,0,CEDI Barranquilla,Barranquilla,Envia,KMS67817733,10890,2026-04-09 21:27:47,Entregado,2026-04-09 20:18:01,True,1.0,2.368217592592593,True
PED004475,10,10,2026-04-01 17:15:29,2026-04-03 15:52:33,46.620000000000005,1,CEDI Barranquilla,Barranquilla,Inter Rapidísimo,KMS43323631,15900,2026-04-04 03:15:29,Entregado,2026-04-03 15:52:33,True,1.0,1.9424074074074074,True
PED004476,10,10,2026-01-21 05:38:10,2026-01-22 02:09:37,20.52,1,CEDI Bogotá,Bogotá D.C.,Servientrega,KMS98219007,8900,2026-01-22 14:38:10,Entregado,2026-01-22 02:09:37,True,1.0,0.8551736111111111,True
PED004477,10,10,2026-02-15 16:08:25,2026-02-17 01:15:52,33.13,0,CEDI Bucaramanga,Bucaramanga,Coordinadora,KMS41411137,18900,2026-02-17 20:08:25,Entregado,2026-02-17 01:15:52,True,1.0,1.3801736111111111,True
PED004478,10,10,2026-04-28 19:20:16,2026-04-30 09:28:21,38.11,0,CEDI Cali,Cali,Envia,KMS68613162,18900,2026-04-30 12:20:16,Entregado,2026-04-30 09:28:21,True,1.0,1.5889467592592592,True
PED004479,10,10,2026-04-08 01:13:37,2026-04-10 10:58:38,57.75,0,CEDI Bucaramanga,Bucaramanga,Inter Rapidísimo,KMS62983982,13900,2026-04-09 22:13:37,Entregado,2026-04-10 10:58:38,True,0.0,2.4062615740740743,True
PED004480,10,10,2026-02-01 12:38:12,2026-02-02 17:55:17,29.29,0,CEDI Medellín,Medellín,Inter Rapidísimo,KMS66721467,11900,2026-02-03 10:38:12,Entregado,2026-02-02 17:55:17,True,1.0,1.2201967592592593,True
PED004481,10,10,2026-04-23 03:53:31,2026-04-24 15:56:33,36.05,0,CEDI Barranquilla,Barranquilla,Envia,KMS32751104,18900,2026-04-25 06:53:31,Entregado,2026-04-24 15:56:33,True,1.0,1.5021064814814815,True
PED004482,10,10,2026-06-15 09:40:13,2026-06-17 00:59:23,39.32,0,CEDI Barranquilla,Barranquilla,Envia,KMS65633038,15290,2026-06-17 19:40:13,Entregado,2026-06-17 00:59:23,True,1.0,1.6383101851851851,True
PED004483,10,10,2026-04-04 03:27:54,2026-04-05 21:51:09,42.379999999999995,0,CEDI Barranquilla,Barranquilla,TCC,KMS80459816,11900,2026-04-06 13:27:54,Entregado,2026-04-05 21:51:09,True,1.0,1.7661458333333333,True
PED004484,10,10,2026-04-20 18:02:05,2026-04-22 18:49:37,48.78,0,CEDI Bucaramanga,Bucaramanga,Coordinadora,KMS75501607,11900,2026-04-22 15:02:05,Entregado,2026-04-22 18:49:37,True,0.0,2.0330092592592592,True
PED004485,10,10,2026-05-19 09:12:17,2026-05-20 03:28:56,18.27,1,CEDI Bogotá,Bogotá D.C.,TCC,KMS24394853,9900,2026-05-21 01:12:17,Entregado,2026-05-20 03:28:56,True,1.0,0.7615625,True
PED004486,10,10,2026-05-19 10:54:13,2026-05-21 05:32:13,42.629999999999995,0,CEDI Pereira,Pereira,Envia,KMS18325192,18900,2026-05-21 12:54:13,Entregado,2026-05-21 05:32:13,True,1.0,1.7763888888888888,True
PED004487,10,10,2026-02-09 16:08:25,2026-02-10 18:59:42,26.86,0,CEDI Bogotá,Bogotá D.C.,Coordinadora,KMS61244245,11900,2026-02-11 08:08:25,Entregado,2026-02-10 18:59:42,True,1.0,1.1189467592592592,True
PED004488,10,10,2026-06-07 23:00:14,2026-06-09 19:21:26,44.36,0,CEDI Bucaramanga,Bucaramanga,Inter Rapidísimo,KMS68827776,13090,2026-06-10 03:00:14,Entregado,2026-06-09 19:21:26,True,1.0,1.8480555555555556,True
PED004489,10,10,2026-02-07 22:13:37,2026-02-09 02:45:53,28.52,0,CEDI Barranquilla,Barranquilla,TCC,KMS13291817,18900,2026-02-10 08:13:37,Entregado,2026-02-09 02:45:53,True,1.0,1.1890740740740742,True
PED004490,10,10,2026-02-24 19:08:41,2026-02-25 15:26:07,20.310000000000002,0,CEDI Bogotá,Bogotá D.C.,Coordinadora,KMS21662620,18900,2026-02-26 11:08:41,Entregado,2026-02-25 15:26:07,True,1.0,0.8454398148148148,True
PED004491,10,10,2026-06-03 01:27:06,2026-06-04 14:32:39,37.09,1,CEDI Cali,Cali,TCC,KMS31433771,18900,2026-06-05 01:27:06,Entregado,2026-06-04 14:32:39,True,1.0,1.5455208333333332,True
PED004492,10,10,2026-04-26 07:43:18,2026-04-27 07:06:48,23.39,1,CEDI Bogotá,Bogotá D.C.,Envia,KMS88620916,15290,2026-04-27 23:43:18,Entregado,2026-04-27 07:06:48,True,1.0,0.9746527777777778,True
PED004493,10,10,2026-02-15 23:42:44,2026-02-16 16:18:22,16.599999999999998,0,CEDI Medellín,Medellín,Inter Rapidísimo,KMS39205629,8900,2026-02-17 21:42:44,Entregado,2026-02-16 16:18:22,True,1.0,0.691412037037037,True
PED004494,10,10,2026-06-29 17:47:01,2026-07-01 16:06:02,46.33,1,CEDI Cali,Cali,Servientrega,KMS39313501,13090,2026-07-01 17:47:01,Entregado,2026-07-01 16:06:02,True,1.0,1.9298726851851853,True
PED004495,10,10,2026-01-02 22:44:36,2026-01-04 01:51:44,27.12,0,CEDI Medellín,Medellín,Envia,KMS43527576,10890,2026-01-04 20:44:36,Entregado,2026-01-04 01:51:44,True,1.0,1.1299537037037037,True
PED004496,10,10,2026-03-10 11:44:45,2026-03-11 19:12:14,31.46,0,CEDI Bogotá,Bogotá D.C.,Envia,KMS92281587,18900,2026-03-12 03:44:45,Entregado,2026-03-11 19:12:14,True,1.0,1.3107523148148148,True
PED004497,10,10,2026-03-07 14:29:41,2026-03-09 11:40:12,45.17,0,CEDI Pereira,Pereira,Coordinadora,KMS77762333,11900,2026-03-09 16:29:41,Entregado,2026-03-09 11:40:12,True,1.0,1.8823032407407407,True
PED004498,10,10,2026-04-12 23:54:25,2026-04-14 07:53:42,31.979999999999997,0,CEDI Pereira,Pereira,Coordinadora,KMS85362256,15900,2026-04-15 01:54:25,Entregado,2026-04-14 07:53:42,True,1.0,1.3328356481481483,True
PED004499,10,10,2026-03-10 06:17:34,2026-03-12 10:13:00,51.92,0,CEDI Medellín,Medellín,Coordinadora,KMS93595181,18900,2026-03-12 04:17:34,Entregado,2026-03-12 10:13:00,True,0.0,2.1634953703703705,True
PED004500,10,10,2026-05-26 08:11:01,2026-05-27 16:13:34,32.050000000000004,0,CEDI Barranquilla,Barranquilla,Coordinadora,KMS58323588,8900,2026-05-28 11:11:01,Entregado,2026-05-27 16:13:34,True,1.0,1.3351041666666668,True
PED004501,10,10,2026-05-21 04:12:35,2026-05-22 09:59:06,29.79,0,CEDI Bucaramanga,Bucaramanga,Envia,KMS61733174,18900,2026-05-23 08:12:35,Entregado,2026-05-22 09:59:06,True,1.0,1.2406365740740741,True
PED004502,10,10,2026-04-12 00:52:37,2026-04-13 13:43:11,36.84,0,CEDI Medellín,Medellín,Coordinadora,KMS98502892,9790,2026-04-13 22:52:37,Entregado,2026-04-13 13:43:11,True,1.0,1.5351157407407408,True
PED004503,10,10,2026-03-30 03:29:33,2026-03-31 17:20:00,37.83,0,CEDI Bogotá,Bogotá D.C.,Envia,KMS57870394,15900,2026-03-31 19:29:33,Entregado,2026-03-31 17:20:00,True,1.0,1.576701388888889,True
PED004504,9,9,2026-04-17 10:25:29,2026-04-18 07:15:37,20.400000000000002,1,CEDI Bogotá,Bogotá D.C.,Coordinadora,KMS18745302,8900,2026-04-19 02:25:29,Entregado,2026-04-18 07:15:37,True,1.0,0.8681481481481481,False
PED004505,10,10,2026-01-04 06:05:59,2026-01-05 03:25:52,21.34,0,CEDI Bogotá,Bogotá D.C.,Envia,KMS60263363,13900,2026-01-05 15:05:59,Entregado,2026-01-05 03:25:52,True,1.0,0.8888078703703703,True
PED004506,10,10,2026-03-08 12:54:28,2026-03-10 06:57:46,42.05,0,CEDI Bogotá,Bogotá D.C.,TCC,KMS84838886,15900,2026-03-10 04:54:28,Entregado,2026-03-10 06:57:46,True,0.0,1.7522916666666666,True
PED004507,10,10,2026-02-27 16:01:26,2026-03-02 01:27:28,57.42,0,CEDI Medellín,Medellín,Envia,KMS35983135,13900,2026-03-01 14:01:26,Entregado,2026-03-02 01:27:28,True,0.0,2.393078703703704,True
PED004508,10,10,2026-03-21 19:53:28,2026-03-22 22:02:40,26.15,0,CEDI Bogotá,Bogotá D.C.,Envia,KMS47450779,9900,2026-03-23 04:53:28,Entregado,2026-03-22 22:02:40,True,1.0,1.0897222222222223,True
PED004509,10,10,2026-03-08 09:23:40,2026-03-09 12:02:44,26.65,0,CEDI Medellín,Medellín,TCC,KMS81015042,9900,2026-03-10 07:23:40,Entregado,2026-03-09 12:02:44,True,1.0,1.110462962962963,True
PED004510,10,10,2026-01-28 00:56:31,2026-01-29 04:57:37,28.02,0,CEDI Bogotá,Bogotá D.C.,Servientrega,KMS35926417,18900,2026-01-29 16:56:31,Entregado,2026-01-29 04:57:37,True,1.0,1.1674305555555555,True
PED004511,10,10,2026-02-26 00:15:46,2026-02-26 12:15:07,12.0,1,CEDI Medellín,Medellín,Inter Rapidísimo,KMS15525147,18900,2026-02-27 15:15:46,Entregado,2026-02-26 12:15:07,True,1.0,0.4995486111111111,True
PED004512,10,10,2026-05-13 08:58:59,2026-05-14 10:59:27,26.009999999999998,0,CEDI Bogotá,Bogotá D.C.,Servientrega,KMS98187291,15900,2026-05-15 00:58:59,Entregado,2026-05-14 10:59:27,True,1.0,1.0836574074074075,True
PED004513,10,10,2026-04-15 15:58:15,2026-04-17 05:20:45,37.379999999999995,0,CEDI Bucaramanga,Bucaramanga,Envia,KMS89127587,11900,2026-04-17 19:58:15,Entregado,2026-04-17 05:20:45,True,1.0,1.5572916666666667,True
PED004514,10,10,2026-06-26 17:07:21,2026-06-28 04:37:16,35.5,0,CEDI Bogotá,Bogotá D.C.,Inter Rapidísimo,KMS12962306,18900,2026-06-28 09:07:21,Entregado,2026-06-28 04:37:16,True,1.0,1.4791087962962963,True
PED004515,10,10,2026-03-01 06:27:11,2026-03-03 22:16:58,63.83,0,CEDI Medellín,Medellín,Inter Rapidísimo,KMS62977618,13900,2026-03-03 04:27:11,Entregado,2026-03-03 22:16:58,True,0.0,2.659571759259259,True
PED004516,10,10,2026-03-25 11:06:29,2026-03-26 19:10:27,32.06,0,CEDI Medellín,Medellín,Coordinadora,KMS66229890,11900,2026-03-27 09:06:29,Entregado,2026-03-26 19:10:27,True,1.0,1.336087962962963,True
PED004517,10,10,2026-04-21 03:39:22,2026-04-22 14:38:21,34.96,1,CEDI Bogotá,Bogotá D.C.,Envia,KMS18223319,9790,2026-04-22 19:39:22,Entregado,2026-04-22 14:38:21,True,1.0,1.457627314814815,True
PED004518,10,10,2026-02-21 03:15:17,2026-02-21 16:54:10,13.64,0,CEDI Bogotá,Bogotá D.C.,Inter Rapidísimo,KMS31605174,15900,2026-02-22 12:15:17,Entregado,2026-02-21 16:54:10,True,1.0,0.5686689814814815,True
PED004519,10,10,2026-01-02 22:00:01,2026-01-04 07:14:31,33.25,0,CEDI Pereira,Pereira,Envia,KMS39128349,9790,2026-01-04 17:00:01,Entregado,2026-01-04 07:14:31,True,1.0,1.3850694444444445,True
PED004520,10,10,2026-04-05 22:50:42,2026-04-07 01:58:30,27.13,0,CEDI Medellín,Medellín,Envia,KMS84929443,11900,2026-04-07 13:50:42,Entregado,2026-04-07 01:58:30,True,1.0,1.1304166666666666,True
PED004521,10,10,2026-06-25 14:15:43,2026-06-27 06:35:39,40.32,0,CEDI Cali,Cali,Inter Rapidísimo,KMS22243976,8900,2026-06-27 14:15:43,Entregado,2026-06-27 06:35:39,True,1.0,1.6805092592592592,True
PED004522,10,10,2026-03-03 20:00:10,2026-03-05 07:30:57,35.52,0,CEDI Cali,Cali,Inter Rapidísimo,KMS98169548,8900,2026-03-05 20:00:10,Entregado,2026-03-05 07:30:57,True,1.0,1.4797106481481481,True
PED004523,9,9,2026-01-20 00:33:20,2026-01-21 08:42:32,30.22,0,CEDI Cali,Cali,Coordinadora,KMS42812136,9900,2026-01-22 00:33:20,Entregado,2026-01-21 08:42:32,True,1.0,1.3397222222222223,False
PED004524,10,10,2026-05-25 11:55:54,2026-05-27 18:19:13,54.39,0,CEDI Bogotá,Bogotá D.C.,Servientrega,KMS44297806,9900,2026-05-27 03:55:54,Entregado,2026-05-27 18:19:13,True,0.0,2.2661921296296295,True
PED004525,10,10,2026-05-01 04:04:29,2026-05-02 15:20:32,35.27,0,CEDI Bucaramanga,Bucaramanga,Inter Rapidísimo,KMS42398182,13900,2026-05-03 08:04:29,Entregado,2026-05-02 15:20:32,True,1.0,1.4694791666666667,True
PED004526,9,9,2026-01-21 23:35:57,2026-01-23 03:15:10,20.46,0,CEDI Bogotá,Bogotá D.C.,Inter Rapidísimo,KMS76573764,11900,2026-01-23 15:35:57,Entregado,2026-01-23 03:15:10,True,1.0,1.1522337962962963,False
PED004527,10,10,2026-06-19 16:52:55,2026-06-20 02:52:54,9.99,0,CEDI Bogotá,Bogotá D.C.,Servientrega,KMS16438332,17490,2026-06-21 01:52:55,Entregado,2026-06-20 02:52:54,True,1.0,0.4166550925925926,True
PED004528,10,10,2026-01-20 21:39:38,2026-01-22 12:36:03,38.95,0,CEDI Cali,Cali,Coordinadora,KMS99917842,18900,2026-01-22 21:39:38,Entregado,2026-01-22 12:36:03,True,1.0,1.622511574074074,True
PED004529,10,10,2026-02-15 08:10:01,2026-02-16 02:25:32,18.25,0,CEDI Bogotá,Bogotá D.C.,Coordinadora,KMS74573674,15900,2026-02-16 17:10:01,Entregado,2026-02-16 02:25:32,True,1.0,0.760775462962963,True
PED004530,10,10,2026-03-05 15:04:03,2026-03-07 10:21:07,43.29,0,CEDI Bogotá,Bogotá D.C.,Envia,KMS35392621,9900,2026-03-07 07:04:03,Entregado,2026-03-07 10:21:07,True,0.0,1.8035185185185185,True
PED004531,10,10,2026-04-24 10:54:24,2026-04-25 22:37:39,35.72,0,CEDI Bogotá,Bogotá D.C.,TCC,KMS99981833,9900,2026-04-26 02:54:24,Entregado,2026-04-25 22:37:39,True,1.0,1.4883680555555556,True
PED004532,10,10,2026-06-04 02:36:48,2026-06-06 01:05:34,46.47,0,CEDI Cali,Cali,Inter Rapidísimo,KMS86889863,13900,2026-06-06 02:36:48,Entregado,2026-06-06 01:05:34,True,1.0,1.9366435185185185,True
PED004533,10,10,2026-06-01 00:45:07,2026-06-02 02:53:53,26.15,0,CEDI Bogotá,Bogotá D.C.,Envia,KMS98887487,11900,2026-06-02 09:45:07,Entregado,2026-06-02 02:53:53,True,1.0,1.0894212962962964,True
PED004534,10,10,2026-01-03 18:33:03,2026-01-04 19:55:02,25.37,1,CEDI Medellín,Medellín,Inter Rapidísimo,KMS69692667,11900,2026-01-05 16:33:03,Entregado,2026-01-04 19:55:02,True,1.0,1.0569328703703704,True
PED004535,10,10,2026-06-15 23:42:15,2026-06-17 15:21:37,39.660000000000004,0,CEDI Barranquilla,Barranquilla,TCC,KMS51475054,9900,2026-06-18 02:42:15,Entregado,2026-06-17 15:21:37,True,1.0,1.6523379629629629,True
PED004536,10,10,2026-02-23 04:53:18,2026-02-23 18:01:23,13.14,0,CEDI Bogotá,Bogotá D.C.,Coordinadora,KMS25682701,9790,2026-02-24 13:53:18,Entregado,2026-02-23 18:01:23,True,1.0,0.5472800925925926,True
PED004537,10,10,2026-05-22 09:19:22,2026-05-23 23:31:00,38.19,0,CEDI Bucaramanga,Bucaramanga,Inter Rapidísimo,KMS58403144,15290,2026-05-24 13:19:22,Entregado,2026-05-23 23:31:00,True,1.0,1.591412037037037,True
PED004538,10,10,2026-03-24 18:04:41,2026-03-26 06:42:11,36.620000000000005,0,CEDI Bucaramanga,Bucaramanga,TCC,KMS86306629,8900,2026-03-26 22:04:41,Entregado,2026-03-26 06:42:11,True,1.0,1.5260416666666667,True
PED004539,10,10,2026-04-15 09:28:27,2026-04-17 06:10:09,44.69,1,CEDI Bucaramanga,Bucaramanga,Inter Rapidísimo,KMS35830171,13900,2026-04-17 13:28:27,Entregado,2026-04-17 06:10:09,True,1.0,1.8622916666666667,True
PED004540,10,10,2026-03-22 19:13:49,2026-03-23 21:49:08,26.59,1,CEDI Bogotá,Bogotá D.C.,Inter Rapidísimo,KMS99999033,9900,2026-03-24 04:13:49,Entregado,2026-03-23 21:49:08,True,1.0,1.1078587962962962,True
PED004541,10,10,2026-01-21 12:44:37,2026-01-23 01:15:04,36.52,0,CEDI Medellín,Medellín,Inter Rapidísimo,KMS14182333,13900,2026-01-23 03:44:37,Entregado,2026-01-23 01:15:04,True,1.0,1.5211458333333334,True
PED004542,10,10,2026-02-26 15:21:42,2026-02-28 01:04:01,33.72,0,CEDI Bucaramanga,Bucaramanga,Envia,KMS22029661,11900,2026-02-28 12:21:42,Entregado,2026-02-28 01:04:01,True,1.0,1.404386574074074,True
PED004543,10,10,2026-04-12 17:26:44,2026-04-14 07:07:47,37.69,0,CEDI Pereira,Pereira,Coordinadora,KMS29489877,18900,2026-04-14 19:26:44,Entregado,2026-04-14 07:07:47,True,1.0,1.570173611111111,True
PED004544,10,10,2026-05-25 05:25:20,2026-05-26 20:58:35,39.57,0,CEDI Medellín,Medellín,Servientrega,KMS88069913,20790,2026-05-27 03:25:20,Entregado,2026-05-26 20:58:35,True,1.0,1.6480902777777777,True
PED004545,10,10,2026-03-01 22:10:46,2026-03-02 23:04:22,24.88,0,CEDI Medellín,Medellín,TCC,KMS13708742,15900,2026-03-03 13:10:46,Entregado,2026-03-02 23:04:22,True,1.0,1.0372222222222223,True
PED004546,10,10,2026-05-02 18:23:49,2026-05-04 22:12:53,51.82,0,CEDI Bogotá,Bogotá D.C.,Inter Rapidísimo,KMS84371433,11900,2026-05-04 10:23:49,Entregado,2026-05-04 22:12:53,True,0.0,2.159074074074074,True
PED004547,10,10,2026-01-04 20:17:00,2026-01-06 07:45:01,35.47,0,CEDI Bogotá,Bogotá D.C.,Coordinadora,KMS37297338,9900,2026-01-06 12:17:00,Entregado,2026-01-06 07:45:01,True,1.0,1.477789351851852,True
PED004548,10,10,2026-01-08 06:35:22,2026-01-09 19:45:56,37.18,0,CEDI Bucaramanga,Bucaramanga,Coordinadora,KMS54113689,11900,2026-01-10 10:35:22,Entregado,2026-01-09 19:45:56,True,1.0,1.5490046296296296,True
PED004549,10,10,2026-03-24 01:53:14,2026-03-25 21:37:49,43.739999999999995,0,CEDI Bucaramanga,Bucaramanga,TCC,KMS95969160,15900,2026-03-26 05:53:14,Entregado,2026-03-25 21:37:49,True,1.0,1.8226273148148149,True
PED004550,10,10,2026-01-14 20:58:00,2026-01-16 07:25:58,34.47,0,CEDI Bogotá,Bogotá D.C.,Envia,KMS90834103,13900,2026-01-16 12:58:00,Entregado,2026-01-16 07:25:58,True,1.0,1.436087962962963,True
PED004551,10,10,2026-05-17 23:47:55,2026-05-19 12:16:54,36.48,0,CEDI Cali,Cali,Servientrega,KMS12856807,13900,2026-05-19 23:47:55,Entregado,2026-05-19 12:16:54,True,1.0,1.520127314814815,True
PED004552,10,10,2026-03-03 16:48:37,2026-03-05 13:29:27,44.68,0,CEDI Barranquilla,Barranquilla,Inter Rapidísimo,KMS82702870,13900,2026-03-06 02:48:37,Entregado,2026-03-05 13:29:27,True,1.0,1.8616898148148149,True
PED004553,10,10,2026-03-29 00:09:23,2026-03-31 15:57:44,63.8,0,CEDI Cali,Cali,TCC,KMS44121068,9900,2026-03-31 00:09:23,Entregado,2026-03-31 15:57:44,True,0.0,2.6585763888888887,True
PED004554,10,10,2026-04-20 04:37:38,2026-04-22 06:11:28,49.56,1,CEDI Barranquilla,Barranquilla,Servientrega,KMS38851280,13090,2026-04-22 14:37:38,Entregado,2026-04-22 06:11:28,True,1.0,2.065162037037037,True
PED004555,9,9,2026-06-14 16:06:31,2026-06-15 16:22:45,21.24,0,CEDI Bogotá,Bogotá D.C.,Envia,KMS59307404,18900,2026-06-16 08:06:31,Entregado,2026-06-15 16:22:45,True,1.0,1.011273148148148,False
PED004556,10,10,2026-02-19 12:28:07,2026-02-22 03:49:48,63.37,0,CEDI Bogotá,Bogotá D.C.,Inter Rapidísimo,KMS82675693,11900,2026-02-21 04:28:07,Entregado,2026-02-22 03:49:48,True,0.0,2.6400578703703705,True
PED004557,10,10,2026-01-22 19:04:49,2026-01-25 00:52:27,53.79,0,CEDI Barranquilla,Barranquilla,Envia,KMS60043926,9900,2026-01-25 05:04:49,Entregado,2026-01-25 00:52:27,True,1.0,2.241412037037037,True
PED004558,9,9,2026-03-22 16:34:47,2026-03-23 17:18:13,24.73,0,CEDI Bogotá,Bogotá D.C.,Servientrega,KMS68340821,9900,2026-03-24 08:34:47,En ruta de entrega,,False,,,False
PED004559,10,10,2026-01-01 10:11:25,2026-01-03 02:33:24,40.36,0,CEDI Cali,Cali,Inter Rapidísimo,KMS25228113,20790,2026-01-03 10:11:25,Entregado,2026-01-03 02:33:24,True,1.0,1.6819328703703704,True
PED004560,10,10,2026-04-16 23:39:03,2026-04-18 23:14:50,47.59,0,CEDI Bucaramanga,Bucaramanga,Coordinadora,KMS51851334,18900,2026-04-18 20:39:03,Entregado,2026-04-18 23:14:50,True,0.0,1.9831828703703704,True
PED004561,10,10,2026-01-12 14:52:17,2026-01-15 00:20:56,57.47,1,CEDI Bogotá,Bogotá D.C.,TCC,KMS62722161,15900,2026-01-14 06:52:17,Entregado,2026-01-15 00:20:56,True,0.0,2.3948958333333334,True
PED004562,10,10,2026-04-22 16:06:03,2026-04-24 18:50:02,50.730000000000004,0,CEDI Medellín,Medellín,Envia,KMS67724429,13900,2026-04-24 14:06:03,Entregado,2026-04-24 18:50:02,True,0.0,2.1138773148148147,True
PED004563,10,10,2026-04-27 20:06:11,2026-04-29 11:41:11,39.58,0,CEDI Medellín,Medellín,TCC,KMS46801981,15900,2026-04-29 18:06:11,Entregado,2026-04-29 11:41:11,True,1.0,1.6493055555555556,True
PED004564,10,10,2026-04-09 19:44:23,2026-04-10 21:30:18,25.77,0,CEDI Bogotá,Bogotá D.C.,TCC,KMS53942655,9790,2026-04-11 11:44:23,Entregado,2026-04-10 21:30:18,True,1.0,1.0735532407407407,True
PED004565,10,10,2026-03-26 20:01:55,2026-03-28 03:12:06,31.16,0,CEDI Bogotá,Bogotá D.C.,Coordinadora,KMS37281305,15900,2026-03-28 12:01:55,Entregado,2026-03-28 03:12:06,True,1.0,1.298738425925926,True
PED004566,10,10,2026-05-01 18:18:32,2026-05-03 18:19:47,48.02,1,CEDI Medellín,Medellín,Envia,KMS91440180,15900,2026-05-03 16:18:32,Entregado,2026-05-03 18:19:47,True,0.0,2.0008680555555554,True
PED004567,10,10,2026-03-03 10:44:15,2026-03-04 15:11:58,28.47,0,CEDI Pereira,Pereira,Servientrega,KMS92371152,20790,2026-03-05 12:44:15,Entregado,2026-03-04 15:11:58,True,1.0,1.1859143518518518,True
PED004568,10,10,2026-01-01 21:56:50,2026-01-03 12:44:02,38.79,1,CEDI Barranquilla,Barranquilla,Envia,KMS13951267,15900,2026-01-04 07:56:50,Entregado,2026-01-03 12:44:02,True,1.0,1.616111111111111,True
PED004569,10,10,2026-03-19 00:56:33,2026-03-20 04:57:56,28.03,0,CEDI Cali,Cali,Servientrega,KMS48717340,17490,2026-03-20 17:56:33,Entregado,2026-03-20 04:57:56,True,1.0,1.1676273148148149,True
PED004570,10,10,2026-04-10 07:40:47,2026-04-11 14:58:25,31.29,1,CEDI Cali,Cali,TCC,KMS59514855,15290,2026-04-12 07:40:47,Entregado,2026-04-11 14:58:25,True,1.0,1.303912037037037,True
PED004571,10,10,2026-03-25 04:48:56,2026-03-26 05:27:25,24.64,0,CEDI Bogotá,Bogotá D.C.,Coordinadora,KMS98256715,11900,2026-03-26 13:48:56,Entregado,2026-03-26 05:27:25,True,1.0,1.026724537037037,True
PED004572,10,10,2026-02-16 09:10:51,2026-02-17 14:07:07,28.94,0,CEDI Bogotá,Bogotá D.C.,Inter Rapidísimo,KMS57905773,18900,2026-02-18 01:10:51,Entregado,2026-02-17 14:07:07,True,1.0,1.2057407407407408,True
PED004573,10,10,2026-06-04 18:59:11,2026-06-06 02:10:24,31.189999999999998,0,CEDI Bucaramanga,Bucaramanga,Coordinadora,KMS36094307,20790,2026-06-06 22:59:11,Entregado,2026-06-06 02:10:24,True,1.0,1.2994560185185184,True
PED004574,10,10,2026-06-15 13:13:19,2026-06-17 00:37:48,35.4,0,CEDI Bogotá,Bogotá D.C.,Coordinadora,KMS73841386,18900,2026-06-17 05:13:19,Entregado,2026-06-17 00:37:48,True,1.0,1.475335648148148,True
PED004575,10,10,2026-04-22 04:21:11,2026-04-22 18:10:58,13.82,0,CEDI Medellín,Medellín,Coordinadora,KMS22036221,18900,2026-04-23 19:21:11,Entregado,2026-04-22 18:10:58,True,1.0,0.5762384259259259,True
PED004576,10,10,2026-06-30 12:06:40,2026-07-02 23:20:36,59.230000000000004,0,CEDI Bogotá,Bogotá D.C.,Inter Rapidísimo,KMS72335138,15290,2026-07-02 04:06:40,Entregado,2026-07-02 23:20:36,True,0.0,2.4680092592592593,True
PED004577,10,10,2026-03-30 14:38:31,2026-04-01 03:15:33,36.61,0,CEDI Medellín,Medellín,Inter Rapidísimo,KMS40633356,18900,2026-04-01 12:38:31,Entregado,2026-04-01 03:15:33,True,1.0,1.5257175925925925,True
PED004578,10,10,2026-01-29 16:55:53,2026-01-30 07:14:00,14.31,0,CEDI Cali,Cali,Inter Rapidísimo,KMS87084141,9900,2026-01-31 09:55:53,Entregado,2026-01-30 07:14:00,True,1.0,0.5959143518518518,True
PED004579,10,10,2026-03-19 06:37:26,2026-03-20 02:39:34,20.03,0,CEDI Bogotá,Bogotá D.C.,Servientrega,KMS37100019,11900,2026-03-20 22:37:26,Entregado,2026-03-20 02:39:34,True,1.0,0.8348148148148148,True
PED004580,10,10,2026-03-08 19:00:20,2026-03-10 05:32:24,34.53,0,CEDI Medellín,Medellín,Coordinadora,KMS76020463,9790,2026-03-10 17:00:20,Entregado,2026-03-10 05:32:24,True,1.0,1.4389351851851853,True
PED004581,10,10,2026-04-29 17:25:49,2026-04-30 20:13:59,26.79,0,CEDI Bogotá,Bogotá D.C.,Inter Rapidísimo,KMS61719724,17490,2026-05-01 02:25:49,Entregado,2026-04-30 20:13:59,True,1.0,1.1167824074074073,True
PED004582,10,10,2026-02-06 08:28:28,2026-02-07 10:08:50,25.66,0,CEDI Bogotá,Bogotá D.C.,Servientrega,KMS81969437,17490,2026-02-08 00:28:28,Entregado,2026-02-07 10:08:50,True,1.0,1.0696990740740742,True
PED004583,10,10,2026-02-07 15:54:34,2026-02-08 08:54:27,16.990000000000002,0,CEDI Bogotá,Bogotá D.C.,Inter Rapidísimo,KMS59625998,18900,2026-02-09 07:54:34,Entregado,2026-02-08 08:54:27,True,1.0,0.7082523148148148,True
PED004584,10,10,2026-05-26 07:32:37,2026-05-28 00:22:22,40.84,0,CEDI Bucaramanga,Bucaramanga,Envia,KMS24758971,10890,2026-05-28 11:32:37,Entregado,2026-05-28 00:22:22,True,1.0,1.7012152777777778,True
PED004585,10,10,2026-05-08 12:14:04,2026-05-10 15:24:20,51.18,0,CEDI Bogotá,Bogotá D.C.,Coordinadora,KMS13198551,11900,2026-05-10 04:14:04,Entregado,2026-05-10 15:24:20,True,0.0,2.1321296296296297,True
PED004586,10,10,2026-04-01 19:13:52,2026-04-02 21:45:18,26.53,1,CEDI Cali,Cali,Servientrega,KMS64554872,20790,2026-04-03 12:13:52,Entregado,2026-04-02 21:45:18,True,1.0,1.105162037037037,True
PED004587,10,10,2026-02-17 07:41:39,2026-02-19 04:09:35,44.46,0,CEDI Pereira,Pereira,Servientrega,KMS59631577,20790,2026-02-19 09:41:39,Entregado,2026-02-19 04:09:35,True,1.0,1.8527314814814815,True
PED004588,10,10,2026-05-17 22:31:53,2026-05-19 11:45:56,37.25,0,CEDI Medellín,Medellín,Envia,KMS74566270,18900,2026-05-19 20:31:53,Entregado,2026-05-19 11:45:56,True,1.0,1.551423611111111,True
PED004589,10,10,2026-03-07 19:51:59,2026-03-09 08:15:10,36.379999999999995,0,CEDI Medellín,Medellín,Coordinadora,KMS92766098,15900,2026-03-09 10:51:59,Entregado,2026-03-09 08:15:10,True,1.0,1.516099537037037,True
PED004590,10,10,2026-04-09 23:43:06,2026-04-11 07:26:22,31.71,0,CEDI Cali,Cali,TCC,KMS63859599,17490,2026-04-11 23:43:06,Entregado,2026-04-11 07:26:22,True,1.0,1.321712962962963,True
PED004591,10,10,2026-06-03 10:25:21,2026-06-04 08:30:41,22.09,0,CEDI Pereira,Pereira,TCC,KMS82882936,13900,2026-06-05 05:25:21,Entregado,2026-06-04 08:30:41,True,1.0,0.9203703703703704,True
PED004592,10,10,2026-03-30 07:20:49,2026-04-01 00:25:19,41.07,0,CEDI Barranquilla,Barranquilla,Inter Rapidísimo,KMS42631377,13900,2026-04-01 17:20:49,Entregado,2026-04-01 00:25:19,True,1.0,1.7114583333333333,True
PED004593,10,10,2026-03-06 17:01:02,2026-03-08 11:40:55,42.67,0,CEDI Bogotá,Bogotá D.C.,TCC,KMS88662282,11900,2026-03-08 09:01:02,Entregado,2026-03-08 11:40:55,True,0.0,1.7776967592592592,True
PED004594,10,10,2026-05-15 09:47:52,2026-05-16 05:21:53,19.57,0,CEDI Bogotá,Bogotá D.C.,Servientrega,KMS50977144,20790,2026-05-17 01:47:52,Entregado,2026-05-16 05:21:53,True,1.0,0.8152893518518518,True
PED004595,10,10,2026-01-04 23:16:08,2026-01-06 19:18:58,44.05,0,CEDI Bogotá,Bogotá D.C.,Inter Rapidísimo,KMS70742032,13090,2026-01-06 08:16:08,Entregado,2026-01-06 19:18:58,True,0.0,1.8353009259259259,True
PED004596,10,10,2026-02-26 08:33:26,2026-03-01 07:50:16,71.28,0,CEDI Pereira,Pereira,Inter Rapidísimo,KMS56960711,8900,2026-02-28 10:33:26,Entregado,2026-03-01 07:50:16,True,0.0,2.9700231481481483,True
PED004597,10,10,2026-03-13 03:49:48,2026-03-15 01:56:11,46.09,0,CEDI Medellín,Medellín,Inter Rapidísimo,KMS59644250,13900,2026-03-15 01:49:48,Entregado,2026-03-15 01:56:11,True,0.0,1.921099537037037,True
PED004598,10,10,2026-01-14 22:29:49,2026-01-15 08:56:46,10.469999999999999,0,CEDI Bogotá,Bogotá D.C.,TCC,KMS99038158,11900,2026-01-16 14:29:49,Entregado,2026-01-15 08:56:46,True,1.0,0.43538194444444445,True
PED004599,9,9,2026-01-23 14:58:02,2026-01-24 10:16:30,19.310000000000002,0,CEDI Cali,Cali,Inter Rapidísimo,KMS35046943,13900,2026-01-25 07:58:02,En ruta de entrega,,False,,,False
PED004600,10,10,2026-02-16 23:11:45,2026-02-18 18:03:04,42.86,0,CEDI Medellín,Medellín,TCC,KMS19519567,11900,2026-02-18 21:11:45,Entregado,2026-02-18 18:03:04,True,1.0,1.785636574074074,True
PED004601,10,10,2026-06-14 14:27:40,2026-06-16 11:33:26,45.08,0,CEDI Bucaramanga,Bucaramanga,Servientrega,KMS55123248,13900,2026-06-16 18:27:40,Entregado,2026-06-16 11:33:26,True,1.0,1.8790046296296297,True
PED004602,10,10,2026-04-12 09:35:23,2026-04-13 09:09:59,23.59,1,CEDI Medellín,Medellín,Inter Rapidísimo,KMS23167544,15290,2026-04-14 00:35:23,Entregado,2026-04-13 09:09:59,True,1.0,0.9823611111111111,True
PED004603,10,10,2026-02-04 10:08:50,2026-02-05 09:58:10,23.83,0,CEDI Medellín,Medellín,TCC,KMS18036068,17490,2026-02-06 01:08:50,Entregado,2026-02-05 09:58:10,True,1.0,0.9925925925925926,True
PED004604,10,10,2026-04-20 01:27:31,2026-04-22 06:57:36,53.480000000000004,0,CEDI Barranquilla,Barranquilla,Coordinadora,KMS72954317,11900,2026-04-22 04:27:31,Entregado,2026-04-22 06:57:36,True,0.0,2.229224537037037,True
PED004605,10,10,2026-02-24 03:58:26,2026-02-25 22:50:47,42.88,0,CEDI Bucaramanga,Bucaramanga,Inter Rapidísimo,KMS20963839,15900,2026-02-26 07:58:26,Entregado,2026-02-25 22:50:47,True,1.0,1.7863541666666667,True
PED004606,10,10,2026-01-14 18:06:09,2026-01-16 10:29:02,40.39,0,CEDI Bogotá,Bogotá D.C.,Servientrega,KMS55013555,9900,2026-01-16 10:06:09,Entregado,2026-01-16 10:29:02,True,0.0,1.6825578703703703,True
PED004607,10,10,2026-02-13 01:32:49,2026-02-14 07:31:18,29.97,0,CEDI Bogotá,Bogotá D.C.,Servientrega,KMS36313732,13900,2026-02-14 10:32:49,Entregado,2026-02-14 07:31:18,True,1.0,1.2489467592592594,True
PED004608,10,10,2026-01-09 03:52:52,2026-01-11 02:02:28,46.17,0,CEDI Bogotá,Bogotá D.C.,Envia,KMS45437963,17490,2026-01-10 19:52:52,Entregado,2026-01-11 02:02:28,True,0.0,1.9233333333333333,True
PED004609,10,10,2026-06-15 13:15:24,2026-06-16 22:56:37,33.69,1,CEDI Bogotá,Bogotá D.C.,Inter Rapidísimo,KMS91793616,11900,2026-06-17 05:15:24,Entregado,2026-06-16 22:56:37,True,1.0,1.4036226851851852,True
PED004610,10,10,2026-01-09 15:18:54,2026-01-11 02:32:30,35.22,0,CEDI Cali,Cali,Coordinadora,KMS22917697,17490,2026-01-11 15:18:54,Entregado,2026-01-11 02:32:30,True,1.0,1.4677777777777778,True
PED004611,10,10,2026-02-18 07:38:31,2026-02-20 09:35:18,49.95,0,CEDI Cali,Cali,Envia,KMS70213917,20790,2026-02-20 00:38:31,Entregado,2026-02-20 09:35:18,True,0.0,2.081099537037037,True
PED004612,10,10,2026-03-06 22:29:00,2026-03-08 02:51:35,28.39,0,CEDI Medellín,Medellín,Inter Rapidísimo,KMS70892899,9900,2026-03-08 20:29:00,Entregado,2026-03-08 02:51:35,True,1.0,1.182349537037037,True
PED004613,10,10,2026-05-07 00:26:51,2026-05-07 16:46:59,16.35,0,CEDI Bogotá,Bogotá D.C.,Envia,KMS85926828,13900,2026-05-08 16:26:51,Entregado,2026-05-07 16:46:59,True,1.0,0.6806481481481481,True
PED004614,10,10,2026-06-15 11:07:36,2026-06-16 09:13:09,22.11,0,CEDI Bogotá,Bogotá D.C.,Coordinadora,KMS51234996,15290,2026-06-16 20:07:36,Entregado,2026-06-16 09:13:09,True,1.0,0.9205208333333333,True
PED004615,10,10,2026-05-13 02:18:36,2026-05-14 18:14:41,39.949999999999996,0,CEDI Bucaramanga,Bucaramanga,TCC,KMS87594731,15900,2026-05-15 06:18:36,Entregado,2026-05-14 18:14:41,True,1.0,1.6639467592592592,True
PED004616,10,10,2026-04-25 03:34:39,2026-04-26 15:25:36,35.86,0,CEDI Medellín,Medellín,Servientrega,KMS68584120,13900,2026-04-27 01:34:39,Entregado,2026-04-26 15:25:36,True,1.0,1.4937152777777778,True
PED004617,10,10,2026-02-06 06:54:26,2026-02-08 06:36:37,47.71,0,CEDI Cali,Cali,TCC,KMS45276373,8900,2026-02-08 06:54:26,Entregado,2026-02-08 06:36:37,True,1.0,1.987627314814815,True
PED004618,10,10,2026-06-22 19:58:24,2026-06-24 07:50:56,35.88,0,CEDI Bogotá,Bogotá D.C.,TCC,KMS10929925,8900,2026-06-24 11:58:24,Entregado,2026-06-24 07:50:56,True,1.0,1.4948148148148148,True
PED004619,10,10,2026-04-29 21:09:38,2026-04-30 23:16:28,26.12,0,CEDI Bogotá,Bogotá D.C.,Envia,KMS94771462,15900,2026-05-01 13:09:38,Entregado,2026-04-30 23:16:28,True,1.0,1.0880787037037036,True
PED004620,10,10,2026-04-23 07:11:58,2026-04-24 11:31:13,28.32,0,CEDI Pereira,Pereira,Coordinadora,KMS10317323,8900,2026-04-25 09:11:58,Entregado,2026-04-24 11:31:13,True,1.0,1.1800347222222223,True
PED004621,10,10,2026-02-11 01:52:00,2026-02-12 16:39:02,38.79,0,CEDI Pereira,Pereira,TCC,KMS81743752,11900,2026-02-13 03:52:00,Entregado,2026-02-12 16:39:02,True,1.0,1.6159953703703704,True
PED004622,10,10,2026-01-29 01:53:21,2026-01-29 22:02:23,20.16,0,CEDI Bogotá,Bogotá D.C.,Inter Rapidísimo,KMS50138393,18900,2026-01-30 10:53:21,Entregado,2026-01-29 22:02:23,True,1.0,0.8396064814814815,True
PED004623,10,10,2026-01-03 03:37:13,2026-01-04 23:43:56,44.12,0,CEDI Cali,Cali,Servientrega,KMS51258238,13900,2026-01-05 03:37:13,Entregado,2026-01-04 23:43:56,True,1.0,1.8379976851851851,True
PED004624,10,10,2026-06-15 12:39:49,2026-06-16 19:23:19,30.72,0,CEDI Pereira,Pereira,Inter Rapidísimo,KMS80674400,8900,2026-06-17 07:39:49,Entregado,2026-06-16 19:23:19,True,1.0,1.2802083333333334,True
PED004625,10,10,2026-04-17 04:12:01,2026-04-18 04:14:34,24.04,0,CEDI Bogotá,Bogotá D.C.,TCC,KMS71428025,18900,2026-04-18 20:12:01,Entregado,2026-04-18 04:14:34,True,1.0,1.0017708333333333,True
PED004626,10,10,2026-04-21 09:56:41,2026-04-22 10:11:29,24.24,0,CEDI Cali,Cali,Envia,KMS32561073,20790,2026-04-23 02:56:41,Entregado,2026-04-22 10:11:29,True,1.0,1.0102777777777778,True
PED004627,10,10,2026-04-06 15:42:59,2026-04-07 20:49:22,29.09,0,CEDI Medellín,Medellín,Coordinadora,KMS80404034,11900,2026-04-08 13:42:59,Entregado,2026-04-07 20:49:22,True,1.0,1.2127662037037037,True
PED004628,10,10,2026-02-28 17:15:25,2026-03-01 21:16:36,28.01,0,CEDI Bogotá,Bogotá D.C.,Envia,KMS89677792,13900,2026-03-02 09:15:25,Entregado,2026-03-01 21:16:36,True,1.0,1.167488425925926,True
PED004629,10,10,2026-03-28 16:13:59,2026-03-30 14:10:14,45.94,0,CEDI Pereira,Pereira,Coordinadora,KMS31645977,13900,2026-03-30 11:13:59,Entregado,2026-03-30 14:10:14,True,0.0,1.9140625,True
PED004630,10,10,2026-04-08 06:43:15,2026-04-10 06:00:18,47.28,0,CEDI Barranquilla,Barranquilla,Servientrega,KMS79951161,10890,2026-04-10 16:43:15,Entregado,2026-04-10 06:00:18,True,1.0,1.970173611111111,True
PED004631,10,10,2026-04-01 22:44:12,2026-04-04 03:25:49,52.69,0,CEDI Barranquilla,Barranquilla,Coordinadora,KMS80277709,8900,2026-04-04 08:44:12,Entregado,2026-04-04 03:25:49,True,1.0,2.1955671296296297,True
PED004632,10,10,2026-02-25 09:41:12,2026-02-26 15:50:42,30.18,0,CEDI Bogotá,Bogotá D.C.,Inter Rapidísimo,KMS14398377,15290,2026-02-26 18:41:12,Entregado,2026-02-26 15:50:42,True,1.0,1.2565972222222221,True
PED004633,10,10,2026-05-16 05:16:15,2026-05-17 12:31:13,31.25,0,CEDI Medellín,Medellín,Servientrega,KMS75726315,13090,2026-05-18 03:16:15,Entregado,2026-05-17 12:31:13,True,1.0,1.3020601851851852,True
PED004634,10,10,2026-03-06 21:38:18,2026-03-08 01:08:10,27.509999999999998,0,CEDI Bogotá,Bogotá D.C.,Envia,KMS95823270,10890,2026-03-08 06:38:18,Entregado,2026-03-08 01:08:10,True,1.0,1.1457407407407407,True
PED004635,10,10,2026-01-18 18:46:50,2026-01-21 03:34:04,56.79,0,CEDI Pereira,Pereira,Coordinadora,KMS41693018,9900,2026-01-20 20:46:50,Entregado,2026-01-21 03:34:04,True,0.0,2.366134259259259,True
PED004636,10,10,2026-01-25 10:15:47,2026-01-26 19:42:23,33.44,0,CEDI Bogotá,Bogotá D.C.,TCC,KMS65351180,15900,2026-01-27 02:15:47,Entregado,2026-01-26 19:42:23,True,1.0,1.3934722222222222,True
PED004637,10,10,2026-06-09 06:47:17,2026-06-10 09:43:21,26.92,0,CEDI Bogotá,Bogotá D.C.,Coordinadora,KMS31695490,15900,2026-06-10 22:47:17,Entregado,2026-06-10 09:43:21,True,1.0,1.1222685185185186,True
PED004638,10,10,2026-02-23 20:17:29,2026-02-25 00:32:02,28.23,0,CEDI Cali,Cali,Coordinadora,KMS66265429,9900,2026-02-25 20:17:29,Entregado,2026-02-25 00:32:02,True,1.0,1.1767708333333333,True
PED004639,10,10,2026-01-15 11:53:27,2026-01-17 19:56:20,56.04,0,CEDI Bogotá,Bogotá D.C.,Coordinadora,KMS87824878,20790,2026-01-17 03:53:27,Entregado,2026-01-17 19:56:20,True,0.0,2.335335648148148,True
PED004640,10,10,2026-04-29 19:05:29,2026-05-01 10:53:42,39.81,0,CEDI Bucaramanga,Bucaramanga,Envia,KMS24551215,15900,2026-05-01 23:05:29,Entregado,2026-05-01 10:53:42,True,1.0,1.6584837962962964,True
PED004641,10,10,2026-06-28 11:35:33,2026-06-30 02:27:04,38.86,1,CEDI Pereira,Pereira,Coordinadora,KMS48902451,11900,2026-06-30 06:35:33,Entregado,2026-06-30 02:27:04,True,1.0,1.6191087962962962,True
PED004642,10,10,2026-06-05 10:54:02,2026-06-06 22:13:02,35.32,0,CEDI Bogotá,Bogotá D.C.,Inter Rapidísimo,KMS57364714,20790,2026-06-07 02:54:02,Entregado,2026-06-06 22:13:02,True,1.0,1.4715277777777778,True
PED004643,10,10,2026-02-21 05:21:44,2026-02-22 21:57:37,40.62,0,CEDI Bogotá,Bogotá D.C.,TCC,KMS20879452,9790,2026-02-22 14:21:44,Entregado,2026-02-22 21:57:37,True,0.0,1.6915856481481482,True
PED004644,10,10,2026-01-17 13:11:41,2026-01-19 05:45:14,40.56,0,CEDI Medellín,Medellín,Coordinadora,KMS57497773,18900,2026-01-19 11:11:41,Entregado,2026-01-19 05:45:14,True,1.0,1.6899652777777778,True
PED004645,10,10,2026-04-14 17:03:27,2026-04-15 18:50:07,25.78,0,CEDI Medellín,Medellín,TCC,KMS48084136,11900,2026-04-16 15:03:27,Entregado,2026-04-15 18:50:07,True,1.0,1.0740740740740742,True
PED004646,10,10,2026-01-10 21:49:51,2026-01-12 03:51:37,30.02,0,CEDI Bucaramanga,Bucaramanga,TCC,KMS75313787,15900,2026-01-12 18:49:51,Entregado,2026-01-12 03:51:37,True,1.0,1.251226851851852,True
PED004647,10,10,2026-06-30 06:31:07,2026-07-01 02:58:32,20.439999999999998,1,CEDI Bogotá,Bogotá D.C.,Envia,KMS19288119,8900,2026-07-01 22:31:07,Entregado,2026-07-01 02:58:32,True,1.0,0.8523726851851852,True
PED004648,10,10,2026-01-11 03:04:11,2026-01-13 02:42:35,47.64,0,CEDI Barranquilla,Barranquilla,Envia,KMS65476598,11900,2026-01-13 13:04:11,Entregado,2026-01-13 02:42:35,True,1.0,1.985,True
PED004649,10,10,2026-04-13 06:34:54,2026-04-14 10:17:20,27.7,0,CEDI Cali,Cali,TCC,KMS37238287,10890,2026-04-15 06:34:54,Entregado,2026-04-14 10:17:20,True,1.0,1.1544675925925927,True
PED004650,10,10,2026-06-15 13:17:43,2026-06-17 07:29:51,42.21,0,CEDI Cali,Cali,Inter Rapidísimo,KMS56390198,9900,2026-06-17 06:17:36,Entregado,2026-06-17 07:29:51,True,0.0,1.7584259259259258,True
PED004651,10,10,2026-03-10 15:49:08,2026-03-13 07:39:00,63.82000000000001,0,CEDI Barranquilla,Barranquilla,Inter Rapidísimo,KMS65960294,11900,2026-03-12 18:49:08,Entregado,2026-03-13 07:39:00,True,0.0,2.6596296296296296,True
PED004652,10,10,2026-01-09 04:24:14,2026-01-10 01:19:58,20.93,0,CEDI Bogotá,Bogotá D.C.,Coordinadora,KMS71250540,9900,2026-01-10 20:24:14,Entregado,2026-01-10 01:19:58,True,1.0,0.872037037037037,True
PED004653,10,10,2026-03-05 14:30:48,2026-03-06 19:11:40,28.68,0,CEDI Pereira,Pereira,Coordinadora,KMS64559947,15290,2026-03-07 16:30:48,Entregado,2026-03-06 19:11:40,True,1.0,1.1950462962962962,True
PED004654,10,10,2026-04-24 02:39:22,2026-04-25 04:53:51,26.23,0,CEDI Bogotá,Bogotá D.C.,TCC,KMS60602665,20790,2026-04-25 11:39:22,Entregado,2026-04-25 04:53:51,True,1.0,1.0933912037037037,True
PED004655,10,10,2026-05-01 18:50:02,2026-05-04 02:52:57,56.04,0,CEDI Cali,Cali,Envia,KMS32045007,8900,2026-05-03 18:50:02,Entregado,2026-05-04 02:52:57,True,0.0,2.3353587962962963,True
PED004656,10,10,2026-03-17 18:57:40,2026-03-19 18:01:40,47.07,0,CEDI Barranquilla,Barranquilla,Inter Rapidísimo,KMS84772698,11900,2026-03-20 04:57:40,Entregado,2026-03-19 18:01:40,True,1.0,1.961111111111111,True
PED004657,10,10,2026-06-09 14:01:52,2026-06-10 19:55:04,29.88,0,CEDI Cali,Cali,Coordinadora,KMS92691701,18900,2026-06-11 14:01:52,Entregado,2026-06-10 19:55:04,True,1.0,1.2452777777777777,True
PED004658,10,10,2026-02-06 07:55:51,2026-02-07 22:15:25,38.32,1,CEDI Pereira,Pereira,Coordinadora,KMS32377800,15900,2026-02-08 09:55:51,Entregado,2026-02-07 22:15:25,True,1.0,1.5969212962962962,True
PED004659,10,10,2026-02-21 19:59:58,2026-02-22 15:02:30,19.05,0,CEDI Bogotá,Bogotá D.C.,TCC,KMS64645821,10890,2026-02-23 11:59:58,Entregado,2026-02-22 15:02:30,True,1.0,0.793425925925926,True
PED004660,10,10,2026-06-23 13:36:06,2026-06-26 02:32:59,60.94,0,CEDI Bucaramanga,Bucaramanga,Coordinadora,KMS65905455,15900,2026-06-25 17:36:06,Entregado,2026-06-26 02:32:59,True,0.0,2.539502314814815,True
PED004661,10,10,2026-01-06 17:44:37,2026-01-08 12:13:23,42.480000000000004,0,CEDI Pereira,Pereira,Inter Rapidísimo,KMS42039255,13900,2026-01-08 19:44:37,Entregado,2026-01-08 12:13:23,True,1.0,1.769976851851852,True
PED004662,10,10,2026-02-08 00:45:11,2026-02-10 09:09:25,56.41,0,CEDI Bogotá,Bogotá D.C.,Coordinadora,KMS55624214,13090,2026-02-09 09:45:11,Entregado,2026-02-10 09:09:25,True,0.0,2.350162037037037,True
PED004663,10,10,2026-01-06 15:54:04,2026-01-07 19:55:44,28.03,0,CEDI Bogotá,Bogotá D.C.,Inter Rapidísimo,KMS70843894,15900,2026-01-08 07:54:04,Entregado,2026-01-07 19:55:44,True,1.0,1.1678240740740742,True
PED004664,10,10,2026-06-30 20:42:35,2026-07-02 04:02:53,31.34,0,CEDI Bogotá,Bogotá D.C.,Coordinadora,KMS85013035,13900,2026-07-02 12:42:35,Entregado,2026-07-02 04:02:53,True,1.0,1.305763888888889,True
PED004665,10,10,2026-04-30 11:49:18,2026-05-01 14:59:58,27.18,0,CEDI Bogotá,Bogotá D.C.,TCC,KMS39714970,9900,2026-05-01 20:49:18,Entregado,2026-05-01 14:59:58,True,1.0,1.1324074074074073,True
PED004666,9,9,2026-05-10 18:04:45,2026-05-12 15:59:39,35.36,0,CEDI Cali,Cali,Inter Rapidísimo,KMS33498575,9900,2026-05-12 18:04:45,Entregado,2026-05-12 15:59:39,True,1.0,1.913125,False
PED004667,10,10,2026-02-17 21:00:24,2026-02-19 00:59:09,27.98,1,CEDI Cali,Cali,Coordinadora,KMS31292872,9900,2026-02-19 21:00:24,Entregado,2026-02-19 00:59:09,True,1.0,1.1657986111111112,True
PED004668,10,10,2026-01-27 19:52:09,2026-01-29 14:57:03,43.08,0,CEDI Bucaramanga,Bucaramanga,Servientrega,KMS88775678,15900,2026-01-29 23:52:09,Entregado,2026-01-29 14:57:03,True,1.0,1.7950694444444444,True
PED004669,10,10,2026-06-26 10:08:10,2026-06-27 18:35:17,32.45,1,CEDI Medellín,Medellín,Inter Rapidísimo,KMS80159241,13900,2026-06-28 01:08:10,Entregado,2026-06-27 18:35:17,True,1.0,1.3521643518518518,True
PED004670,10,10,2026-05-10 12:39:04,2026-05-11 06:28:24,17.84,0,CEDI Cali,Cali,Envia,KMS65148140,20790,2026-05-12 05:39:04,Entregado,2026-05-11 06:28:24,True,1.0,0.7425925925925926,True
PED004671,10,10,2026-02-22 22:26:44,2026-02-24 11:18:10,36.85,0,CEDI Cali,Cali,Coordinadora,KMS71825243,10890,2026-02-24 22:26:44,Entregado,2026-02-24 11:18:10,True,1.0,1.5357175925925926,True
PED004672,10,10,2026-03-21 03:41:02,2026-03-22 20:25:31,40.73,0,CEDI Bucaramanga,Bucaramanga,Inter Rapidísimo,KMS16530030,18900,2026-03-23 07:41:02,Entregado,2026-03-22 20:25:31,True,1.0,1.6975578703703704,True
PED004673,10,10,2026-02-04 00:49:40,2026-02-06 10:47:31,57.98,0,CEDI Barranquilla,Barranquilla,TCC,KMS40585467,17490,2026-02-06 03:49:40,Entregado,2026-02-06 10:47:31,True,0.0,2.4151736111111113,True
PED004674,10,10,2026-01-02 23:52:06,2026-01-04 13:13:45,37.36,0,CEDI Bogotá,Bogotá D.C.,Inter Rapidísimo,KMS43784204,17490,2026-01-04 15:52:06,Entregado,2026-01-04 13:13:45,True,1.0,1.556701388888889,True
PED004675,10,10,2026-02-23 07:08:37,2026-02-24 22:43:24,39.57,0,CEDI Cali,Cali,Inter Rapidísimo,KMS66762421,18900,2026-02-25 07:08:37,Entregado,2026-02-24 22:43:24,True,1.0,1.6491550925925926,True
PED004676,10,10,2026-06-26 08:32:04,2026-06-27 21:12:12,36.67,0,CEDI Bogotá,Bogotá D.C.,TCC,KMS73212709,18900,2026-06-28 00:32:04,Entregado,2026-06-27 21:12:12,True,1.0,1.5278703703703704,True
PED004677,10,10,2026-04-16 23:23:55,2026-04-17 20:36:41,21.21,0,CEDI Cali,Cali,Servientrega,KMS15712245,18900,2026-04-18 16:23:55,Entregado,2026-04-17 20:36:41,True,1.0,0.8838657407407408,True
PED004678,10,10,2026-05-23 23:22:14,2026-05-25 07:04:58,31.72,0,CEDI Medellín,Medellín,TCC,KMS58382086,15900,2026-05-25 21:22:14,Entregado,2026-05-25 07:04:58,True,1.0,1.3213425925925926,True
PED004679,10,10,2026-03-07 22:21:16,2026-03-09 11:13:59,36.88,0,CEDI Medellín,Medellín,Envia,KMS63486430,9900,2026-03-09 20:21:16,Entregado,2026-03-09 11:13:59,True,1.0,1.5366087962962962,True
PED004680,10,10,2026-02-20 04:19:16,2026-02-21 14:52:50,34.55,0,CEDI Bogotá,Bogotá D.C.,Coordinadora,KMS62586475,9900,2026-02-21 20:19:16,Entregado,2026-02-21 14:52:50,True,1.0,1.4399768518518519,True
PED004681,10,10,2026-05-23 01:49:53,2026-05-24 10:23:16,32.56,0,CEDI Cali,Cali,Envia,KMS42041369,17490,2026-05-25 01:49:53,Entregado,2026-05-24 10:23:16,True,1.0,1.3565162037037037,True
PED004682,10,10,2026-05-10 18:12:02,2026-05-11 13:29:53,19.29,0,CEDI Bogotá,Bogotá D.C.,Envia,KMS72398900,8900,2026-05-12 03:12:02,Entregado,2026-05-11 13:29:53,True,1.0,0.8040625,True
PED004683,10,10,2026-05-24 18:22:11,2026-05-25 23:11:33,28.82,0,CEDI Pereira,Pereira,TCC,KMS24878904,15900,2026-05-26 13:22:11,Entregado,2026-05-25 23:11:33,True,1.0,1.200949074074074,True
PED004684,10,10,2026-03-25 00:46:50,2026-03-26 10:02:55,33.26,0,CEDI Pereira,Pereira,Servientrega,KMS75457314,9790,2026-03-27 02:46:50,Entregado,2026-03-26 10:02:55,True,1.0,1.3861689814814815,True
PED004685,10,10,2026-01-24 12:19:36,2026-01-26 02:12:55,37.89,0,CEDI Bucaramanga,Bucaramanga,Servientrega,KMS29007816,8900,2026-01-26 09:19:36,Entregado,2026-01-26 02:12:55,True,1.0,1.5786921296296297,True
PED004686,10,10,2026-06-15 06:12:01,2026-06-17 02:26:28,44.25,0,CEDI Barranquilla,Barranquilla,TCC,KMS57591481,13900,2026-06-17 09:12:01,Entregado,2026-06-17 02:26:28,True,1.0,1.8433680555555556,True
PED004687,10,10,2026-04-03 13:15:57,2026-04-04 10:58:56,21.73,0,CEDI Medellín,Medellín,Servientrega,KMS80551930,15290,2026-04-05 04:15:57,Entregado,2026-04-04 10:58:56,True,1.0,0.9048495370370371,True
PED004688,10,10,2026-06-26 05:34:33,2026-06-28 00:26:33,42.88,0,CEDI Barranquilla,Barranquilla,Coordinadora,KMS80233400,10890,2026-06-28 15:34:33,Entregado,2026-06-28 00:26:33,True,1.0,1.7861111111111112,True
PED004689,10,10,2026-05-26 14:09:05,2026-05-27 11:26:24,21.29,1,CEDI Bogotá,Bogotá D.C.,Envia,KMS18995168,9900,2026-05-28 06:09:05,Entregado,2026-05-27 11:26:24,True,1.0,0.8870254629629629,True
PED004690,10,10,2026-01-10 02:01:35,2026-01-12 11:42:21,57.68,0,CEDI Bogotá,Bogotá D.C.,TCC,KMS98549020,13090,2026-01-11 18:01:35,Entregado,2026-01-12 11:42:21,True,0.0,2.4033101851851852,True
PED004691,10,10,2026-04-01 07:57:14,2026-04-03 02:26:40,42.489999999999995,0,CEDI Cali,Cali,Servientrega,KMS94279173,13900,2026-04-03 07:57:07,Entregado,2026-04-03 02:26:40,True,1.0,1.7704398148148148,True
PED004692,10,10,2026-01-15 17:29:55,2026-01-17 17:03:13,47.55,0,CEDI Medellín,Medellín,Servientrega,KMS17838364,11900,2026-01-17 15:29:55,Entregado,2026-01-17 17:03:13,True,0.0,1.9814583333333333,True
PED004693,10,10,2026-04-03 06:30:00,2026-04-04 16:03:52,33.57,1,CEDI Medellín,Medellín,Envia,KMS83160341,18900,2026-04-05 04:30:00,Entregado,2026-04-04 16:03:52,True,1.0,1.3985185185185185,True
PED004694,10,10,2026-01-28 00:32:06,2026-01-29 01:15:26,24.73,0,CEDI Medellín,Medellín,Inter Rapidísimo,KMS81546855,13900,2026-01-29 22:32:06,Entregado,2026-01-29 01:15:26,True,1.0,1.0300925925925926,True
PED004695,10,10,2026-06-10 13:22:12,2026-06-11 20:18:35,30.94,0,CEDI Bogotá,Bogotá D.C.,Inter Rapidísimo,KMS59542919,13900,2026-06-12 05:22:12,Entregado,2026-06-11 20:18:35,True,1.0,1.2891550925925925,True
PED004696,10,10,2026-03-17 19:02:47,2026-03-19 06:35:20,35.54,0,CEDI Pereira,Pereira,Inter Rapidísimo,KMS46483702,15900,2026-03-19 21:02:47,Entregado,2026-03-19 06:35:20,True,1.0,1.4809375,True
PED004697,10,10,2026-02-20 02:30:46,2026-02-21 16:14:18,37.73,0,CEDI Bucaramanga,Bucaramanga,Coordinadora,KMS79766566,13900,2026-02-22 06:30:46,Entregado,2026-02-21 16:14:18,True,1.0,1.5718981481481482,True
PED004698,10,10,2026-04-09 22:57:08,2026-04-11 11:24:13,36.45,0,CEDI Bucaramanga,Bucaramanga,Coordinadora,KMS94844536,13090,2026-04-12 02:57:08,Entregado,2026-04-11 11:24:13,True,1.0,1.5188078703703705,True
PED004699,10,10,2026-05-18 17:11:21,2026-05-19 23:19:12,30.130000000000003,0,CEDI Bogotá,Bogotá D.C.,Inter Rapidísimo,KMS28346026,15900,2026-05-20 09:11:21,Entregado,2026-05-19 23:19:12,True,1.0,1.255451388888889,True
PED004700,10,10,2026-05-12 02:23:41,2026-05-13 12:49:41,34.43,0,CEDI Medellín,Medellín,TCC,KMS53325655,15900,2026-05-14 00:23:41,Entregado,2026-05-13 12:49:41,True,1.0,1.4347222222222222,True
PED004701,10,10,2026-06-08 12:14:53,2026-06-09 09:32:07,21.299999999999997,0,CEDI Bogotá,Bogotá D.C.,Servientrega,KMS41067026,15900,2026-06-10 04:14:53,Entregado,2026-06-09 09:32:07,True,1.0,0.8869675925925926,True
PED004702,10,10,2026-02-19 14:31:54,2026-02-21 09:08:34,42.620000000000005,0,CEDI Bucaramanga,Bucaramanga,Servientrega,KMS65818780,8900,2026-02-21 18:31:54,Entregado,2026-02-21 09:08:34,True,1.0,1.775462962962963,True
PED004703,10,10,2026-05-26 09:14:57,2026-05-28 03:36:51,42.370000000000005,0,CEDI Cali,Cali,Envia,KMS64073683,9900,2026-05-28 09:14:57,Entregado,2026-05-28 03:36:51,True,1.0,1.7652083333333333,True
PED004704,10,10,2026-04-13 12:11:16,2026-04-15 09:00:59,44.82,0,CEDI Bucaramanga,Bucaramanga,Inter Rapidísimo,KMS86579582,18900,2026-04-15 16:11:16,Entregado,2026-04-15 09:00:59,True,1.0,1.8678587962962963,True
PED004705,10,10,2026-05-06 19:16:18,2026-05-07 18:03:33,22.79,0,CEDI Bogotá,Bogotá D.C.,Servientrega,KMS61311840,8900,2026-05-08 11:16:18,Entregado,2026-05-07 18:03:33,True,1.0,0.9494791666666667,True
PED004706,10,10,2026-02-21 07:15:17,2026-02-23 16:51:25,57.61,0,CEDI Medellín,Medellín,Coordinadora,KMS48149306,11900,2026-02-23 05:15:17,Entregado,2026-02-23 16:51:25,True,0.0,2.4000925925925927,True
PED004707,10,10,2026-02-17 16:04:32,2026-02-19 15:59:34,47.91,1,CEDI Pereira,Pereira,Servientrega,KMS55502118,18900,2026-02-19 18:04:32,Entregado,2026-02-19 15:59:34,True,1.0,1.996550925925926,True
PED004708,10,10,2026-01-23 01:24:20,2026-01-25 06:19:42,52.93,0,CEDI Bucaramanga,Bucaramanga,Inter Rapidísimo,KMS99620732,9900,2026-01-24 22:24:20,Entregado,2026-01-25 06:19:42,True,0.0,2.205115740740741,True
PED004709,10,10,2026-01-12 03:56:39,2026-01-12 20:18:02,16.36,0,CEDI Bogotá,Bogotá D.C.,TCC,KMS36954415,9900,2026-01-13 19:56:39,Entregado,2026-01-12 20:18:02,True,1.0,0.6815162037037037,True
PED004710,10,10,2026-05-13 15:07:03,2026-05-15 05:06:50,38.0,0,CEDI Cali,Cali,Coordinadora,KMS83356157,11900,2026-05-15 15:07:03,Entregado,2026-05-15 05:06:50,True,1.0,1.5831828703703703,True
PED004711,10,10,2026-01-28 19:10:28,2026-01-30 12:31:42,41.36,0,CEDI Cali,Cali,Envia,KMS97207753,13900,2026-01-30 19:10:28,Entregado,2026-01-30 12:31:42,True,1.0,1.7230787037037036,True
PED004712,10,10,2026-04-17 22:54:22,2026-04-20 05:22:12,54.46,0,CEDI Pereira,Pereira,Servientrega,KMS21688106,13900,2026-04-20 00:54:22,Entregado,2026-04-20 05:22:12,True,0.0,2.2693287037037035,True
PED004713,10,10,2026-01-11 23:36:36,2026-01-12 17:13:44,17.63,0,CEDI Bogotá,Bogotá D.C.,TCC,KMS31844761,9790,2026-01-13 08:36:36,Entregado,2026-01-12 17:13:44,True,1.0,0.7341203703703704,True
PED004714,10,10,2026-04-04 19:24:15,2026-04-06 11:18:42,39.9,0,CEDI Medellín,Medellín,Envia,KMS26706474,9900,2026-04-06 17:24:15,Entregado,2026-04-06 11:18:42,True,1.0,1.6628125,True
PED004715,10,10,2026-02-26 17:41:45,2026-02-28 10:40:32,40.97,0,CEDI Medellín,Medellín,Inter Rapidísimo,KMS67338419,9790,2026-02-28 15:41:45,Entregado,2026-02-28 10:40:32,True,1.0,1.707488425925926,True
PED004716,10,10,2026-03-21 12:22:58,2026-03-23 11:10:13,46.77,0,CEDI Cali,Cali,Inter Rapidísimo,KMS57679186,13900,2026-03-23 12:22:58,Entregado,2026-03-23 11:10:13,True,1.0,1.9494791666666667,True
PED004717,10,10,2026-02-13 11:23:16,2026-02-14 10:13:04,22.83,1,CEDI Bogotá,Bogotá D.C.,TCC,KMS74347911,8900,2026-02-15 03:23:16,Entregado,2026-02-14 10:13:04,True,1.0,0.95125,True
PED004718,10,10,2026-04-24 23:35:57,2026-04-26 05:56:38,30.34,0,CEDI Medellín,Medellín,Coordinadora,KMS25677941,11900,2026-04-26 21:35:57,Entregado,2026-04-26 05:56:38,True,1.0,1.264363425925926,True
PED004719,10,10,2026-06-03 01:56:24,2026-06-03 20:32:16,18.6,0,CEDI Bogotá,Bogotá D.C.,TCC,KMS65001687,11900,2026-06-04 17:56:24,Entregado,2026-06-03 20:32:16,True,1.0,0.7749074074074074,True
PED004720,10,10,2026-04-13 07:05:03,2026-04-14 09:44:47,26.67,0,CEDI Pereira,Pereira,Envia,KMS39390216,15900,2026-04-15 02:05:03,Entregado,2026-04-14 09:44:47,True,1.0,1.1109259259259259,True
PED004721,10,10,2026-02-08 21:41:23,2026-02-10 05:24:28,31.72,0,CEDI Cali,Cali,TCC,KMS57181349,13900,2026-02-10 21:41:23,Entregado,2026-02-10 05:24:28,True,1.0,1.321585648148148,True
PED004722,10,10,2026-03-15 19:18:58,2026-03-17 01:42:26,30.400000000000002,0,CEDI Medellín,Medellín,Coordinadora,KMS49687092,11900,2026-03-17 17:18:58,Entregado,2026-03-17 01:42:26,True,1.0,1.2662962962962963,True
PED004723,10,10,2026-05-29 09:48:48,2026-05-30 18:58:50,33.18,0,CEDI Medellín,Medellín,Servientrega,KMS12591724,13900,2026-05-31 07:48:48,Entregado,2026-05-30 18:58:50,True,1.0,1.3819675925925925,True
PED004724,10,10,2026-01-13 18:16:37,2026-01-15 06:12:55,35.92,0,CEDI Cali,Cali,TCC,KMS54548059,18900,2026-01-15 18:16:37,Entregado,2026-01-15 06:12:55,True,1.0,1.4974305555555556,True
PED004725,10,10,2026-05-25 21:40:18,2026-05-27 16:26:07,42.769999999999996,0,CEDI Bucaramanga,Bucaramanga,Coordinadora,KMS14111342,17490,2026-05-28 01:40:18,Entregado,2026-05-27 16:26:07,True,1.0,1.7818171296296297,True
PED004726,10,10,2026-05-12 05:19:48,2026-05-13 16:42:45,35.38,0,CEDI Cali,Cali,Inter Rapidísimo,KMS24387065,18900,2026-05-14 05:19:48,Entregado,2026-05-13 16:42:45,True,1.0,1.4742708333333334,True
PED004727,10,10,2026-02-28 10:45:05,2026-03-02 03:41:30,40.94,0,CEDI Barranquilla,Barranquilla,TCC,KMS59361771,15900,2026-03-02 20:45:05,Entregado,2026-03-02 03:41:30,True,1.0,1.7058449074074074,True
PED004728,10,10,2026-06-27 00:39:07,2026-06-27 17:09:09,16.490000000000002,0,CEDI Cali,Cali,Servientrega,KMS50058990,15900,2026-06-28 17:39:07,Entregado,2026-06-27 17:09:09,True,1.0,0.6875231481481482,True
PED004729,10,10,2026-03-11 06:20:39,2026-03-12 20:36:41,38.26,0,CEDI Medellín,Medellín,Coordinadora,KMS34011771,8900,2026-03-13 04:20:39,Entregado,2026-03-12 20:36:41,True,1.0,1.5944675925925926,True
PED004730,10,10,2026-02-24 03:19:11,2026-02-25 13:18:40,33.99,0,CEDI Cali,Cali,Servientrega,KMS83724992,15290,2026-02-26 03:19:11,Entregado,2026-02-25 13:18:40,True,1.0,1.4163078703703704,True
PED004731,10,10,2026-01-07 06:04:18,2026-01-08 11:31:55,29.46,0,CEDI Cali,Cali,Inter Rapidísimo,KMS40126645,15900,2026-01-09 06:04:18,Entregado,2026-01-08 11:31:55,True,1.0,1.227511574074074,True
PED004732,10,10,2026-06-23 18:10:59,2026-06-25 10:31:11,40.33,0,CEDI Barranquilla,Barranquilla,Inter Rapidísimo,KMS54313757,10890,2026-06-25 21:10:59,Entregado,2026-06-25 10:31:11,True,1.0,1.6806944444444445,True
PED004733,10,10,2026-02-17 01:22:16,2026-02-19 04:26:40,51.06,0,CEDI Bucaramanga,Bucaramanga,TCC,KMS71411356,9900,2026-02-19 05:22:16,Entregado,2026-02-19 04:26:40,True,1.0,2.1280555555555556,True
PED004734,10,10,2026-05-22 11:22:34,2026-05-25 03:45:50,64.39999999999999,0,CEDI Bucaramanga,Bucaramanga,Servientrega,KMS82752752,13900,2026-05-24 15:22:34,Entregado,2026-05-25 03:45:50,True,0.0,2.682824074074074,True
PED004735,10,10,2026-04-19 12:28:31,2026-04-20 03:40:26,15.2,0,CEDI Bogotá,Bogotá D.C.,Servientrega,KMS29465324,15290,2026-04-20 21:28:31,Entregado,2026-04-20 03:40:26,True,1.0,0.633275462962963,True
PED004736,10,10,2026-02-21 13:41:07,2026-02-23 00:06:32,34.42,0,CEDI Bucaramanga,Bucaramanga,Servientrega,KMS11012381,8900,2026-02-23 17:41:07,Entregado,2026-02-23 00:06:32,True,1.0,1.4343171296296295,True
PED004737,10,10,2026-06-23 15:43:58,2026-06-25 00:13:25,32.49,0,CEDI Medellín,Medellín,Servientrega,KMS99401813,18900,2026-06-25 13:43:58,Entregado,2026-06-25 00:13:25,True,1.0,1.3537847222222221,True
PED004738,10,10,2026-03-12 05:00:41,2026-03-13 12:38:22,31.64,0,CEDI Pereira,Pereira,TCC,KMS78604126,20790,2026-03-14 07:00:41,Entregado,2026-03-13 12:38:22,True,1.0,1.3178356481481481,True
PED004739,10,10,2026-06-19 13:10:13,2026-06-21 23:53:59,58.730000000000004,0,CEDI Cali,Cali,Inter Rapidísimo,KMS24712456,15290,2026-06-21 13:10:13,Entregado,2026-06-21 23:53:59,True,0.0,2.447060185185185,True
PED004740,10,10,2026-06-20 04:19:24,2026-06-21 05:14:24,24.92,0,CEDI Bogotá,Bogotá D.C.,TCC,KMS59849825,11900,2026-06-21 13:19:24,Entregado,2026-06-21 05:14:24,True,1.0,1.0381944444444444,True
PED004741,10,10,2026-02-01 01:36:47,2026-02-02 19:21:57,41.76,0,CEDI Barranquilla,Barranquilla,Servientrega,KMS37701338,11900,2026-02-03 04:36:47,Entregado,2026-02-02 19:21:57,True,1.0,1.739699074074074,True
PED004742,10,10,2026-06-20 22:20:38,2026-06-21 21:43:09,23.38,0,CEDI Bogotá,Bogotá D.C.,Coordinadora,KMS80002840,9900,2026-06-22 14:20:38,Entregado,2026-06-21 21:43:09,True,1.0,0.9739699074074074,True
PED004743,10,10,2026-06-06 06:41:48,2026-06-08 15:44:57,57.04,0,CEDI Bogotá,Bogotá D.C.,Servientrega,KMS60623646,11900,2026-06-07 22:41:48,Entregado,2026-06-08 15:44:57,True,0.0,2.3771875,True
PED004744,10,10,2026-02-14 05:18:20,2026-02-15 16:35:38,35.29,0,CEDI Medellín,Medellín,Inter Rapidísimo,KMS64552788,13900,2026-02-16 03:18:20,Entregado,2026-02-15 16:35:38,True,1.0,1.4703472222222222,True
PED004745,10,10,2026-06-06 18:52:52,2026-06-09 09:18:22,62.43,0,CEDI Barranquilla,Barranquilla,Servientrega,KMS70412572,13900,2026-06-08 21:52:52,Entregado,2026-06-09 09:18:22,True,0.0,2.6010416666666667,True
PED004746,10,10,2026-03-14 15:11:46,2026-03-15 22:33:40,31.38,1,CEDI Barranquilla,Barranquilla,Envia,KMS44039663,10890,2026-03-16 18:11:46,Entregado,2026-03-15 22:33:40,True,1.0,1.306875,True
PED004747,10,10,2026-02-15 15:57:19,2026-02-17 08:46:39,40.83,0,CEDI Medellín,Medellín,Envia,KMS34230007,13900,2026-02-17 13:57:19,Entregado,2026-02-17 08:46:39,True,1.0,1.700925925925926,True
PED004748,10,10,2026-05-23 13:44:04,2026-05-24 21:18:49,31.57,0,CEDI Medellín,Medellín,TCC,KMS70157935,13090,2026-05-25 11:44:04,Entregado,2026-05-24 21:18:49,True,1.0,1.315798611111111,True
PED004749,10,10,2026-01-11 00:53:37,2026-01-12 10:04:24,33.18,0,CEDI Pereira,Pereira,Inter Rapidísimo,KMS86798663,13900,2026-01-13 02:53:37,Entregado,2026-01-12 10:04:24,True,1.0,1.382488425925926,True
PED004750,10,10,2026-06-06 23:31:15,2026-06-08 12:15:16,36.72,0,CEDI Bogotá,Bogotá D.C.,TCC,KMS56698364,13900,2026-06-08 15:31:15,Entregado,2026-06-08 12:15:16,True,1.0,1.5305671296296297,True
PED004751,10,10,2026-04-19 10:07:31,2026-04-21 04:03:31,41.94,0,CEDI Bogotá,Bogotá D.C.,Envia,KMS79437825,18900,2026-04-21 02:07:31,Entregado,2026-04-21 04:03:31,True,0.0,1.7472222222222222,True
PED004752,10,10,2026-03-01 06:04:32,2026-03-02 15:16:34,33.2,0,CEDI Pereira,Pereira,Inter Rapidísimo,KMS33346409,11900,2026-03-03 08:04:32,Entregado,2026-03-02 15:16:34,True,1.0,1.3833564814814814,True
PED004753,10,10,2026-05-14 18:05:21,2026-05-15 23:52:21,29.79,0,CEDI Bogotá,Bogotá D.C.,Envia,KMS89927747,17490,2026-05-16 10:05:21,Entregado,2026-05-15 23:52:21,True,1.0,1.2409722222222221,True
PED004754,10,10,2026-01-04 03:17:55,2026-01-05 21:57:28,42.660000000000004,0,CEDI Medellín,Medellín,TCC,KMS32243258,8900,2026-01-06 01:17:55,Entregado,2026-01-05 21:57:28,True,1.0,1.7774652777777777,True
PED004755,10,10,2026-01-22 09:30:11,2026-01-23 10:14:30,24.740000000000002,0,CEDI Cali,Cali,Servientrega,KMS13294231,18900,2026-01-24 09:30:11,Entregado,2026-01-23 10:14:30,True,1.0,1.030775462962963,True
PED004756,10,10,2026-03-26 09:13:49,2026-03-28 00:16:43,39.05,0,CEDI Bucaramanga,Bucaramanga,TCC,KMS36551529,15900,2026-03-28 13:13:49,Entregado,2026-03-28 00:16:43,True,1.0,1.627013888888889,True
PED004757,10,10,2026-06-20 15:42:27,2026-06-22 17:56:29,50.24,0,CEDI Bogotá,Bogotá D.C.,Servientrega,KMS48922328,15900,2026-06-22 07:42:27,Entregado,2026-06-22 17:56:29,True,0.0,2.0930787037037035,True
PED004758,10,10,2026-03-10 23:10:28,2026-03-12 08:05:56,32.91,0,CEDI Pereira,Pereira,Envia,KMS93587246,18900,2026-03-13 01:10:28,Entregado,2026-03-12 08:05:56,True,1.0,1.3718518518518519,True
PED004759,10,10,2026-01-29 10:06:01,2026-01-31 02:37:11,40.510000000000005,0,CEDI Pereira,Pereira,Inter Rapidísimo,KMS65577541,13900,2026-01-31 12:06:01,Entregado,2026-01-31 02:37:11,True,1.0,1.6883101851851852,True
PED004760,10,10,2026-06-14 20:38:09,2026-06-16 19:13:23,46.589999999999996,0,CEDI Barranquilla,Barranquilla,TCC,KMS58069542,9900,2026-06-17 06:38:09,Entregado,2026-06-16 19:13:23,True,1.0,1.9411342592592593,True
PED004761,10,10,2026-06-29 11:12:46,2026-07-01 05:34:08,42.370000000000005,0,CEDI Bucaramanga,Bucaramanga,Inter Rapidísimo,KMS34045445,13900,2026-07-01 15:12:46,Entregado,2026-07-01 05:34:08,True,1.0,1.764837962962963,True
PED004762,10,10,2026-03-29 22:41:33,2026-03-31 05:40:34,30.970000000000002,1,CEDI Bogotá,Bogotá D.C.,Envia,KMS36849541,8900,2026-03-31 14:41:33,Entregado,2026-03-31 05:40:34,True,1.0,1.2909837962962962,True
PED004763,10,10,2026-04-21 20:23:31,2026-04-23 03:12:59,30.83,0,CEDI Bogotá,Bogotá D.C.,Envia,KMS87198347,15900,2026-04-23 12:23:31,Entregado,2026-04-23 03:12:59,True,1.0,1.2843518518518517,True
PED004764,10,10,2026-04-28 05:36:15,2026-04-30 07:38:56,50.03,0,CEDI Medellín,Medellín,Envia,KMS12084081,18900,2026-04-30 03:36:15,Entregado,2026-04-30 07:38:56,True,0.0,2.0851967592592593,True
PED004765,10,10,2026-04-07 19:03:13,2026-04-09 06:24:29,35.36,0,CEDI Bogotá,Bogotá D.C.,Coordinadora,KMS21814569,9790,2026-04-09 04:03:13,Entregado,2026-04-09 06:24:29,True,0.0,1.473101851851852,True
PED004766,10,10,2026-05-22 07:32:19,2026-05-23 05:04:00,21.529999999999998,0,CEDI Bogotá,Bogotá D.C.,Servientrega,KMS12775383,13900,2026-05-23 16:32:19,Entregado,2026-05-23 05:04:00,True,1.0,0.8970023148148148,True
PED004767,10,10,2026-01-25 07:39:26,2026-01-26 20:04:08,36.42,0,CEDI Bogotá,Bogotá D.C.,Servientrega,KMS69703683,10890,2026-01-26 23:39:26,Entregado,2026-01-26 20:04:08,True,1.0,1.5171527777777778,True
PED004768,10,10,2026-03-14 10:29:37,2026-03-15 16:56:44,30.47,0,CEDI Bogotá,Bogotá D.C.,Envia,KMS68058694,8900,2026-03-16 02:29:37,Entregado,2026-03-15 16:56:44,True,1.0,1.2688310185185185,True
PED004769,10,10,2026-05-08 13:33:24,2026-05-10 07:06:49,41.54,0,CEDI Medellín,Medellín,TCC,KMS74272856,11900,2026-05-10 11:33:24,Entregado,2026-05-10 07:06:49,True,1.0,1.7315393518518518,True
PED004770,10,10,2026-01-18 21:17:44,2026-01-20 14:20:47,41.050000000000004,0,CEDI Cali,Cali,Envia,KMS18735408,11900,2026-01-20 21:17:44,Entregado,2026-01-20 14:20:47,True,1.0,1.7104513888888888,True
PED004771,10,10,2026-01-22 23:29:36,2026-01-24 01:18:15,25.8,0,CEDI Bogotá,Bogotá D.C.,Envia,KMS26462527,11900,2026-01-24 15:29:36,Entregado,2026-01-24 01:18:15,True,1.0,1.0754513888888888,True
PED004772,10,10,2026-02-15 04:32:53,2026-02-16 16:39:01,36.12,0,CEDI Bogotá,Bogotá D.C.,Servientrega,KMS26629044,11900,2026-02-16 20:32:53,Entregado,2026-02-16 16:39:01,True,1.0,1.5042592592592592,True
PED004773,10,10,2026-06-11 12:41:01,2026-06-12 22:24:48,33.730000000000004,0,CEDI Cali,Cali,Envia,KMS19864090,11900,2026-06-13 12:41:01,Entregado,2026-06-12 22:24:48,True,1.0,1.4054050925925925,True
PED004774,10,10,2026-04-29 12:00:26,2026-05-01 02:23:46,38.370000000000005,0,CEDI Bogotá,Bogotá D.C.,Inter Rapidísimo,KMS52428877,17490,2026-05-01 04:00:26,Entregado,2026-05-01 02:23:46,True,1.0,1.599537037037037,True
PED004775,10,10,2026-04-21 12:00:26,2026-04-23 04:32:45,40.54,0,CEDI Medellín,Medellín,Envia,KMS33991969,20790,2026-04-23 10:00:26,Entregado,2026-04-23 04:32:45,True,1.0,1.6891087962962963,True
PED004776,10,10,2026-02-07 06:51:18,2026-02-08 05:02:05,22.18,0,CEDI Bogotá,Bogotá D.C.,TCC,KMS53111441,8900,2026-02-08 22:51:18,Entregado,2026-02-08 05:02:05,True,1.0,0.9241550925925925,True
PED004777,10,10,2026-01-13 14:01:07,2026-01-14 20:50:47,30.81,0,CEDI Bogotá,Bogotá D.C.,Coordinadora,KMS47942505,15900,2026-01-15 06:01:07,Entregado,2026-01-14 20:50:47,True,1.0,1.2844907407407407,True
PED004778,10,10,2026-03-14 15:42:04,2026-03-15 21:53:58,30.189999999999998,0,CEDI Cali,Cali,TCC,KMS46414765,15900,2026-03-16 15:42:04,Entregado,2026-03-15 21:53:58,True,1.0,1.2582638888888888,True
PED004779,10,10,2026-01-28 18:16:24,2026-01-29 14:21:57,20.09,0,CEDI Medellín,Medellín,TCC,KMS22543163,13900,2026-01-30 09:16:24,Entregado,2026-01-29 14:21:57,True,1.0,0.8371875,True
PED004780,10,10,2026-04-14 02:13:21,2026-04-16 12:56:55,58.72,0,CEDI Bogotá,Bogotá D.C.,Envia,KMS52774949,9790,2026-04-15 18:13:21,Entregado,2026-04-16 12:56:55,True,0.0,2.4469212962962965,True
PED004781,10,10,2026-04-12 09:25:54,2026-04-15 06:02:48,68.61,0,CEDI Cali,Cali,Envia,KMS76488139,8900,2026-04-14 02:25:54,Entregado,2026-04-15 06:02:48,True,0.0,2.8589583333333333,True
PED004782,10,10,2026-02-11 09:43:00,2026-02-12 17:30:49,31.799999999999997,0,CEDI Bogotá,Bogotá D.C.,Servientrega,KMS54865148,13900,2026-02-13 01:43:00,Entregado,2026-02-12 17:30:49,True,1.0,1.324872685185185,True
PED004783,10,10,2026-02-01 00:13:48,2026-02-02 03:40:54,27.439999999999998,0,CEDI Bogotá,Bogotá D.C.,Envia,KMS58196337,11900,2026-02-02 09:13:48,Entregado,2026-02-02 03:40:54,True,1.0,1.1438194444444445,True
PED004784,10,10,2026-03-14 03:01:47,2026-03-17 00:50:58,69.83,0,CEDI Barranquilla,Barranquilla,Envia,KMS60110371,9900,2026-03-16 13:01:47,Entregado,2026-03-17 00:50:58,True,0.0,2.9091550925925924,True
PED004785,10,10,2026-05-29 05:27:29,2026-05-30 20:02:16,38.58,1,CEDI Bogotá,Bogotá D.C.,TCC,KMS88705508,9790,2026-05-30 21:27:29,Entregado,2026-05-30 20:02:16,True,1.0,1.607488425925926,True
PED004786,10,10,2026-02-28 06:42:50,2026-03-01 06:14:21,23.53,0,CEDI Bogotá,Bogotá D.C.,Servientrega,KMS48031391,9900,2026-03-01 22:42:50,Entregado,2026-03-01 06:14:21,True,1.0,0.9802199074074074,True
PED004787,10,10,2026-01-28 01:20:22,2026-01-29 04:18:06,26.97,0,CEDI Bogotá,Bogotá D.C.,Servientrega,KMS39582010,11900,2026-01-29 17:20:22,Entregado,2026-01-29 04:18:06,True,1.0,1.1234259259259258,True
PED004788,10,10,2026-01-03 14:21:42,2026-01-04 12:47:51,22.43,0,CEDI Bogotá,Bogotá D.C.,Inter Rapidísimo,KMS99686009,15900,2026-01-05 06:21:42,Entregado,2026-01-04 12:47:51,True,1.0,0.9348263888888889,True
PED004789,10,10,2026-01-12 05:18:44,2026-01-15 11:12:07,77.88,0,CEDI Barranquilla,Barranquilla,Inter Rapidísimo,KMS74219230,15900,2026-01-14 15:18:44,Entregado,2026-01-15 11:12:07,True,0.0,3.2454050925925926,True
PED004790,10,10,2026-03-23 04:08:19,2026-03-25 07:23:16,51.26,0,CEDI Bucaramanga,Bucaramanga,TCC,KMS85677206,13900,2026-03-25 08:08:19,Entregado,2026-03-25 07:23:16,True,1.0,2.1353819444444446,True
PED004791,10,10,2026-04-20 06:48:41,2026-04-21 15:58:13,33.15,0,CEDI Pereira,Pereira,Coordinadora,KMS45663945,8900,2026-04-22 08:48:41,Entregado,2026-04-21 15:58:13,True,1.0,1.3816203703703704,True
PED004792,10,10,2026-03-03 11:08:39,2026-03-04 17:58:57,30.83,0,CEDI Bogotá,Bogotá D.C.,Servientrega,KMS78662117,17490,2026-03-05 03:08:39,Entregado,2026-03-04 17:58:57,True,1.0,1.2849305555555555,True
PED004793,10,10,2026-04-02 05:21:17,2026-04-03 16:42:35,35.37,0,CEDI Cali,Cali,Coordinadora,KMS21182868,13900,2026-04-03 22:21:17,Entregado,2026-04-03 16:42:35,True,1.0,1.473125,True
PED004794,10,10,2026-01-15 12:46:30,2026-01-16 23:57:03,35.17,0,CEDI Cali,Cali,TCC,KMS19984841,8900,2026-01-17 12:46:30,Entregado,2026-01-16 23:57:03,True,1.0,1.4656597222222223,True
PED004795,10,10,2026-06-24 01:39:43,2026-06-25 19:46:09,42.120000000000005,0,CEDI Medellín,Medellín,Envia,KMS79765125,18900,2026-06-25 16:39:43,Entregado,2026-06-25 19:46:09,True,0.0,1.7544675925925926,True
PED004796,10,10,2026-02-19 13:30:39,2026-02-20 19:58:20,30.450000000000003,0,CEDI Medellín,Medellín,TCC,KMS51304311,8900,2026-02-21 11:30:39,Entregado,2026-02-20 19:58:20,True,1.0,1.269224537037037,True
PED004797,10,10,2026-01-10 19:12:30,2026-01-11 20:20:24,25.14,0,CEDI Bogotá,Bogotá D.C.,TCC,KMS20493167,9790,2026-01-12 11:12:30,Entregado,2026-01-11 20:20:24,True,1.0,1.0471527777777778,True
PED004798,10,10,2026-01-26 09:32:03,2026-01-28 06:44:27,45.21,0,CEDI Cali,Cali,Coordinadora,KMS37488788,8900,2026-01-28 09:32:03,Entregado,2026-01-28 06:44:27,True,1.0,1.8836111111111111,True
PED004799,10,10,2026-02-13 01:58:16,2026-02-14 11:13:49,33.28,0,CEDI Pereira,Pereira,Inter Rapidísimo,KMS59453527,13900,2026-02-14 20:58:16,Entregado,2026-02-14 11:13:49,True,1.0,1.3857986111111111,True
PED004800,10,10,2026-04-15 14:19:34,2026-04-16 18:37:18,28.3,0,CEDI Bogotá,Bogotá D.C.,TCC,KMS17144814,13900,2026-04-17 06:19:34,Entregado,2026-04-16 18:37:18,True,1.0,1.1789814814814814,True
PED004801,10,10,2026-01-20 00:48:01,2026-01-21 02:58:02,26.169999999999998,0,CEDI Bogotá,Bogotá D.C.,Servientrega,KMS98274156,8900,2026-01-21 16:48:01,Entregado,2026-01-21 02:58:02,True,1.0,1.090289351851852,True
PED004802,10,10,2026-02-09 10:10:36,2026-02-11 01:50:29,39.67,0,CEDI Bogotá,Bogotá D.C.,Envia,KMS60012134,9790,2026-02-11 02:10:36,Entregado,2026-02-11 01:50:29,True,1.0,1.6526967592592592,True
PED004803,10,10,2026-02-05 18:45:08,2026-02-06 18:03:29,23.3,0,CEDI Cali,Cali,Inter Rapidísimo,KMS85594313,9900,2026-02-07 18:45:08,Entregado,2026-02-06 18:03:29,True,1.0,0.9710763888888889,True
PED004804,10,10,2026-01-21 15:45:15,2026-01-23 15:11:39,47.43,0,CEDI Bogotá,Bogotá D.C.,Coordinadora,KMS68994600,15290,2026-01-23 07:45:15,Entregado,2026-01-23 15:11:39,True,0.0,1.9766666666666666,True
PED004805,10,10,2026-02-04 19:01:43,2026-02-06 14:20:50,43.33,0,CEDI Barranquilla,Barranquilla,Coordinadora,KMS85505240,13900,2026-02-06 22:01:43,Entregado,2026-02-06 14:20:50,True,1.0,1.8049421296296295,True
PED004806,10,10,2026-06-28 10:39:38,2026-06-29 14:15:40,27.6,0,CEDI Barranquilla,Barranquilla,TCC,KMS22352363,15900,2026-06-30 20:39:38,Entregado,2026-06-29 14:15:40,True,1.0,1.1500231481481482,True
PED004807,10,10,2026-06-28 14:09:18,2026-06-29 00:09:18,10.0,0,CEDI Bogotá,Bogotá D.C.,TCC,KMS75356820,15290,2026-06-29 23:09:18,Entregado,2026-06-29 00:09:18,True,1.0,0.4166666666666667,True
PED004808,10,10,2026-01-05 00:18:21,2026-01-06 12:36:50,36.31,0,CEDI Pereira,Pereira,Inter Rapidísimo,KMS99291779,11900,2026-01-07 02:18:21,Entregado,2026-01-06 12:36:50,True,1.0,1.5128356481481482,True
PED004809,10,10,2026-03-18 15:26:35,2026-03-19 01:26:35,9.99,0,CEDI Bogotá,Bogotá D.C.,Envia,KMS93480654,11900,2026-03-20 07:26:35,Entregado,2026-03-19 01:26:35,True,1.0,0.4166666666666667,True
PED004810,10,10,2026-05-29 16:58:23,2026-05-30 23:40:20,30.700000000000003,0,CEDI Bogotá,Bogotá D.C.,Inter Rapidísimo,KMS38441585,8900,2026-05-31 08:58:23,Entregado,2026-05-30 23:40:20,True,1.0,1.2791319444444444,True
PED004811,10,10,2026-02-01 00:21:12,2026-02-02 04:05:37,27.740000000000002,1,CEDI Pereira,Pereira,Envia,KMS50676020,15900,2026-02-02 19:21:12,Entregado,2026-02-02 04:05:37,True,1.0,1.1558449074074073,True
PED004812,10,10,2026-06-13 13:50:41,2026-06-14 15:54:36,26.07,0,CEDI Cali,Cali,Coordinadora,KMS50496038,13900,2026-06-15 06:50:41,Entregado,2026-06-14 15:54:36,True,1.0,1.0860532407407408,True
PED004813,10,10,2026-01-09 06:49:54,2026-01-10 22:45:41,39.93,0,CEDI Barranquilla,Barranquilla,Coordinadora,KMS75976946,18900,2026-01-11 09:49:54,Entregado,2026-01-10 22:45:41,True,1.0,1.663738425925926,True
PED004814,10,10,2026-03-29 15:49:36,2026-03-31 02:55:15,35.1,0,CEDI Bucaramanga,Bucaramanga,Coordinadora,KMS12900996,18900,2026-03-31 19:49:36,Entregado,2026-03-31 02:55:15,True,1.0,1.4622569444444444,True
PED004815,10,10,2026-05-31 02:58:52,2026-06-01 18:29:19,39.52,0,CEDI Cali,Cali,Envia,KMS93635272,18900,2026-06-02 02:58:52,Entregado,2026-06-01 18:29:19,True,1.0,1.6461458333333334,True
PED004816,10,10,2026-01-17 08:30:22,2026-01-19 18:58:28,58.48,0,CEDI Barranquilla,Barranquilla,Coordinadora,KMS61562848,15900,2026-01-19 18:30:22,Entregado,2026-01-19 18:58:28,True,0.0,2.4361805555555556,True
PED004817,10,10,2026-01-08 04:51:35,2026-01-11 18:27:42,85.61,0,CEDI Bucaramanga,Bucaramanga,TCC,KMS27702100,9900,2026-01-10 08:51:35,Entregado,2026-01-11 18:27:42,True,0.0,3.5667476851851854,True
PED004818,10,10,2026-03-06 00:48:56,2026-03-07 16:32:48,39.74,0,CEDI Bogotá,Bogotá D.C.,Inter Rapidísimo,KMS37473552,18900,2026-03-07 16:48:56,Entregado,2026-03-07 16:32:48,True,1.0,1.655462962962963,True
PED004819,10,10,2026-01-08 18:15:53,2026-01-10 09:35:14,39.32,0,CEDI Cali,Cali,Inter Rapidísimo,KMS96299729,10890,2026-01-10 18:15:53,Entregado,2026-01-10 09:35:14,True,1.0,1.6384375,True
PED004820,10,10,2026-01-25 20:07:16,2026-01-26 19:13:57,23.11,0,CEDI Medellín,Medellín,Envia,KMS12600582,13090,2026-01-27 18:07:16,Entregado,2026-01-26 19:13:57,True,1.0,0.9629745370370371,True
PED004821,10,10,2026-06-05 02:08:40,2026-06-06 02:18:34,24.17,0,CEDI Bogotá,Bogotá D.C.,Inter Rapidísimo,KMS55473682,18900,2026-06-06 18:08:40,Entregado,2026-06-06 02:18:34,True,1.0,1.006875,True
PED004822,10,10,2026-06-02 23:04:36,2026-06-04 06:04:27,30.990000000000002,0,CEDI Cali,Cali,Coordinadora,KMS47531783,10890,2026-06-04 23:04:36,Entregado,2026-06-04 06:04:27,True,1.0,1.2915625,True
PED004823,10,10,2026-04-04 05:22:54,2026-04-05 13:44:00,32.35,0,CEDI Medellín,Medellín,Servientrega,KMS40709883,8900,2026-04-06 03:22:54,Entregado,2026-04-05 13:44:00,True,1.0,1.347986111111111,True
PED004824,10,10,2026-05-04 20:19:33,2026-05-07 15:41:34,67.38,0,CEDI Cali,Cali,TCC,KMS76720866,11900,2026-05-06 20:19:33,Entregado,2026-05-07 15:41:34,True,0.0,2.8069560185185187,True
PED004825,10,10,2026-05-23 12:22:34,2026-05-24 10:51:17,22.48,0,CEDI Bogotá,Bogotá D.C.,Envia,KMS97876217,8900,2026-05-25 04:22:34,Entregado,2026-05-24 10:51:17,True,1.0,0.9366087962962963,True
PED004826,10,10,2026-03-21 16:43:34,2026-03-23 10:45:06,42.03,0,CEDI Bucaramanga,Bucaramanga,Envia,KMS58126615,18900,2026-03-23 20:43:34,Entregado,2026-03-23 10:45:06,True,1.0,1.751064814814815,True
PED004827,10,10,2026-03-05 22:56:44,2026-03-07 06:55:32,31.98,0,CEDI Medellín,Medellín,Inter Rapidísimo,KMS25383414,18900,2026-03-07 13:56:44,Entregado,2026-03-07 06:55:32,True,1.0,1.3325,True
PED004828,10,10,2026-04-01 20:16:36,2026-04-03 11:53:30,39.62,0,CEDI Cali,Cali,Envia,KMS62534930,8900,2026-04-03 20:16:36,Entregado,2026-04-03 11:53:30,True,1.0,1.650625,True
PED004829,10,10,2026-06-05 05:08:10,2026-06-07 15:55:17,58.78,1,CEDI Bogotá,Bogotá D.C.,Envia,KMS98779936,8900,2026-06-06 21:08:10,Entregado,2026-06-07 15:55:17,True,0.0,2.449386574074074,True
PED004830,10,10,2026-05-12 07:28:58,2026-05-13 06:13:31,22.75,0,CEDI Bogotá,Bogotá D.C.,Inter Rapidísimo,KMS33045648,9900,2026-05-13 23:28:58,Entregado,2026-05-13 06:13:31,True,1.0,0.9476041666666667,True
PED004831,10,10,2026-02-16 18:46:51,2026-02-18 17:20:02,46.55,0,CEDI Cali,Cali,Coordinadora,KMS47367944,13900,2026-02-18 18:46:51,Entregado,2026-02-18 17:20:02,True,1.0,1.939710648148148,True
PED004832,10,10,2026-05-23 01:36:09,2026-05-24 05:08:33,27.549999999999997,0,CEDI Bogotá,Bogotá D.C.,Inter Rapidísimo,KMS39274480,18900,2026-05-24 17:36:09,Entregado,2026-05-24 05:08:33,True,1.0,1.1475,True
PED004833,10,10,2026-06-24 17:38:49,2026-06-26 01:09:19,31.5,1,CEDI Pereira,Pereira,Coordinadora,KMS83511683,8900,2026-06-26 12:38:49,Entregado,2026-06-26 01:09:19,True,1.0,1.3128472222222223,True
PED004834,10,10,2026-02-04 00:41:53,2026-02-04 22:55:32,22.22,0,CEDI Bogotá,Bogotá D.C.,Servientrega,KMS49132381,15290,2026-02-05 16:41:53,Entregado,2026-02-04 22:55:32,True,1.0,0.9261458333333333,True
PED004835,10,10,2026-06-17 15:16:50,2026-06-18 08:13:18,16.95,0,CEDI Bogotá,Bogotá D.C.,Servientrega,KMS54321058,8900,2026-06-19 07:16:50,Entregado,2026-06-18 08:13:18,True,1.0,0.7058796296296296,True
PED004836,10,10,2026-04-20 18:51:08,2026-04-21 08:03:11,13.22,0,CEDI Bogotá,Bogotá D.C.,Inter Rapidísimo,KMS16188275,9900,2026-04-22 03:51:08,Entregado,2026-04-21 08:03:11,True,1.0,0.5500347222222223,True
PED004837,10,10,2026-05-17 23:13:17,2026-05-19 14:49:58,39.620000000000005,1,CEDI Bogotá,Bogotá D.C.,Envia,KMS42157838,18900,2026-05-19 15:13:17,Entregado,2026-05-19 14:49:58,True,1.0,1.650474537037037,True
PED004838,10,10,2026-05-02 17:45:35,2026-05-05 08:43:07,62.95,0,CEDI Pereira,Pereira,Envia,KMS54858417,13900,2026-05-04 19:45:35,Entregado,2026-05-05 08:43:07,True,0.0,2.623287037037037,True
PED004839,10,10,2026-03-11 21:41:25,2026-03-13 00:09:48,26.47,0,CEDI Medellín,Medellín,Envia,KMS81981602,13090,2026-03-13 19:41:25,Entregado,2026-03-13 00:09:48,True,1.0,1.1030439814814814,True
PED004840,10,10,2026-01-14 05:28:05,2026-01-15 13:30:38,32.05,0,CEDI Bucaramanga,Bucaramanga,Servientrega,KMS39730376,18900,2026-01-16 09:28:05,Entregado,2026-01-15 13:30:38,True,1.0,1.3351041666666668,True
PED004841,10,10,2026-03-15 20:22:50,2026-03-17 07:34:27,35.2,1,CEDI Cali,Cali,TCC,KMS95064357,13900,2026-03-17 13:22:50,Entregado,2026-03-17 07:34:27,True,1.0,1.466400462962963,True
PED004842,10,10,2026-03-20 04:17:35,2026-03-21 21:27:07,41.15,0,CEDI Bogotá,Bogotá D.C.,TCC,KMS92786747,15900,2026-03-21 20:17:35,Entregado,2026-03-21 21:27:07,True,0.0,1.7149537037037037,True
PED004843,10,10,2026-03-02 07:55:09,2026-03-03 18:25:08,34.5,0,CEDI Cali,Cali,TCC,KMS41633425,13900,2026-03-04 00:55:09,Entregado,2026-03-03 18:25:08,True,1.0,1.437488425925926,True
PED004844,10,10,2026-04-09 06:01:21,2026-04-09 20:37:21,14.59,0,CEDI Bogotá,Bogotá D.C.,Coordinadora,KMS28538877,8900,2026-04-10 22:01:21,Entregado,2026-04-09 20:37:21,True,1.0,0.6083333333333333,True
PED004845,10,10,2026-06-18 07:56:28,2026-06-20 10:54:07,50.97,1,CEDI Bucaramanga,Bucaramanga,Inter Rapidísimo,KMS80433379,8900,2026-06-20 11:56:28,Entregado,2026-06-20 10:54:07,True,1.0,2.1233680555555554,True
PED004846,10,10,2026-05-01 03:00:28,2026-05-02 06:02:56,27.05,0,CEDI Bogotá,Bogotá D.C.,Servientrega,KMS73391506,10890,2026-05-02 19:00:28,Entregado,2026-05-02 06:02:56,True,1.0,1.1267129629629629,True
PED004847,10,10,2026-02-26 04:51:24,2026-02-27 11:13:09,30.369999999999997,1,CEDI Bucaramanga,Bucaramanga,Servientrega,KMS35303832,18900,2026-02-28 01:51:24,Entregado,2026-02-27 11:13:09,True,1.0,1.2651041666666667,True
PED004848,10,10,2026-02-02 18:36:19,2026-02-04 09:33:45,38.95,0,CEDI Cali,Cali,Envia,KMS51541485,18900,2026-02-04 18:36:19,Entregado,2026-02-04 09:33:45,True,1.0,1.6232175925925927,True
PED004849,10,10,2026-01-23 00:15:14,2026-01-24 15:33:36,39.3,0,CEDI Barranquilla,Barranquilla,Envia,KMS74847836,20790,2026-01-25 10:15:14,Entregado,2026-01-24 15:33:36,True,1.0,1.6377546296296297,True
PED004850,10,10,2026-04-17 10:20:28,2026-04-18 17:34:30,31.22,0,CEDI Barranquilla,Barranquilla,Envia,KMS81327237,8900,2026-04-19 13:20:28,Entregado,2026-04-18 17:34:30,True,1.0,1.301412037037037,True
PED004851,10,10,2026-05-27 00:38:58,2026-05-28 23:42:59,47.08,1,CEDI Bogotá,Bogotá D.C.,TCC,KMS30940353,13090,2026-05-28 16:38:58,Entregado,2026-05-28 23:42:59,True,0.0,1.9611226851851853,True
PED004852,10,10,2026-01-09 22:04:05,2026-01-11 04:40:33,30.61,0,CEDI Medellín,Medellín,Coordinadora,KMS96986295,15900,2026-01-11 20:04:05,Entregado,2026-01-11 04:40:33,True,1.0,1.275324074074074,True
PED004853,10,10,2026-06-10 03:00:35,2026-06-11 19:58:39,40.96,0,CEDI Pereira,Pereira,Envia,KMS91932847,13900,2026-06-12 05:00:35,Entregado,2026-06-11 19:58:39,True,1.0,1.7069907407407408,True
PED004854,10,10,2026-01-15 05:40:12,2026-01-16 15:03:47,33.4,0,CEDI Medellín,Medellín,Coordinadora,KMS83034487,20790,2026-01-16 20:40:12,Entregado,2026-01-16 15:03:47,True,1.0,1.3913773148148147,True
PED004855,10,10,2026-04-15 15:07:22,2026-04-17 06:40:16,39.54,0,CEDI Medellín,Medellín,Envia,KMS46260998,9790,2026-04-17 13:07:22,Entregado,2026-04-17 06:40:16,True,1.0,1.6478472222222222,True
PED004856,10,10,2026-06-17 19:24:55,2026-06-19 16:10:23,44.769999999999996,0,CEDI Medellín,Medellín,Coordinadora,KMS46689145,13900,2026-06-19 17:24:55,Entregado,2026-06-19 16:10:23,True,1.0,1.8649074074074075,True
PED004857,10,10,2026-04-10 09:21:56,2026-04-11 08:27:33,23.09,1,CEDI Bogotá,Bogotá D.C.,TCC,KMS88837800,13900,2026-04-12 01:21:56,Entregado,2026-04-11 08:27:33,True,1.0,0.9622337962962964,True
PED004858,10,10,2026-03-21 10:08:59,2026-03-22 00:15:24,14.120000000000001,1,CEDI Bogotá,Bogotá D.C.,Envia,KMS46937499,13090,2026-03-22 19:08:59,Entregado,2026-03-22 00:15:24,True,1.0,0.5877893518518519,True
PED004859,10,10,2026-04-12 10:45:01,2026-04-13 18:55:02,32.16,0,CEDI Bogotá,Bogotá D.C.,Coordinadora,KMS38204154,9900,2026-04-14 02:45:01,Entregado,2026-04-13 18:55:02,True,1.0,1.340289351851852,True
PED004860,10,10,2026-01-12 02:58:32,2026-01-13 03:00:09,24.04,0,CEDI Medellín,Medellín,Servientrega,KMS80735463,15900,2026-01-14 00:58:32,Entregado,2026-01-13 03:00:09,True,1.0,1.001122685185185,True
PED004861,10,10,2026-03-18 10:07:38,2026-03-20 04:19:08,42.2,0,CEDI Bogotá,Bogotá D.C.,TCC,KMS79125072,11900,2026-03-20 02:07:38,Entregado,2026-03-20 04:19:08,True,0.0,1.757986111111111,True
PED004862,10,10,2026-02-18 17:48:25,2026-02-19 19:12:34,25.41,1,CEDI Bogotá,Bogotá D.C.,Inter Rapidísimo,KMS55683468,11900,2026-02-20 09:48:25,Entregado,2026-02-19 19:12:34,True,1.0,1.0584375,True
PED004863,10,10,2026-03-21 09:04:50,2026-03-23 12:36:24,51.54,0,CEDI Pereira,Pereira,Servientrega,KMS82561835,9900,2026-03-23 11:04:50,Entregado,2026-03-23 12:36:24,True,0.0,2.1469212962962962,True
PED004864,10,10,2026-01-07 03:29:27,2026-01-09 05:36:12,50.11,0,CEDI Medellín,Medellín,TCC,KMS10602657,8900,2026-01-09 01:29:27,Entregado,2026-01-09 05:36:12,True,0.0,2.088020833333333,True
PED004865,10,10,2026-02-09 08:35:51,2026-02-10 19:51:59,35.29,0,CEDI Barranquilla,Barranquilla,Envia,KMS50908543,20790,2026-02-11 18:35:51,Entregado,2026-02-10 19:51:59,True,1.0,1.469537037037037,True
PED004866,10,10,2026-05-03 00:47:13,2026-05-04 05:26:36,28.66,0,CEDI Bogotá,Bogotá D.C.,TCC,KMS39003676,17490,2026-05-04 16:47:13,Entregado,2026-05-04 05:26:36,True,1.0,1.1940162037037036,True
PED004867,10,10,2026-01-18 14:26:28,2026-01-20 01:17:37,34.85,0,CEDI Cali,Cali,Servientrega,KMS18534124,13900,2026-01-20 14:26:28,Entregado,2026-01-20 01:17:37,True,1.0,1.4521875,True
PED004868,10,10,2026-05-09 03:44:47,2026-05-10 14:02:37,34.29,0,CEDI Cali,Cali,Coordinadora,KMS65530216,20790,2026-05-11 03:44:47,Entregado,2026-05-10 14:02:37,True,1.0,1.4290509259259259,True
PED004869,10,10,2026-01-08 07:31:14,2026-01-09 19:06:25,35.58,0,CEDI Bucaramanga,Bucaramanga,Servientrega,KMS12468070,20790,2026-01-10 04:31:14,Entregado,2026-01-09 19:06:25,True,1.0,1.4827662037037037,True
PED004870,10,10,2026-06-09 17:24:08,2026-06-10 13:11:22,19.78,0,CEDI Bucaramanga,Bucaramanga,Inter Rapidísimo,KMS33226646,18900,2026-06-11 14:24:08,Entregado,2026-06-10 13:11:22,True,1.0,0.8244675925925926,True
PED004871,10,10,2026-06-15 21:49:11,2026-06-17 12:19:05,38.5,0,CEDI Bogotá,Bogotá D.C.,Inter Rapidísimo,KMS44519541,9790,2026-06-17 13:49:11,Entregado,2026-06-17 12:19:05,True,1.0,1.6040972222222223,True
PED004872,10,10,2026-01-01 23:23:17,2026-01-03 18:55:19,43.53,0,CEDI Barranquilla,Barranquilla,Servientrega,KMS91849554,9900,2026-01-04 02:23:17,Entregado,2026-01-03 18:55:19,True,1.0,1.813912037037037,True
PED004873,10,10,2026-06-06 06:22:36,2026-06-08 17:32:48,59.19,1,CEDI Pereira,Pereira,Servientrega,KMS34684867,11900,2026-06-08 01:22:36,Entregado,2026-06-08 17:32:48,True,0.0,2.4654166666666666,True
PED004874,10,10,2026-04-17 08:15:27,2026-04-18 02:39:37,18.42,0,CEDI Medellín,Medellín,Envia,KMS26542090,9790,2026-04-18 23:15:27,Entregado,2026-04-18 02:39:37,True,1.0,0.7667824074074074,True
PED004875,10,10,2026-01-13 19:30:29,2026-01-16 02:49:02,55.3,0,CEDI Medellín,Medellín,Inter Rapidísimo,KMS16163709,9900,2026-01-15 17:30:29,Entregado,2026-01-16 02:49:02,True,0.0,2.304548611111111,True
PED004876,10,10,2026-04-13 11:22:32,2026-04-13 21:22:32,9.99,0,CEDI Bogotá,Bogotá D.C.,Envia,KMS10978242,9900,2026-04-15 03:22:32,Entregado,2026-04-13 21:22:32,True,1.0,0.4166666666666667,True
PED004877,10,10,2026-06-18 08:09:03,2026-06-19 10:11:50,26.05,0,CEDI Bucaramanga,Bucaramanga,TCC,KMS32705928,9900,2026-06-20 12:09:03,Entregado,2026-06-19 10:11:50,True,1.0,1.0852662037037037,True
PED004878,10,10,2026-03-19 22:19:42,2026-03-20 20:16:47,21.939999999999998,0,CEDI Medellín,Medellín,Inter Rapidísimo,KMS86966509,18900,2026-03-21 20:19:42,Entregado,2026-03-20 20:16:47,True,1.0,0.9146412037037037,True
PED004879,10,10,2026-01-07 00:25:32,2026-01-08 23:35:13,47.16,0,CEDI Barranquilla,Barranquilla,Coordinadora,KMS86950490,9790,2026-01-09 10:25:32,Entregado,2026-01-08 23:35:13,True,1.0,1.9650578703703703,True
PED004880,10,10,2026-04-10 06:52:58,2026-04-12 01:06:09,42.23,0,CEDI Cali,Cali,Coordinadora,KMS44551228,11900,2026-04-12 06:52:58,Entregado,2026-04-12 01:06:09,True,1.0,1.7591550925925925,True
PED004881,10,10,2026-01-19 00:28:34,2026-01-20 18:14:58,41.769999999999996,1,CEDI Medellín,Medellín,Inter Rapidísimo,KMS16188550,9900,2026-01-20 22:28:34,Entregado,2026-01-20 18:14:58,True,1.0,1.7405555555555556,True
PED004882,10,10,2026-05-24 02:59:39,2026-05-25 22:39:12,43.66,0,CEDI Medellín,Medellín,Envia,KMS72968245,11900,2026-05-25 17:59:39,Entregado,2026-05-25 22:39:12,True,0.0,1.8191319444444445,True
PED004883,10,10,2026-04-25 19:09:34,2026-04-27 03:50:47,32.7,0,CEDI Medellín,Medellín,Inter Rapidísimo,KMS37180891,8900,2026-04-27 17:09:34,Entregado,2026-04-27 03:50:47,True,1.0,1.3619560185185184,True
PED004884,10,10,2026-02-22 01:59:48,2026-02-23 16:46:20,38.8,0,CEDI Barranquilla,Barranquilla,TCC,KMS14090507,9900,2026-02-24 11:59:48,Entregado,2026-02-23 16:46:20,True,1.0,1.6156481481481482,True
PED004885,10,10,2026-03-29 10:49:42,2026-03-31 01:08:08,38.31,0,CEDI Bucaramanga,Bucaramanga,Envia,KMS87387212,9900,2026-03-31 14:49:42,Entregado,2026-03-31 01:08:08,True,1.0,1.5961342592592593,True
PED004886,10,10,2026-01-05 23:37:05,2026-01-07 19:52:06,44.26,0,CEDI Pereira,Pereira,Servientrega,KMS70617774,8900,2026-01-08 01:37:05,Entregado,2026-01-07 19:52:06,True,1.0,1.843761574074074,True
PED004887,10,10,2026-06-05 08:44:31,2026-06-07 18:53:14,58.14,0,CEDI Cali,Cali,Inter Rapidísimo,KMS64914576,10890,2026-06-07 01:44:31,Entregado,2026-06-07 18:53:14,True,0.0,2.4227199074074073,True
PED004888,10,10,2026-03-16 11:01:03,2026-03-18 00:17:20,37.26,0,CEDI Barranquilla,Barranquilla,Inter Rapidísimo,KMS91343621,18900,2026-03-18 21:01:03,Entregado,2026-03-18 00:17:20,True,1.0,1.5529745370370371,True
PED004889,10,10,2026-01-07 21:55:23,2026-01-09 12:46:07,38.85,1,CEDI Medellín,Medellín,Envia,KMS27128126,13900,2026-01-09 19:55:23,Entregado,2026-01-09 12:46:07,True,1.0,1.6185648148148148,True
PED004890,10,10,2026-01-17 17:13:03,2026-01-18 22:33:03,29.35,0,CEDI Cali,Cali,Coordinadora,KMS65271775,13900,2026-01-19 10:13:03,Entregado,2026-01-18 22:33:03,True,1.0,1.2222222222222223,True
PED004891,10,10,2026-03-22 23:31:32,2026-03-24 06:00:22,30.48,0,CEDI Bogotá,Bogotá D.C.,Coordinadora,KMS54939247,18900,2026-03-24 15:31:32,Entregado,2026-03-24 06:00:22,True,1.0,1.270023148148148,True
PED004892,10,10,2026-02-06 08:49:53,2026-02-08 04:38:33,43.81,0,CEDI Barranquilla,Barranquilla,Envia,KMS23897906,15290,2026-02-08 11:49:53,Entregado,2026-02-08 04:38:33,True,1.0,1.825462962962963,True
PED004893,10,10,2026-05-13 12:16:25,2026-05-15 02:46:05,38.48,0,CEDI Barranquilla,Barranquilla,Envia,KMS53851107,18900,2026-05-15 15:16:25,Entregado,2026-05-15 02:46:05,True,1.0,1.603935185185185,True
PED004894,10,10,2026-03-21 17:14:07,2026-03-23 04:42:38,35.47,0,CEDI Bogotá,Bogotá D.C.,Inter Rapidísimo,KMS87791009,13900,2026-03-23 09:14:07,Entregado,2026-03-23 04:42:38,True,1.0,1.4781365740740742,True
PED004895,10,10,2026-02-06 11:38:20,2026-02-08 11:55:57,48.3,0,CEDI Barranquilla,Barranquilla,Coordinadora,KMS49376626,13900,2026-02-08 21:38:20,Entregado,2026-02-08 11:55:57,True,1.0,2.012233796296296,True
PED004896,10,10,2026-01-27 03:56:03,2026-01-29 03:25:54,47.5,0,CEDI Cali,Cali,Coordinadora,KMS67217265,13900,2026-01-28 20:56:03,Entregado,2026-01-29 03:25:54,True,0.0,1.9790625,True
PED004897,10,10,2026-06-28 23:31:06,2026-06-30 18:52:51,43.370000000000005,0,CEDI Cali,Cali,Envia,KMS82504387,15290,2026-06-30 23:31:06,Entregado,2026-06-30 18:52:51,True,1.0,1.8067708333333334,True
PED004898,10,10,2026-03-02 18:50:37,2026-03-04 00:29:19,29.639999999999997,0,CEDI Barranquilla,Barranquilla,Envia,KMS74987765,15900,2026-03-05 04:50:37,Entregado,2026-03-04 00:29:19,True,1.0,1.2352083333333332,True
PED004899,10,10,2026-04-30 21:01:29,2026-05-03 04:29:27,55.47,0,CEDI Barranquilla,Barranquilla,TCC,KMS53585741,9900,2026-05-03 07:01:29,Entregado,2026-05-03 04:29:27,True,1.0,2.311087962962963,True
PED004900,10,10,2026-02-07 05:13:58,2026-02-08 19:08:26,37.91,0,CEDI Barranquilla,Barranquilla,Inter Rapidísimo,KMS66164472,10890,2026-02-09 08:13:58,Entregado,2026-02-08 19:08:26,True,1.0,1.5794907407407408,True
PED004901,10,10,2026-06-25 02:33:03,2026-06-26 04:24:32,25.85,0,CEDI Bogotá,Bogotá D.C.,Envia,KMS71099367,15900,2026-06-26 18:33:03,Entregado,2026-06-26 04:24:32,True,1.0,1.0774189814814814,True
PED004902,10,10,2026-02-27 09:32:11,2026-03-01 01:53:04,40.36,0,CEDI Barranquilla,Barranquilla,Servientrega,KMS79532494,13090,2026-03-01 19:32:11,Entregado,2026-03-01 01:53:04,True,1.0,1.6811689814814814,True
PED004903,10,10,2026-05-19 20:10:11,2026-05-21 21:09:39,48.99,0,CEDI Medellín,Medellín,Servientrega,KMS64465640,18900,2026-05-21 18:10:13,Entregado,2026-05-21 21:09:39,True,0.0,2.0412962962962964,True
PED004904,10,10,2026-06-07 04:57:57,2026-06-08 02:41:50,21.73,0,CEDI Medellín,Medellín,Envia,KMS15809398,9790,2026-06-08 19:57:57,Entregado,2026-06-08 02:41:50,True,1.0,0.9054745370370371,True
PED004905,10,10,2026-06-13 02:45:21,2026-06-13 23:16:40,20.52,0,CEDI Bogotá,Bogotá D.C.,Envia,KMS93950298,13900,2026-06-14 18:45:21,Entregado,2026-06-13 23:16:40,True,1.0,0.8550810185185185,True
PED004906,10,10,2026-04-03 04:35:03,2026-04-04 12:42:56,32.129999999999995,0,CEDI Bogotá,Bogotá D.C.,Envia,KMS33751066,13900,2026-04-04 20:35:03,Entregado,2026-04-04 12:42:56,True,1.0,1.3388078703703703,True
PED004907,10,10,2026-02-18 10:39:25,2026-02-20 10:52:59,48.22,0,CEDI Bogotá,Bogotá D.C.,Coordinadora,KMS29467463,13900,2026-02-20 02:39:25,Entregado,2026-02-20 10:52:59,True,0.0,2.0094212962962965,True
PED004908,10,10,2026-03-20 05:18:57,2026-03-21 10:33:56,29.26,0,CEDI Medellín,Medellín,TCC,KMS37712131,8900,2026-03-22 03:18:57,Entregado,2026-03-21 10:33:56,True,1.0,1.218738425925926,True
PED004909,10,10,2026-05-30 21:16:01,2026-05-31 21:26:17,24.17,0,CEDI Medellín,Medellín,Servientrega,KMS24446558,13090,2026-06-01 12:16:01,Entregado,2026-05-31 21:26:17,True,1.0,1.0071296296296297,True
PED004910,10,10,2026-05-17 11:10:01,2026-05-18 15:01:46,27.85,0,CEDI Bogotá,Bogotá D.C.,Coordinadora,KMS14658654,13900,2026-05-19 03:10:01,Entregado,2026-05-18 15:01:46,True,1.0,1.1609375,True
PED004911,10,10,2026-02-15 18:53:27,2026-02-17 17:24:02,46.510000000000005,0,CEDI Barranquilla,Barranquilla,Servientrega,KMS70395421,18900,2026-02-18 04:53:27,Entregado,2026-02-17 17:24:02,True,1.0,1.9379050925925927,True
PED004912,10,10,2026-01-14 23:37:09,2026-01-15 15:59:46,16.38,0,CEDI Bogotá,Bogotá D.C.,Servientrega,KMS20156946,11900,2026-01-16 15:37:09,Entregado,2026-01-15 15:59:46,True,1.0,0.6823726851851852,True
PED004913,10,10,2026-05-31 08:37:53,2026-06-01 17:05:38,32.45,0,CEDI Medellín,Medellín,Envia,KMS98710811,13900,2026-06-01 23:37:53,Entregado,2026-06-01 17:05:38,True,1.0,1.3526041666666666,True
PED004914,10,10,2026-03-14 10:04:16,2026-03-15 18:17:04,32.21,1,CEDI Pereira,Pereira,Envia,KMS88971503,13900,2026-03-16 05:04:16,Entregado,2026-03-15 18:17:04,True,1.0,1.3422222222222222,True
PED004915,10,10,2026-04-26 13:35:14,2026-04-27 19:27:30,29.87,0,CEDI Bogotá,Bogotá D.C.,Envia,KMS38298953,8900,2026-04-28 05:35:14,Entregado,2026-04-27 19:27:30,True,1.0,1.2446296296296295,True
PED004916,10,10,2026-03-18 11:50:40,2026-03-19 06:10:28,18.31,0,CEDI Bogotá,Bogotá D.C.,Envia,KMS12137433,13900,2026-03-19 20:50:40,Entregado,2026-03-19 06:10:28,True,1.0,0.76375,True
PED004917,10,10,2026-05-30 20:49:14,2026-05-31 23:35:09,26.78,0,CEDI Medellín,Medellín,Servientrega,KMS21118244,9790,2026-06-01 11:49:14,Entregado,2026-05-31 23:35:09,True,1.0,1.1152199074074074,True
PED004918,10,10,2026-02-14 11:05:39,2026-02-15 15:32:37,28.45,0,CEDI Bogotá,Bogotá D.C.,Coordinadora,KMS25802026,13900,2026-02-15 20:05:39,Entregado,2026-02-15 15:32:37,True,1.0,1.1853935185185185,True
PED004919,10,10,2026-04-18 10:52:12,2026-04-19 19:53:16,33.01,0,CEDI Bogotá,Bogotá D.C.,Coordinadora,KMS21366159,15900,2026-04-20 02:52:12,Entregado,2026-04-19 19:53:16,True,1.0,1.3757407407407407,True
PED004920,10,10,2026-05-29 18:15:15,2026-05-30 17:12:43,22.96,0,CEDI Bogotá,Bogotá D.C.,Servientrega,KMS16807780,18900,2026-05-31 03:15:15,Entregado,2026-05-30 17:12:43,True,1.0,0.956574074074074,True
PED004921,10,10,2026-01-09 13:39:15,2026-01-10 23:04:56,33.44,0,CEDI Bucaramanga,Bucaramanga,TCC,KMS81175161,13900,2026-01-11 17:39:15,Entregado,2026-01-10 23:04:56,True,1.0,1.392835648148148,True
PED004922,10,10,2026-06-06 18:01:19,2026-06-07 23:21:32,29.35,0,CEDI Bogotá,Bogotá D.C.,Coordinadora,KMS92469290,11900,2026-06-08 10:01:19,Entregado,2026-06-07 23:21:32,True,1.0,1.2223726851851853,True
PED004923,10,10,2026-01-31 02:38:24,2026-02-01 03:52:03,25.22,0,CEDI Medellín,Medellín,Servientrega,KMS16800520,9900,2026-02-02 00:38:24,Entregado,2026-02-01 03:52:03,True,1.0,1.0511458333333332,True
PED004924,10,10,2026-04-25 10:13:41,2026-04-27 10:10:55,47.95,0,CEDI Medellín,Medellín,Coordinadora,KMS67552675,15900,2026-04-27 08:13:41,Entregado,2026-04-27 10:10:55,True,0.0,1.9980787037037038,True
PED004925,10,10,2026-04-27 07:03:27,2026-04-28 16:25:25,33.38,0,CEDI Medellín,Medellín,Coordinadora,KMS85486769,8900,2026-04-29 05:03:27,Entregado,2026-04-28 16:25:25,True,1.0,1.3902546296296296,True
PED004926,10,10,2026-03-03 09:22:55,2026-03-04 17:25:13,32.04,0,CEDI Medellín,Medellín,Servientrega,KMS45121779,9900,2026-03-05 07:22:55,Entregado,2026-03-04 17:25:13,True,1.0,1.3349305555555555,True
PED004927,10,10,2026-04-23 13:28:21,2026-04-24 12:38:04,23.17,0,CEDI Pereira,Pereira,TCC,KMS87616931,13090,2026-04-25 08:28:21,Entregado,2026-04-24 12:38:04,True,1.0,0.9650810185185185,True
PED004928,10,10,2026-04-21 22:05:27,2026-04-23 08:51:12,34.76,0,CEDI Cali,Cali,Servientrega,KMS88446356,15900,2026-04-23 22:05:27,Entregado,2026-04-23 08:51:12,True,1.0,1.4484375,True
PED004929,10,10,2026-02-05 20:37:47,2026-02-07 00:36:28,27.97,0,CEDI Bucaramanga,Bucaramanga,Coordinadora,KMS82277338,11900,2026-02-07 17:37:47,Entregado,2026-02-07 00:36:28,True,1.0,1.1657523148148148,True
PED004930,10,10,2026-03-15 10:41:22,2026-03-17 05:47:45,43.11,0,CEDI Barranquilla,Barranquilla,TCC,KMS96993306,15900,2026-03-17 20:41:22,Entregado,2026-03-17 05:47:45,True,1.0,1.796099537037037,True
PED004931,10,10,2026-02-04 02:21:09,2026-02-05 09:11:41,30.85,0,CEDI Medellín,Medellín,Envia,KMS97291275,8900,2026-02-06 00:21:09,Entregado,2026-02-05 09:11:41,True,1.0,1.2850925925925927,True
PED004932,10,10,2026-04-02 00:29:41,2026-04-03 07:52:37,31.380000000000003,0,CEDI Bogotá,Bogotá D.C.,Servientrega,KMS44926931,15290,2026-04-03 16:29:41,Entregado,2026-04-03 07:52:37,True,1.0,1.3075925925925926,True
PED004933,10,10,2026-06-19 04:05:35,2026-06-21 02:15:19,46.17,0,CEDI Bucaramanga,Bucaramanga,Servientrega,KMS71601558,17490,2026-06-21 08:05:35,Entregado,2026-06-21 02:15:19,True,1.0,1.9234259259259259,True
PED004934,10,10,2026-06-17 01:15:35,2026-06-18 18:27:17,41.190000000000005,0,CEDI Cali,Cali,TCC,KMS12479328,18900,2026-06-18 18:15:35,Entregado,2026-06-18 18:27:17,True,0.0,1.7164583333333334,True
PED004935,10,10,2026-05-10 22:27:13,2026-05-12 05:19:48,30.87,0,CEDI Cali,Cali,Inter Rapidísimo,KMS43195286,9900,2026-05-12 22:27:13,Entregado,2026-05-12 05:19:48,True,1.0,1.2865162037037037,True
PED004936,10,10,2026-03-12 22:51:15,2026-03-14 18:12:40,43.36,0,CEDI Bogotá,Bogotá D.C.,Servientrega,KMS86008747,11900,2026-03-14 07:51:15,Entregado,2026-03-14 18:12:40,True,0.0,1.8065393518518518,True
PED004937,10,10,2026-03-31 21:21:02,2026-04-01 20:35:25,23.24,1,CEDI Bogotá,Bogotá D.C.,Coordinadora,KMS27655698,15900,2026-04-02 06:21:02,Entregado,2026-04-01 20:35:25,True,1.0,0.9683217592592592,True
PED004938,10,10,2026-04-26 00:50:02,2026-04-28 00:20:01,47.5,0,CEDI Medellín,Medellín,TCC,KMS50075009,9900,2026-04-27 22:50:02,Entregado,2026-04-28 00:20:01,True,0.0,1.9791550925925927,True
PED004939,10,10,2026-03-14 05:50:44,2026-03-15 13:02:43,31.2,0,CEDI Bogotá,Bogotá D.C.,Servientrega,KMS41206171,10890,2026-03-15 21:50:44,Entregado,2026-03-15 13:02:43,True,1.0,1.299988425925926,True
PED004940,10,10,2026-06-02 09:16:09,2026-06-03 14:53:43,29.619999999999997,0,CEDI Bogotá,Bogotá D.C.,Servientrega,KMS78004802,11900,2026-06-04 01:16:09,Entregado,2026-06-03 14:53:43,True,1.0,1.2344212962962964,True
PED004941,10,10,2026-02-18 00:32:49,2026-02-19 14:55:54,38.39,0,CEDI Bogotá,Bogotá D.C.,Envia,KMS93679375,11900,2026-02-19 16:32:49,Entregado,2026-02-19 14:55:54,True,1.0,1.599363425925926,True
PED004942,10,10,2026-05-24 15:02:40,2026-05-26 21:22:11,54.32,0,CEDI Bogotá,Bogotá D.C.,Envia,KMS95488815,18900,2026-05-26 07:02:40,Entregado,2026-05-26 21:22:11,True,0.0,2.2635532407407406,True
PED004943,10,10,2026-05-14 06:31:44,2026-05-16 08:36:17,50.08,0,CEDI Medellín,Medellín,TCC,KMS68336985,13900,2026-05-15 21:31:44,Entregado,2026-05-16 08:36:17,True,0.0,2.0864930555555556,True
PED004944,10,10,2026-06-22 01:07:04,2026-06-23 13:10:40,36.050000000000004,0,CEDI Pereira,Pereira,Inter Rapidísimo,KMS72864012,13090,2026-06-24 03:07:04,Entregado,2026-06-23 13:10:40,True,1.0,1.5025,True
PED004945,10,10,2026-06-25 13:49:26,2026-06-26 11:04:21,21.26,0,CEDI Bogotá,Bogotá D.C.,TCC,KMS59839200,11900,2026-06-26 22:49:26,Entregado,2026-06-26 11:04:21,True,1.0,0.8853587962962963,True
PED004946,10,10,2026-03-29 10:28:42,2026-03-31 02:31:11,40.04,0,CEDI Cali,Cali,Servientrega,KMS88380947,8900,2026-03-31 10:28:42,Entregado,2026-03-31 02:31:11,True,1.0,1.6683912037037036,True
PED004947,10,10,2026-01-13 14:23:36,2026-01-14 11:36:46,21.21,1,CEDI Bogotá,Bogotá D.C.,Inter Rapidísimo,KMS27824545,18900,2026-01-15 06:23:36,Entregado,2026-01-14 11:36:46,True,1.0,0.8841435185185185,True
PED004948,10,10,2026-01-13 21:13:02,2026-01-15 20:19:18,47.1,0,CEDI Barranquilla,Barranquilla,Coordinadora,KMS58575118,17490,2026-01-16 07:13:02,Entregado,2026-01-15 20:19:18,True,1.0,1.9626851851851852,True
PED004949,10,10,2026-05-29 13:44:48,2026-05-31 01:07:43,35.379999999999995,1,CEDI Medellín,Medellín,Servientrega,KMS53552276,13900,2026-05-31 11:44:48,Entregado,2026-05-31 01:07:43,True,1.0,1.4742476851851851,True
PED004950,10,10,2026-02-07 16:37:51,2026-02-08 09:32:25,16.91,0,CEDI Bogotá,Bogotá D.C.,Coordinadora,KMS81991945,9900,2026-02-09 01:37:51,Entregado,2026-02-08 09:32:25,True,1.0,0.7045601851851852,True
PED004951,10,10,2026-01-18 03:43:09,2026-01-19 09:53:46,30.18,0,CEDI Cali,Cali,TCC,KMS46983139,20790,2026-01-20 03:43:09,Entregado,2026-01-19 09:53:46,True,1.0,1.2573726851851852,True
PED004952,10,10,2026-02-23 08:16:54,2026-02-25 01:41:47,41.400000000000006,0,CEDI Cali,Cali,TCC,KMS11698865,20790,2026-02-25 08:16:54,Entregado,2026-02-25 01:41:47,True,1.0,1.725613425925926,True
PED004953,10,10,2026-06-14 10:06:38,2026-06-15 07:31:48,21.419999999999998,0,CEDI Bogotá,Bogotá D.C.,Envia,KMS47190881,9900,2026-06-16 02:06:38,Entregado,2026-06-15 07:31:48,True,1.0,0.8924768518518519,True
PED004954,10,10,2026-05-19 17:09:25,2026-05-21 06:02:02,36.879999999999995,0,CEDI Pereira,Pereira,Coordinadora,KMS32066228,13090,2026-05-21 12:09:25,Entregado,2026-05-21 06:02:02,True,1.0,1.5365393518518518,True
PED004955,10,10,2026-05-07 10:10:43,2026-05-08 02:34:13,16.39,0,CEDI Bogotá,Bogotá D.C.,Inter Rapidísimo,KMS94019474,18900,2026-05-08 19:10:43,Entregado,2026-05-08 02:34:13,True,1.0,0.6829861111111111,True
PED004956,10,10,2026-01-29 01:01:54,2026-01-30 15:23:33,38.36,0,CEDI Barranquilla,Barranquilla,Servientrega,KMS58418322,9900,2026-01-31 11:01:54,Entregado,2026-01-30 15:23:33,True,1.0,1.5983680555555555,True
PED004957,10,10,2026-03-31 16:32:43,2026-04-01 19:51:17,27.32,0,CEDI Bogotá,Bogotá D.C.,Envia,KMS51152199,8900,2026-04-02 08:32:43,Entregado,2026-04-01 19:51:17,True,1.0,1.1378935185185186,True
PED004958,10,10,2026-05-18 17:57:08,2026-05-19 19:02:04,25.08,0,CEDI Medellín,Medellín,TCC,KMS66909288,9900,2026-05-20 15:57:08,Entregado,2026-05-19 19:02:04,True,1.0,1.0450925925925927,True
PED004959,10,10,2026-01-25 20:43:44,2026-01-27 22:15:27,49.51,0,CEDI Medellín,Medellín,Servientrega,KMS87026464,15900,2026-01-27 18:43:44,Entregado,2026-01-27 22:15:27,True,0.0,2.06369212962963,True
PED004960,10,10,2026-02-01 23:32:11,2026-02-03 07:25:49,31.89,0,CEDI Cali,Cali,Coordinadora,KMS36742515,18900,2026-02-03 23:32:11,Entregado,2026-02-03 07:25:49,True,1.0,1.328912037037037,True
PED004961,10,10,2026-03-31 21:21:52,2026-04-02 01:11:32,27.83,0,CEDI Bucaramanga,Bucaramanga,Inter Rapidísimo,KMS30389317,11900,2026-04-02 18:21:52,Entregado,2026-04-02 01:11:32,True,1.0,1.1594907407407407,True
PED004962,10,10,2026-02-13 09:10:45,2026-02-14 07:15:52,22.09,0,CEDI Bogotá,Bogotá D.C.,TCC,KMS63856880,15900,2026-02-15 01:10:45,Entregado,2026-02-14 07:15:52,True,1.0,0.9202199074074074,True
PED004963,10,10,2026-05-05 18:10:25,2026-05-08 00:08:24,53.97,0,CEDI Medellín,Medellín,TCC,KMS50211619,13900,2026-05-07 16:10:25,Entregado,2026-05-08 00:08:24,True,0.0,2.248599537037037,True
PED004964,10,10,2026-03-19 12:45:25,2026-03-20 08:09:47,19.4,0,CEDI Bogotá,Bogotá D.C.,TCC,KMS19080869,13900,2026-03-21 04:45:25,Entregado,2026-03-20 08:09:47,True,1.0,0.808587962962963,True
PED004965,10,10,2026-02-21 04:36:30,2026-02-23 03:39:39,47.06,0,CEDI Bucaramanga,Bucaramanga,Envia,KMS74554784,20790,2026-02-23 08:36:30,Entregado,2026-02-23 03:39:39,True,1.0,1.9605208333333333,True
PED004966,10,10,2026-01-08 21:10:04,2026-01-10 01:57:35,28.8,1,CEDI Bogotá,Bogotá D.C.,TCC,KMS22305214,8900,2026-01-10 06:10:04,Entregado,2026-01-10 01:57:35,True,1.0,1.199664351851852,True
PED004967,10,10,2026-02-20 18:18:48,2026-02-22 02:26:04,32.12,0,CEDI Medellín,Medellín,Coordinadora,KMS24660634,13900,2026-02-22 16:18:48,Entregado,2026-02-22 02:26:04,True,1.0,1.3383796296296295,True
PED004968,10,10,2026-04-10 21:38:24,2026-04-12 01:24:46,27.77,0,CEDI Medellín,Medellín,Servientrega,KMS85202226,13090,2026-04-12 12:38:24,Entregado,2026-04-12 01:24:46,True,1.0,1.157199074074074,True
PED004969,10,10,2026-04-22 23:31:52,2026-04-24 05:32:15,30.009999999999998,0,CEDI Bucaramanga,Bucaramanga,Inter Rapidísimo,KMS40063598,17490,2026-04-25 03:31:52,Entregado,2026-04-24 05:32:15,True,1.0,1.2502662037037038,True
PED004970,10,10,2026-04-26 06:45:53,2026-04-27 21:31:58,38.78,0,CEDI Pereira,Pereira,Coordinadora,KMS37949579,13900,2026-04-28 08:45:53,Entregado,2026-04-27 21:31:58,True,1.0,1.6153356481481482,True
PED004971,10,10,2026-06-18 12:29:12,2026-06-20 07:47:38,43.31,0,CEDI Bogotá,Bogotá D.C.,Envia,KMS75716205,13900,2026-06-20 04:29:12,Entregado,2026-06-20 07:47:38,True,0.0,1.8044675925925926,True
PED004972,10,10,2026-03-02 16:51:22,2026-03-04 13:19:05,44.46,0,CEDI Cali,Cali,Coordinadora,KMS45453720,18900,2026-03-04 16:51:22,Entregado,2026-03-04 13:19:05,True,1.0,1.8525810185185185,True
PED004973,10,10,2026-06-27 13:13:51,2026-06-29 08:03:59,42.83,0,CEDI Bucaramanga,Bucaramanga,Coordinadora,KMS56543304,15290,2026-06-29 17:13:51,Entregado,2026-06-29 08:03:59,True,1.0,1.7848148148148149,True
PED004974,10,10,2026-05-03 06:01:49,2026-05-04 03:54:38,21.87,0,CEDI Medellín,Medellín,Servientrega,KMS14202917,13090,2026-05-05 04:01:49,Entregado,2026-05-04 03:54:38,True,1.0,0.9116782407407408,True
PED004975,10,10,2026-04-02 08:42:58,2026-04-03 23:42:15,38.980000000000004,0,CEDI Barranquilla,Barranquilla,Inter Rapidísimo,KMS82532163,9900,2026-04-04 18:42:58,Entregado,2026-04-03 23:42:15,True,1.0,1.6245023148148148,True
PED004976,10,10,2026-06-16 20:01:03,2026-06-18 18:08:16,46.12,1,CEDI Bogotá,Bogotá D.C.,Servientrega,KMS20336445,11900,2026-06-18 12:01:03,Entregado,2026-06-18 18:08:16,True,0.0,1.9216782407407407,True
PED004977,10,10,2026-05-09 05:18:27,2026-05-10 11:54:37,30.61,0,CEDI Cali,Cali,Inter Rapidísimo,KMS15535049,15900,2026-05-11 05:18:27,Entregado,2026-05-10 11:54:37,True,1.0,1.2751157407407407,True
PED004978,10,10,2026-03-20 08:41:31,2026-03-21 16:32:01,31.84,0,CEDI Pereira,Pereira,Servientrega,KMS74649876,13900,2026-03-22 10:41:31,Entregado,2026-03-21 16:32:01,True,1.0,1.3267361111111111,True
PED004979,10,10,2026-01-03 06:53:17,2026-01-04 18:04:36,35.19,0,CEDI Cali,Cali,Inter Rapidísimo,KMS97331193,15900,2026-01-05 06:53:17,Entregado,2026-01-04 18:04:36,True,1.0,1.4661921296296296,True
PED004980,10,10,2026-06-18 08:18:14,2026-06-19 03:54:05,19.59,0,CEDI Bogotá,Bogotá D.C.,Servientrega,KMS50602303,15290,2026-06-20 00:18:14,Entregado,2026-06-19 03:54:05,True,1.0,0.8165625,True
PED004981,10,10,2026-05-18 15:38:03,2026-05-20 15:15:41,47.629999999999995,0,CEDI Barranquilla,Barranquilla,Envia,KMS68716567,15900,2026-05-21 01:38:03,Entregado,2026-05-20 15:15:41,True,1.0,1.9844675925925925,True
PED004982,10,10,2026-05-03 21:20:25,2026-05-05 21:43:07,48.38,0,CEDI Barranquilla,Barranquilla,Coordinadora,KMS89531634,15900,2026-05-06 07:20:25,Entregado,2026-05-05 21:43:07,True,1.0,2.015763888888889,True
PED004983,10,10,2026-05-08 16:53:27,2026-05-09 13:37:42,20.73,0,CEDI Bogotá,Bogotá D.C.,Coordinadora,KMS54169214,15900,2026-05-10 08:53:27,Entregado,2026-05-09 13:37:42,True,1.0,0.8640625,True
PED004984,10,10,2026-01-15 07:55:30,2026-01-16 19:34:11,35.65,0,CEDI Medellín,Medellín,Coordinadora,KMS46459428,9900,2026-01-16 22:55:30,Entregado,2026-01-16 19:34:11,True,1.0,1.4851967592592592,True
PED004985,10,10,2026-03-13 04:11:44,2026-03-15 03:41:04,47.49,0,CEDI Cali,Cali,Inter Rapidísimo,KMS25555248,13900,2026-03-15 04:11:44,Entregado,2026-03-15 03:41:04,True,1.0,1.9787037037037036,True
PED004986,10,10,2026-06-20 18:08:06,2026-06-22 21:26:47,51.3,0,CEDI Barranquilla,Barranquilla,TCC,KMS65060836,10890,2026-06-23 04:08:06,Entregado,2026-06-22 21:26:47,True,1.0,2.137974537037037,True
PED004987,10,10,2026-06-24 23:32:24,2026-06-26 03:14:32,27.7,0,CEDI Cali,Cali,Coordinadora,KMS18752702,18900,2026-06-26 16:32:24,Entregado,2026-06-26 03:14:32,True,1.0,1.1542592592592593,True
PED004988,10,10,2026-05-19 02:47:04,2026-05-20 03:53:19,25.11,0,CEDI Bogotá,Bogotá D.C.,Envia,KMS10812636,8900,2026-05-20 18:47:04,Entregado,2026-05-20 03:53:19,True,1.0,1.0460069444444444,True
PED004989,10,10,2026-03-29 03:52:35,2026-03-30 22:52:09,43.0,0,CEDI Medellín,Medellín,Envia,KMS17694299,13900,2026-03-31 01:52:35,Entregado,2026-03-30 22:52:09,True,1.0,1.7913657407407408,True
PED004990,10,10,2026-01-03 17:09:58,2026-01-05 05:02:17,35.88,0,CEDI Pereira,Pereira,TCC,KMS50302111,17490,2026-01-05 19:09:58,Entregado,2026-01-05 05:02:17,True,1.0,1.4946643518518519,True
PED004991,10,10,2026-06-19 14:02:09,2026-06-21 02:55:58,36.89,0,CEDI Bucaramanga,Bucaramanga,Inter Rapidísimo,KMS68821997,15900,2026-06-21 18:02:09,Entregado,2026-06-21 02:55:58,True,1.0,1.5373726851851852,True
PED004992,10,10,2026-04-28 16:10:12,2026-04-30 16:30:13,48.34,1,CEDI Medellín,Medellín,Envia,KMS39713651,17490,2026-04-30 14:10:12,Entregado,2026-04-30 16:30:13,True,0.0,2.013900462962963,True
PED004993,10,10,2026-06-20 06:00:47,2026-06-21 10:36:56,28.6,0,CEDI Bogotá,Bogotá D.C.,Inter Rapidísimo,KMS95902609,11900,2026-06-21 22:00:47,Entregado,2026-06-21 10:36:56,True,1.0,1.1917708333333332,True
PED004994,10,10,2026-02-22 15:20:40,2026-02-24 00:19:47,33.0,1,CEDI Bogotá,Bogotá D.C.,TCC,KMS86524784,18900,2026-02-24 07:20:40,Entregado,2026-02-24 00:19:47,True,1.0,1.3743865740740742,True
PED004995,10,10,2026-01-14 02:32:24,2026-01-16 15:36:21,61.05,0,CEDI Cali,Cali,TCC,KMS14639904,15900,2026-01-16 02:32:24,Entregado,2026-01-16 15:36:21,True,0.0,2.5444097222222224,True
PED004996,10,10,2026-03-02 08:14:36,2026-03-04 11:11:05,50.95,0,CEDI Pereira,Pereira,Inter Rapidísimo,KMS36337561,9790,2026-03-04 10:14:36,Entregado,2026-03-04 11:11:05,True,0.0,2.1225578703703705,True
PED004997,10,10,2026-04-18 20:01:03,2026-04-20 10:45:20,38.739999999999995,0,CEDI Bogotá,Bogotá D.C.,Servientrega,KMS63522949,18900,2026-04-20 12:01:03,Entregado,2026-04-20 10:45:20,True,1.0,1.6140856481481483,True
PED004998,10,10,2026-01-07 04:08:57,2026-01-08 11:39:02,31.52,0,CEDI Medellín,Medellín,Coordinadora,KMS45272553,11900,2026-01-09 02:08:57,Entregado,2026-01-08 11:39:02,True,1.0,1.3125578703703704,True
PED004999,10,10,2026-04-18 23:06:18,2026-04-20 08:40:37,33.57,0,CEDI Medellín,Medellín,Envia,KMS13035754,13090,2026-04-20 14:06:18,Entregado,2026-04-20 08:40:37,True,1.0,1.3988310185185184,True
PED005000,10,10,2026-03-27 19:53:37,2026-03-29 08:43:42,36.83,0,CEDI Pereira,Pereira,TCC,KMS74218739,13900,2026-03-29 21:53:37,Entregado,2026-03-29 08:43:42,True,1.0,1.5347800925925925,True
